Annotator Name,Video Index,Video Language,Model Name,QueID,Question,AnsID,Answer,Question Fluency,Answer Fluency,Question Clarity,Answer Clarity,QA-Alignment,Question Mentorship,Answer-Mentorship
A,5,English,MultiAgent-LLMChunking,q2_v5,How important is it for researchers to stay updated with the latest developments in their field?,a2_v5,"It is extremely important for researchers to stay updated with the latest developments in their field. In the world of NLP, where advancements can be rapid and transformative, staying informed ensures that one remains competitive and relevant. As [PERSON_NAME] mentioned, being part of an NLP community involves continuous learning and adaptation. Keeping up with the latest research helps researchers to identify new trends, methodologies, and challenges, which can inspire innovative solutions and contributions to the field.",5,5,5,5,4,5,4
A,5,English,SingleAgent,q2_v5,How can students effectively showcase their profile and skills when applying for an NLP internship?,a2_v5,"Students can showcase their profile through repositories, projects, writing paragraphs about their interests, and reaching out to mentors or people in the industry.",5,5,5,5,4,5,4
A,5,English,DualAgent,q2_v5,Who are the key organizers and panelists involved in this mentorship session?,a2_v5,"The mentorship session is organized by [PERSON_NAME], [PERSON_NAME], [PERSON_NAME], [PERSON_NAME], [PERSON_NAME], and [PERSON_NAME]. The panelists for today’s session include [PERSON_NAME], [PERSON_NAME], [PERSON_NAME], [PERSON_NAME], and [PERSON_NAME].",5,5,5,5,5,1,1
A,5,English,RAG,q2_v5,Can you provide examples of previous interns that were successfully accepted by mentors?,a2_v5,"Examples of previous interns successfully accepted by mentors include:




1. A former intern at Medan who made significant progress in training a better model for semantic similarity in more Indian languages, improving upon previous capabilities.


2. An intern whose mentor tried to get them hired into an internship but was unsuccessful due to timing; however, this experience allowed the intern to expand their professional network when they met the mentor in person at a subsequent conference.",5,5,2,4,5,1,2
A,5,English,MultiAgent-LLMChunking,q6_v5,What are the challenges and benefits of hosting academic visitors versus interns in a nonprofit organization?,a6_v5,"In a nonprofit organization like Medan, hosting academic visitors and interns presents unique challenges and benefits. The primary challenge lies in the funding landscape, which can be unpredictable and less stable compared to larger industry players. Funding often arrives in waves, meaning that while there is typically a baseline level of support, additional opportunities can arise unexpectedly. This variability requires a certain degree of flexibility and adaptability.




Despite the challenges, hosting both visitors and interns can bring significant benefits. Academic visitors and interns alike can contribute to tangible results and innovation. For academic visitors, the opportunity to engage in real-world applications of their research can enhance their understanding and produce valuable insights. Interns, on the other hand, gain practical experience, which is crucial for their professional development. Both groups can also help in exploring ideas more deeply, with less time pressure than in an academic setting.




Moreover, hosting these individuals can foster a sense of community and collaboration within the organization, leading to a richer environment for learning and innovation. By keeping lines of communication open and clearly articulating the reasons for seeking interns or visitors, potential opportunities can be identified and developed over time. This proactive approach can lead to successful placements and contributions that align well with the organization’s goals.",5,5,5,5,5,4,5
A,5,English,SingleAgent,q6_v5,How should students approach professors for recommendations or mentorship regarding internships?,a6_v5,Students should demonstrate their interests and skillset connecting with the professor’s work and express willingness to collaborate or learn more about the research.,4,5,5,5,4,5,4
A,5,English,DualAgent,q6_v5,What are the benefits of determining one’s internship objectives early and how might this affect their learning experience?,a6_v5,"Determining one’s internship objectives early allows individuals to maximize their learning experience by focusing on areas that align with their career aspirations. The speaker emphasized that having clear goals helps interns engage more deeply with relevant projects, leading to greater satisfaction and more significant contributions. This approach ensures that interns receive the most valuable exposure and skills development tailored to their future career paths.",5,5,5,5,5,5,4
A,5,English,RAG,q6_v5,What should students consider when deciding between academic and industry internships?,a6_v5,"Students should consider the purpose of the internship, whether they aim to explore a specific field, improve their publication profile, or seek an industrial position. The clarity of future career goals in academia or industry can guide the decision. Given the blurring lines between academic and industrial research internships, it's beneficial to discuss options with mentors or professors. Opportunities should be evaluated comprehensively before making a choice.",5,5,5,5,4,5,4
A,5,English,MultiAgent-LLMChunking,q7_v5,"In what ways can interns contribute tangibly to an organization, even in a short-term capacity?",a7_v5,"In a short-term capacity, interns can contribute tangibly to an organization by exploring projects in greater depth than they might in a fast-paced academic environment. This allows them to focus on specific areas without the immediate pressure of time constraints. Additionally, interns can assist in bringing ideas to life by collaborating closely with the team to produce tangible results that can be shared with real users. Even in a nonprofit setting like Medan, where funding can be unpredictable, interns can help by identifying opportunities for growth and innovation. By understanding the organization's goals and aligning their own interests, interns can contribute effectively and increase their chances of securing future opportunities within the organization.",5,5,5,5,5,5,5
A,5,English,SingleAgent,q7_v5,What are some common misconceptions about the requirements for securing an NLP internship?,a7_v5,"Common misconceptions include the belief that one must have a top-tier publication or a PhD to get an internship; instead, fit, passion, and relevant experience are more important.",5,5,5,5,4,2,2
A,5,English,DualAgent,q7_v5,How can you identify the right internship opportunity according to the speaker?,a7_v5,"According to the speaker, identifying the right internship opportunity involves clearly understanding your own goals and interests, and why a particular organization is of interest. This allows you to stay connected with internship coordinators or relevant personnel who can inform you about opportunities. Even if an immediate position isn't available, this approach can lead to future opportunities.",5,5,5,5,5,5,4
A,5,English,RAG,q7_v5,How can one demonstrate fit and interest to potential internship hosts?,a7_v5,"One can demonstrate fit and interest to potential internship hosts by showing why they believe they are a good match, highlighting specific skills and explaining how these align with the internship's needs. This approach reduces the burden on the host to figure out if the applicant's skills match the available opportunities, thereby increasing the chances of being selected.",5,5,5,5,5,5,4
A,6,English,MultiAgent-LLMChunking,q1_v6,Can you provide examples of how having better GPU resources can benefit NLP research and development?,a1_v6,"Response:


NLP research and development can greatly benefit from having better GPU resources. With superior GPU capabilities, researchers at MBZ UAI can handle more complex models and larger datasets, which is essential for tasks like training deep learning models for natural language understanding. This allows for advancements in areas such as machine translation, sentiment analysis, and text generation, leading to more accurate and sophisticated AI applications. Additionally, enhanced computational power means faster processing times, enabling iterative experimentation and quicker turnaround for research projects. Having access to state-of-the-art GPUs also facilitates cutting-edge research, potentially attracting top talent and fostering innovation within the field.",5,5,5,5,5,4,4
A,6,English,SingleAgent,q1_v6,What are the key challenges in doing NLP research on a budget?,a1_v6,"The key challenges include limited access to GPU servers, restricted resources for computing infrastructure, and financial constraints that limit attendance at conferences and collaboration opportunities.",5,5,5,5,4,4,4
A,6,English,DualAgent,q1_v6,In what format will the mentorship program session proceed today?,a1_v6,"The session will begin with each mentor introducing themselves and their research, followed by a starter question relevant to the topic. Each speaker will speak for approximately five to six minutes, after which the audience will have the opportunity to ask questions.",5,5,5,5,5,1,1
A,6,English,RAG,q1_v6,What strategies have mentors used to adapt their research when facing limited computational resources?,a1_v6,"Mentors have adapted their research strategies by focusing on publishing surveys and position papers to leverage previously done work, collaborating in applied areas like education to develop systems with more accessible computational needs, and embracing virtual formats to continue networking and publishing during budget constraints. Some also emphasized leveraging data engineering approaches rather than relying solely on algorithmic or hardware improvements to manage computational resource limitations effectively.",5,5,5,5,5,5,5
A,6,English,MultiAgent-LLMChunking,q3_v6,How does the Q&A session benefit both mentors and students during these sessions?,a3_v6,"Benefit for Mentors:


In the Q&A session, mentors gain insights into the specific challenges and curiosities of the students. This direct interaction allows mentors to tailor their advice more effectively, addressing the unique needs and goals of each participant. Furthermore, it provides mentors with feedback on their presentations, helping them refine their mentoring strategies and content delivery.




Benefit for Students:


For students, the Q&A session is invaluable as it offers them the chance to clarify doubts, deepen their understanding of complex topics, and receive personalized guidance. It fosters a collaborative learning environment where students can voice their concerns and learn from their peers' queries too. This interaction enhances engagement and ensures that the knowledge shared is truly absorbed and applied in practical scenarios.",4,5,4,5,5,2,4
A,6,English,SingleAgent,q3_v6,What is the significance of ACL's efforts to provide access to GPUs for researchers on a budget?,a3_v6,"ACL’s initiatives aim to reduce barriers for researchers who do not have access to significant computing resources, promoting equitable participation and innovation in the NLP community.",5,5,5,5,5,4,4
A,6,English,DualAgent,q3_v6,What is the purpose of the Q&A session mentioned in the transcript?,a3_v6,"The purpose of the Q&A session is to allow participants to ask questions during the session, as explicitly stated by the speaker who mentions ""Also feel free to unmute yourself and ask questions when we reach the Q&A session.""",5,5,5,5,5,1,1
A,6,English,RAG,q3_v6,What are the most effective ways to incorporate human annotation into NLP projects on a budget?,a3_v6,"The most effective ways to incorporate human annotation into NLP projects on a budget include ensuring a more representative set of annotators by considering demographic and cultural backgrounds. This helps capture diverse perspectives in the data annotations. Additionally, researchers should explore methods to evaluate and validate annotations from crowdsourcing platforms to maintain quality within financial constraints.",5,5,5,5,5,4,5
A,6,English,MultiAgent-LLMChunking,q4_v6,What distinguishes higher-impact papers from average modeling papers in NLP?,a4_v6,"In NLP, higher-impact papers typically differ from average modeling papers by focusing on evaluation, resources, insights, or introducing new tasks rather than just presenting models. Evaluation and resource papers often receive more citations because they provide tools or methodologies that others can use, while new task papers introduce challenges that drive further research. These types of papers tend to have a longer-lasting influence compared to modeling papers, which usually have a shorter citation half-life.",5,5,5,5,5,4,5
A,6,English,SingleAgent,q4_v6,How does the misconception about the necessity of GPU-intensive research impact the NLP community?,a4_v6,"The misconception leads to an overemphasis on modeling and GPU-heavy research, potentially overshadowing more impactful work like evaluation papers and resource papers.",5,5,5,5,4,4,2
A,6,English,DualAgent,q4_v6,Who was given the opportunity to respond first according to the transcript?,a4_v6,"[PERSON_NAME] was given the opportunity to respond first, as noted by the speaker who says, ""So I'll let [PERSON_NAME] go first.""",5,5,5,5,5,1,1
A,6,English,RAG,q4_v6,Can you provide examples of impactful NLP research that achieved significant results without substantial computational resources?,a4_v6,"Examples of impactful NLP research that achieved significant results without substantial computational resources include:




1. Literature surveys focused on evaluating and improving methodologies in Machine Translation (MT), such as the one mentioned that received an outstanding paper award with minimal computational requirements.


2. Efficient NLP initiatives that support approaches requiring fewer computational resources, favoring software over heavy reliance on hardware.


3. Research that emphasizes more efficient tokenization strategies, demonstrating green credentials in NLP through reduced computational needs.",5,5,5,5,5,4,5
A,12,English,MultiAgent-LLMChunking,q4_v12,"In the context of catching up on literature for a new project, what role does Google Scholar play, and how can it be used effectively alongside other resources?",a4_v12,"""In the context of catching up on literature for a new project, Google Scholar serves as a pivotal resource, akin to a trusted companion for researchers embarking on a new domain. It acts as a gateway to the vast repository of scholarly articles, offering a systematic way to explore and understand the foundational and cutting-edge research within a specific area of interest. Here’s how Google Scholar can be used effectively alongside other resources:




1. Keyword Search: Begin by using Google Scholar for keyword searches related to your topic of interest. This initial step helps in identifying seminal works that form the bedrock of the field.




2. Cited References: Once you have identified key papers, delve into their cited references. This backward citation tracking is crucial for understanding the lineage of ideas and how current research builds upon previous studies.




3. Forward Citation Tracking: Conversely, exploring papers that cite the ones you find interesting can provide insights into ongoing developments and emerging trends in the field.




4. Highly Cited Papers: Prioritize reading papers that are highly cited, as they often represent influential contributions that have had a significant impact on the field.




5. Workshops and Conferences: While using Google Scholar, keep an eye on papers presented at workshops and conferences, as these often highlight emerging topics and methodologies.




6. Networking: Engage with authors and experts in the field by reaching out via conferences or workshops. Personal interactions can provide unique perspectives and direct recommendations that might not be found in formal publications.




By leveraging Google Scholar in conjunction with these strategies, one can effectively navigate the academic landscape, ensuring a comprehensive and nuanced understanding of the subject matter. This approach not only aids in staying updated with the latest research but also fosters a deeper engagement with the academic community.""",5,5,5,5,5,5,5
A,12,English,SingleAgent,q4_v12,How can one determine if a paper is of high quality and not just average?,a4_v12,"A good quality paper is relevant to the reader's interests, is well-evaluated, and contains interesting or novel findings. Reading with a critical eye and discussing with peers can also help discern the quality of a paper.",5,5,5,5,4,5,4
A,12,English,DualAgent,q4_v12,What was Dr. [PERSON_NAME]'s doctoral thesis topic?,a4_v12,Dr. [PERSON_NAME]'s doctoral thesis was on the demographics and their effect on natural language processing tasks.,5,5,5,5,5,2,2
A,12,English,RAG,q4_v12,What percentage of the papers you read are deeply analyzed versus quickly scanned?,a4_v12,"The speaker estimates that between 20 to 50% of their time spent reading papers is dedicated to deep analysis, while the remaining time is used for quick scanning.",5,5,4,5,5,2,4
A,12,English,MultiAgent-LLMChunking,q5_v12,What strategies can researchers employ to ensure they are contributing meaningfully to the field of large language models without simply following popular trends?,a5_v12,"""Researchers aiming to contribute meaningfully to the field of large language models (LLMs) while avoiding the pitfalls of chasing popular trends should consider several strategic approaches:




1. Identify Niche Areas: Recognize that the field is vast, and not every researcher needs to focus on the latest, most hyped models. By identifying specific niches or underexplored areas within LLMs, researchers can carve out unique contributions.




2. Understand Limitations: Given the industry dominance and resource constraints, researchers should critically examine the limitations of existing LLMs. This includes understanding biases, ethical considerations, and practical applications.




3. Focus on Analysis and Application: Since much of the current research is driven by the ability to analyze and apply LLMs, researchers can focus on these aspects to offer valuable insights. Analyzing the biases and errors in LLMs can lead to more robust and ethically sound models.




4. Stay Informed but Not Focused Solely on Trends: While staying informed about the latest developments is crucial, researchers should not let themselves be swayed by fleeting trends. Keeping an eye on foundational and long-term impacts rather than short-term hype can lead to more enduring contributions.




5. Engage with Academic and Industry Perspectives: Balancing academic research with industry insights can provide a comprehensive view of the field. Academics can offer theoretical depth, while industry experts bring real-world applicability and constraints.




By employing these strategies, researchers can ensure their contributions are meaningful and impactful, fostering advancements that go beyond mere trend-following.""",5,5,5,5,5,5,5
A,12,English,SingleAgent,q5_v12,What are some methods for catching up on the literature in a new domain of interest?,a5_v12,"Methods include using Google Scholar, ACL Anthology, and keyword searches; starting with highly cited papers and following backward and forward citations; exploring workshops and keynotes; and networking with experts in the field.",5,5,5,5,4,5,4
A,12,English,DualAgent,q5_v12,In what way does the speaker suggest maintaining a broad overview when researching cutting-edge topics like large language models?,a5_v12,"The speaker suggests adopting a ""shotgun"" approach, where one reads a large number of papers superficially rather than delving deeply into fewer of them. This method allows researchers to stay informed about a wide range of topics within the field, given the rapid pace of research and the impossibility of comprehensively understanding every paper.",5,5,5,5,5,5,5
A,12,English,RAG,q5_v12,How do you prioritize which papers to read when there are too many to choose from?,a5_v12,"To prioritize papers when there are too many to choose from, one effective strategy is to categorize them into two groups: those that require a careful and in-depth reading versus those that can be skimmed through initially. This approach helps manage the vast number of publications, especially in rapidly evolving fields like large language models and their associated biases. By focusing on papers that are directly relevant and contribute to your specific research goals, you can ensure that your efforts are directed towards the most impactful and relevant literature. Additionally, maintaining a consistent habit of reviewing a broad range of papers, even if only superficially, can help mitigate the ""fear of missing out"" and keep you informed about the latest developments in your field.",5,5,5,5,5,5,5
A,12,English,MultiAgent-LLMChunking,q6_v12,"How should one handle non-traditional forms of scholarly work, such as blog posts or Twitter threads, when determining what constitutes ""state of the art"" in a given field?",a6_v12,"""When dealing with non-traditional forms of scholarly work like blog posts or Twitter threads, one must approach them critically while acknowledging their potential value. These formats can offer insights and preliminary ideas that contribute to the field, but they may lack the rigorous peer review process typical of traditional academic publications. Here are some strategies:




1. Cite When Appropriate: If the work provides substantial contributions or references that are directly relevant to your research, it might be appropriate to cite it, noting its format. This acknowledges the work’s importance while maintaining academic standards.




2. Evaluate the Source: Assess the credibility and expertise of the author. Are they established in the field? Do they have a history of reliable contributions?




3. Cross-reference: Compare the claims made in non-traditional sources with findings in traditional academic papers. This helps validate the information and understand its significance within the broader context of the field.




4. Stay Informed: Recognize that the academic landscape is evolving, and non-traditional formats are becoming more accepted. Keeping up with these formats can provide timely insights that might not yet be formalized in traditional publications.




5. Engage with the Community: Participate in discussions and forums where such works are shared. Engaging with the authors and other researchers can provide deeper understanding and context.




By adopting these practices, one can effectively integrate non-traditional scholarly works into their research without compromising the integrity of their academic contributions.""",5,5,5,5,5,5,5
A,12,English,SingleAgent,q6_v12,How can researchers stay updated on the latest developments in large language models?,a6_v12,"Researchers can monitor conferences, keynotes, and papers focused on bias and large language models. Additionally, following relevant research groups and engaging in discussions can provide timely updates.",5,5,5,5,4,5,4
A,12,English,DualAgent,q6_v12,"What types of research does the speaker focus on, particularly in relation to large language models?",a6_v12,"The speaker focuses on large language models, with an emphasis on security, privacy, and robustness. They also work on diverse areas such as text-to-SQL conversion, code generation for visualizations using libraries like matplotlib, and even non-traditional topics like board games, reflecting a broad and interdisciplinary approach to research.",5,5,5,5,5,4,4
A,12,English,RAG,q6_v12,What tools or methods do you recommend for organizing and referencing papers effectively?,a6_v12,"For organizing and referencing papers effectively, the speaker recommends using Google Scholar and the ACL anthology as primary resources. A useful method involves keyword searches related to the topic of interest, focusing initially on highly cited papers. From there, exploring references both backward and forward can help uncover relevant works. This approach aids in pruning the vast amount of literature and focusing on what truly contributes to the research goals.",5,5,5,5,5,5,5
A,21,English,MultiAgent-LLMChunking,q1_v21,Can you provide examples of keyword logic setups for advanced searches on ACL Anthology using Google Scholar?,a1_v21,"Sure, here are some examples of keyword logic setups for advanced searches on ACL Anthology using Google Scholar:




1. Specific Author and Year: ""site:ACLanthology.org [PERSON_NAME] 2021"" - This will find all articles by [PERSON_NAME] published in 2021 on ACL Anthology.




2. Topic and Specific Author: ""site:ACLanthology.org natural language processing Peter Norvig"" - This targets papers discussing natural language processing written by Peter Norvig.




3. Excluding Keywords: ""site:ACLanthology.org -survey machine learning"" - This excludes any document containing the word ""survey"" from the results related to machine learning.




4. Multiple Topics: ""site:ACLanthology.org (machine learning OR deep learning) AND (NLP OR NLU)"" - This searches for documents that discuss either machine learning or deep learning in the context of natural language processing or natural language understanding.




5. Date Range: ""site:ACLanthology.org 2015-2020"" - This retrieves documents published between 2015 and 2020 on ACL Anthology.




These setups help refine searches to focus on specific interests or requirements within ACL Anthology.",5,5,5,5,5,5,5
A,21,English,SingleAgent,q1_v21,"When conducting a literature review, how can you determine the appropriate stopping point?",a1_v21,You should stop when the papers you are reading no longer provide direct relevance to your current research project or are not necessary for executing your project.,5,5,5,5,4,4,4
A,21,English,DualAgent,q1_v21,Who are the speakers participating in this ACL Year-Round Mentorship session on doing a literature review?,a1_v21,"The speakers participating in the session are [PERSON_NAME] from Georgia Tech, [PERSON_NAME] from the University of Washington, the speaker themselves from the Max Planck Institute at ETH, and [PERSON_NAME] from the University of Michigan.",5,5,4,5,5,1,1
A,21,English,RAG,q1_v21,What are effective strategies for determining when to stop a literature review?,a1_v21,"Effective strategies for determining when to stop a literature review include considering the relevance of the material to your specific project goals, deciding whether the information is directly useful and necessary for your execution, and evaluating whether you plan to cite or discuss the paper in your own work. It's important to be mindful of the necessity of the papers for your research and to recognize when additional reading would no longer significantly contribute to your understanding or project.",5,5,5,5,4,4,5
A,21,English,MultiAgent-LLMChunking,q2_v21,What challenges might one face when conducting a comprehensive literature review?,a2_v21,"When embarking on a comprehensive literature review, several challenges can arise. First, the vast amount of information available can be overwhelming, making it difficult to identify relevant studies amidst a sea of unrelated data. Second, the fast-paced nature of research means that new studies are continuously published, requiring ongoing updates to stay current. Third, understanding and synthesizing diverse methodologies across different studies can be complex, especially if there is a lack of consistency in approach. Lastly, the task of maintaining objectivity and avoiding bias as you review and evaluate the literature can be challenging, necessitating rigorous critical thinking skills.",5,5,5,5,5,5,5
A,21,English,SingleAgent,q2_v21,Why is it important to narrow down the topic when conducting a literature review?,a2_v21,"Narrowing down the topic helps avoid feeling overwhelmed and ensures that you read more targeted and relevant papers, rather than a broad range of papers that are not directly applicable.",5,5,4,5,4,5,4
A,21,English,DualAgent,q2_v21,What is the primary topic of discussion for this particular session of the ACL Year-Round Mentorship?,a2_v21,The primary topic of discussion for this session is how to conduct a literature review effectively.,5,5,5,5,5,1,1
A,21,English,RAG,q2_v21,How can one efficiently narrow down the scope of a literature review topic?,a2_v21,"One can efficiently narrow down the scope of a literature review topic by focusing on targeted areas of interest rather than reading broadly across all papers. It's advisable to formulate an initial idea about the topic before conducting extensive searches, which helps in avoiding reading an overwhelming number of papers. This targeted approach ensures that the literature review remains focused and aligned with the specific objectives, whether it's learning about a new topic or deciding on a research direction.",5,5,5,5,4,5,4
A,21,English,MultiAgent-LLMChunking,q5_v21,How can one perform advanced searches on ACL Anthology using Google Scholar effectively?,a5_v21,"To perform advanced searches on ACL Anthology using Google Scholar effectively, one can utilize specific search operators and filters. For instance, using the site: operator allows you to search within the ACL Anthology domain by typing site:ACLanthology.org followed by your keywords. This narrows down the search results to only those documents hosted on ACL Anthology, enhancing the relevance of the search outcomes. Additionally, leveraging Google Scholar’s standard search features such as author names, publication years, and specific terms can further refine your search. By combining these methods, users can achieve more targeted and effective searches on ACL Anthology through Google Scholar.",5,5,5,5,4,5,4
A,21,English,SingleAgent,q5_v21,What is the importance of citing published versions of papers in literature reviews?,a5_v21,Citing published versions helps maintain academic integrity and ensures that you are accurately representing the work that has already been peer-reviewed and officially published.,5,5,5,5,4,5,4
A,21,English,DualAgent,q5_v21,How does [PERSON_NAME]’s research group at Georgia Tech contribute to the field of natural language processing (NLP)?,a5_v21,"[PERSON_NAME]’s research group at Georgia Tech focuses on interdisciplinary applications of NLP, including social media analysis, text accessibility, privacy preservation, multilingual and cross-lingual capabilities of large language models, robustness testing, temporal shifts, and text generation, including generative AI, its quality evaluation, and personalization to meet various styles.",5,5,5,5,5,3,4
A,21,English,RAG,q5_v21,Can you provide examples of useful tools for filtering and organizing papers during a literature review?,a5_v21,"Examples of useful tools for filtering and organizing papers during a literature review include:




1. Survey papers - These are particularly helpful when starting a new subject or topic as they provide a comprehensive overview.


2. Reference managers - Tools like Zotero help in keeping track of all gathered and read papers.


3. Checking for published versions - If finding papers on archives, it's advisable to check if they have been published elsewhere and cite the published version.


4. Willful ignorance - Having a certain amount of willful ignorance helps in not getting overwhelmed by too many papers, allowing focused work.",5,5,5,5,5,5,5
A,28,English,MultiAgent-LLMChunking,q2_v28,What are vision language models and why are they significant?,a2_v28,"Answer:


Vision language models are important tools that help computers understand images by connecting what they see (vision) with what they can describe or understand in text (language). They are significant because they allow machines to interpret and generate descriptions of visual content, which can be used in various applications like image search, medical imaging analysis, and autonomous vehicles. These models play a crucial role in advancing artificial intelligence by bridging the gap between visual data and natural language processing.",5,5,5,5,5,5,5
A,28,English,SingleAgent,q2_v28,How can one effectively utilize internships to prepare for a career in industry research?,a2_v28,"Internships provide a sense of how research operates in an industry setting, differing in norms, expectations, and pace compared to academia. They also allow choosing research projects with some industry relevance and understanding the varied nature of companies focused on different aspects of research.",5,5,5,5,4,5,4
A,28,English,DualAgent,q2_v28,Who are the organizers and co-organizers of the current ACL mentorship session?,a2_v28,"The organizers of the current ACL mentorship session are [PERSON_NAME] and the speaker (both in person), along with co-organizers [PERSON_NAME], [PERSON_NAME], and others joining via Zoom.",5,5,5,4,5,1,1
A,28,English,RAG,q2_v28,How can one effectively balance research interests in computational social science and NLP?,a2_v28,"To effectively balance research interests in computational social science (CSS) and natural language processing (NLP), one should consider contributing methodological papers to NLP venues while also publishing social science insights in CSS venues. This dual approach ensures that both fields benefit from the interdisciplinary work, allowing for more comprehensive vetting and strengthening of the research. By doing so, researchers can make meaningful contributions to both areas without losing focus on either, thereby maintaining a balanced and impactful academic career.",5,5,5,5,5,4,4
A,28,English,MultiAgent-LLMChunking,q4_v28,"What specific challenges did you face during your transition from academia to industry, and how did you overcome them?",a4_v28,"Challenges and Overcoming Them:




During the transition from academia to industry, several specific challenges can arise. One common issue is the shift in focus from theoretical research to practical application. Academia often emphasizes the discovery of new knowledge and the publication of results, whereas industry focuses more on solving real-world problems and developing products or services. To overcome this, it's crucial to build a strong network within the industry to understand the needs and challenges faced by companies. Engaging in internships or short-term projects can also provide practical experience and insights into industry standards and processes.




Another challenge is adapting to different work environments and cultures. Academia operates under a different set of norms and expectations compared to industry. To address this, continuous learning and self-development are key. This includes staying updated with the latest technologies and methodologies used in industry, as well as understanding the organizational structure and decision-making processes in various companies.




Lastly, managing time effectively is essential. Academia typically involves a more flexible schedule with fewer interruptions, while industry requires meeting deadlines and handling multiple tasks simultaneously. Developing time management skills and prioritizing tasks can help bridge this gap.",5,5,5,5,5,5,5
A,28,English,SingleAgent,q4_v28,How can one best handle a situation where they have a true interest in a topic different from the one they initially focused on for their PhD application?,a4_v28,"It is advisable to do some additional work on the new topic, even if it means pivoting your research statement. This demonstrates initiative and passion, which can be beneficial for admission committees.",5,5,5,5,4,5,4
A,28,English,DualAgent,q4_v28,How did [PERSON_NAME] participate in the current session despite her circumstances?,a4_v28,"[PERSON_NAME] participated in the session from the airport by using Zoom, even though she was likely preparing to depart, showing her support and commitment to the mentoring event.",5,5,4,5,5,1,1
A,28,English,RAG,q4_v28,What are the primary differences between academic and industrial research career paths?,a4_v28,"The primary differences between academic and industrial research career paths lie in their focus, expectations, and pace. Academic research often centers on theoretical inquiries and long-term impacts, with a focus on publishing and contributing to the broader academic community. Industrial research, on the other hand, tends to prioritize practical applications and immediate results, aligning with market demands and business goals. Additionally, academic researchers typically work within slower-paced environments where projects can span several years, whereas industrial researchers must adapt to faster timelines and frequently changing priorities. Moreover, transitioning from academia to industry involves adapting to new expectations and norms, including different forms of collaboration and project management. Lastly, those pursuing industrial research may need to plan more strategically early in their careers to prepare for industry roles, unlike in fields like computer science where industry positions are more readily available for PhD graduates with specific expertise.",5,5,5,5,5,4,4
A,28,English,MultiAgent-LLMChunking,q5_v28,What advice would you give to someone aiming for a full professor position at a university?,a5_v28,"Advice for Aspiring Full Professors:




Firstly, it's crucial to establish a strong foundation in your field through rigorous research. This involves working on innovative projects, especially those that are pioneering in nature, such as the early development of multimodal AI models. Multimodal AI research, which integrates data from various sources like text, images, and sounds, has been a significant area of focus in your work.




Secondly, building collaborations with industries and companies can greatly enhance your academic profile. Industry consulting not only provides practical experience but also opens doors to interdisciplinary research opportunities.




Lastly, continuously improving and evaluating your work is essential. For instance, focusing on the unification of multimodal generative models and assessing their skills and biases can set you apart in the academic community. This shows a commitment to advancing knowledge and addressing potential issues within the field.",5,4,5,4,4,5,4
A,28,English,SingleAgent,q5_v28,What advice would you give to someone who wants to avoid working exclusively on large language models for their PhD research?,a5_v28,"Focus on low-resource languages, which offers significant opportunities and is less competitive. This can align with broader needs in the community and open up various funding and mentorship opportunities.",5,5,5,5,2,5,2
A,28,English,DualAgent,q5_v28,What is the primary focus of [PERSON_NAME]'s research at Google?,a5_v28,"[PERSON_NAME] focuses on examining how social disparities such as those related to race and gender are reflected in AI, ML, NLP models and how these disparities can be mitigated. His work emphasizes the importance of considering cross-cultural and global perspectives in the development of responsible AI and its ethical implications.",5,5,5,5,5,2,4
A,28,English,RAG,q5_v28,How important is it for PhD students to pursue internships during their studies?,a5_v28,"It is quite important for PhD students to pursue internships during their studies. Starting from the second year onwards, doing one or two internships can provide valuable insight into how industry research operates. This experience helps in understanding the differences in norms, expectations, and pace between academia and industry. Internships also allow PhD students to choose research projects with some industry relevance, which can be challenging to predict several years in advance. Engaging in internships can help in identifying whether one enjoys industry work and can provide essential practical skills and insights that are beneficial for future career paths. Therefore, participating in internships is highly recommended for PhD students.",5,5,5,5,5,5,5
B,5,English,MultiAgent-LLMChunking,q2_v5,How important is it for researchers to stay updated with the latest developments in their field?,a2_v5,"It is extremely important for researchers to stay updated with the latest developments in their field. In the world of NLP, where advancements can be rapid and transformative, staying informed ensures that one remains competitive and relevant. As [PERSON_NAME] mentioned, being part of an NLP community involves continuous learning and adaptation. Keeping up with the latest research helps researchers to identify new trends, methodologies, and challenges, which can inspire innovative solutions and contributions to the field.",5,5,5,5,5,5,5
B,5,English,DualAgent,q6_v5,What are the benefits of determining one’s internship objectives early and how might this affect their learning experience?,a6_v5,"Determining one’s internship objectives early allows individuals to maximize their learning experience by focusing on areas that align with their career aspirations. The speaker emphasized that having clear goals helps interns engage more deeply with relevant projects, leading to greater satisfaction and more significant contributions. This approach ensures that interns receive the most valuable exposure and skills development tailored to their future career paths.",5,5,5,5,5,5,5
B,5,English,RAG,q7_v5,How can one demonstrate fit and interest to potential internship hosts?,a7_v5,"One can demonstrate fit and interest to potential internship hosts by showing why they believe they are a good match, highlighting specific skills and explaining how these align with the internship's needs. This approach reduces the burden on the host to figure out if the applicant's skills match the available opportunities, thereby increasing the chances of being selected.",5,5,5,5,5,5,5
B,6,English,MultiAgent-LLMChunking,q1_v6,Can you provide examples of how having better GPU resources can benefit NLP research and development?,a1_v6,"Response:


NLP research and development can greatly benefit from having better GPU resources. With superior GPU capabilities, researchers at MBZ UAI can handle more complex models and larger datasets, which is essential for tasks like training deep learning models for natural language understanding. This allows for advancements in areas such as machine translation, sentiment analysis, and text generation, leading to more accurate and sophisticated AI applications. Additionally, enhanced computational power means faster processing times, enabling iterative experimentation and quicker turnaround for research projects. Having access to state-of-the-art GPUs also facilitates cutting-edge research, potentially attracting top talent and fostering innovation within the field.",5,5,5,5,5,5,5
B,6,English,MultiAgent-LLMChunking,q3_v6,How does the Q&A session benefit both mentors and students during these sessions?,a3_v6,"Benefit for Mentors:


In the Q&A session, mentors gain insights into the specific challenges and curiosities of the students. This direct interaction allows mentors to tailor their advice more effectively, addressing the unique needs and goals of each participant. Furthermore, it provides mentors with feedback on their presentations, helping them refine their mentoring strategies and content delivery.




Benefit for Students:


For students, the Q&A session is invaluable as it offers them the chance to clarify doubts, deepen their understanding of complex topics, and receive personalized guidance. It fosters a collaborative learning environment where students can voice their concerns and learn from their peers' queries too. This interaction enhances engagement and ensures that the knowledge shared is truly absorbed and applied in practical scenarios.",5,5,5,5,5,5,5
B,12,English,MultiAgent-LLMChunking,q5_v12,What strategies can researchers employ to ensure they are contributing meaningfully to the field of large language models without simply following popular trends?,a5_v12,"""Researchers aiming to contribute meaningfully to the field of large language models (LLMs) while avoiding the pitfalls of chasing popular trends should consider several strategic approaches:




1. Identify Niche Areas: Recognize that the field is vast, and not every researcher needs to focus on the latest, most hyped models. By identifying specific niches or underexplored areas within LLMs, researchers can carve out unique contributions.




2. Understand Limitations: Given the industry dominance and resource constraints, researchers should critically examine the limitations of existing LLMs. This includes understanding biases, ethical considerations, and practical applications.




3. Focus on Analysis and Application: Since much of the current research is driven by the ability to analyze and apply LLMs, researchers can focus on these aspects to offer valuable insights. Analyzing the biases and errors in LLMs can lead to more robust and ethically sound models.




4. Stay Informed but Not Focused Solely on Trends: While staying informed about the latest developments is crucial, researchers should not let themselves be swayed by fleeting trends. Keeping an eye on foundational and long-term impacts rather than short-term hype can lead to more enduring contributions.




5. Engage with Academic and Industry Perspectives: Balancing academic research with industry insights can provide a comprehensive view of the field. Academics can offer theoretical depth, while industry experts bring real-world applicability and constraints.




By employing these strategies, researchers can ensure their contributions are meaningful and impactful, fostering advancements that go beyond mere trend-following.""",5,5,5,5,5,5,5
B,12,English,RAG,q5_v12,How do you prioritize which papers to read when there are too many to choose from?,a5_v12,"To prioritize papers when there are too many to choose from, one effective strategy is to categorize them into two groups: those that require a careful and in-depth reading versus those that can be skimmed through initially. This approach helps manage the vast number of publications, especially in rapidly evolving fields like large language models and their associated biases. By focusing on papers that are directly relevant and contribute to your specific research goals, you can ensure that your efforts are directed towards the most impactful and relevant literature. Additionally, maintaining a consistent habit of reviewing a broad range of papers, even if only superficially, can help mitigate the ""fear of missing out"" and keep you informed about the latest developments in your field.",5,5,5,5,5,5,5
B,21,English,RAG,q1_v21,What are effective strategies for determining when to stop a literature review?,a1_v21,"Effective strategies for determining when to stop a literature review include considering the relevance of the material to your specific project goals, deciding whether the information is directly useful and necessary for your execution, and evaluating whether you plan to cite or discuss the paper in your own work. It's important to be mindful of the necessity of the papers for your research and to recognize when additional reading would no longer significantly contribute to your understanding or project.",5,5,5,5,5,5,5
B,28,English,MultiAgent-LLMChunking,q4_v28,"What specific challenges did you face during your transition from academia to industry, and how did you overcome them?",a4_v28,"Challenges and Overcoming Them:




During the transition from academia to industry, several specific challenges can arise. One common issue is the shift in focus from theoretical research to practical application. Academia often emphasizes the discovery of new knowledge and the publication of results, whereas industry focuses more on solving real-world problems and developing products or services. To overcome this, it's crucial to build a strong network within the industry to understand the needs and challenges faced by companies. Engaging in internships or short-term projects can also provide practical experience and insights into industry standards and processes.




Another challenge is adapting to different work environments and cultures. Academia operates under a different set of norms and expectations compared to industry. To address this, continuous learning and self-development are key. This includes staying updated with the latest technologies and methodologies used in industry, as well as understanding the organizational structure and decision-making processes in various companies.




Lastly, managing time effectively is essential. Academia typically involves a more flexible schedule with fewer interruptions, while industry requires meeting deadlines and handling multiple tasks simultaneously. Developing time management skills and prioritizing tasks can help bridge this gap.",5,5,5,5,5,5,5
B,5,English,SingleAgent,q2_v5,How can students effectively showcase their profile and skills when applying for an NLP internship?,a2_v5,"Students can showcase their profile through repositories, projects, writing paragraphs about their interests, and reaching out to mentors or people in the industry.",5,5,5,4,4,5,4
B,12,English,SingleAgent,q4_v12,How can one determine if a paper is of high quality and not just average?,a4_v12,"A good quality paper is relevant to the reader's interests, is well-evaluated, and contains interesting or novel findings. Reading with a critical eye and discussing with peers can also help discern the quality of a paper.",5,5,5,5,5,5,4
B,12,English,SingleAgent,q6_v12,How can researchers stay updated on the latest developments in large language models?,a6_v12,"Researchers can monitor conferences, keynotes, and papers focused on bias and large language models. Additionally, following relevant research groups and engaging in discussions can provide timely updates.",5,5,5,4,5,5,4
B,21,English,MultiAgent-LLMChunking,q2_v21,What challenges might one face when conducting a comprehensive literature review?,a2_v21,"When embarking on a comprehensive literature review, several challenges can arise. First, the vast amount of information available can be overwhelming, making it difficult to identify relevant studies amidst a sea of unrelated data. Second, the fast-paced nature of research means that new studies are continuously published, requiring ongoing updates to stay current. Third, understanding and synthesizing diverse methodologies across different studies can be complex, especially if there is a lack of consistency in approach. Lastly, the task of maintaining objectivity and avoiding bias as you review and evaluate the literature can be challenging, necessitating rigorous critical thinking skills.",5,5,5,5,5,5,4
B,21,English,RAG,q2_v21,How can one efficiently narrow down the scope of a literature review topic?,a2_v21,"One can efficiently narrow down the scope of a literature review topic by focusing on targeted areas of interest rather than reading broadly across all papers. It's advisable to formulate an initial idea about the topic before conducting extensive searches, which helps in avoiding reading an overwhelming number of papers. This targeted approach ensures that the literature review remains focused and aligned with the specific objectives, whether it's learning about a new topic or deciding on a research direction.",5,5,5,5,5,5,4
B,28,English,SingleAgent,q2_v28,How can one effectively utilize internships to prepare for a career in industry research?,a2_v28,"Internships provide a sense of how research operates in an industry setting, differing in norms, expectations, and pace compared to academia. They also allow choosing research projects with some industry relevance and understanding the varied nature of companies focused on different aspects of research.",5,4,5,4,5,5,4
B,28,English,RAG,q4_v28,What are the primary differences between academic and industrial research career paths?,a4_v28,"The primary differences between academic and industrial research career paths lie in their focus, expectations, and pace. Academic research often centers on theoretical inquiries and long-term impacts, with a focus on publishing and contributing to the broader academic community. Industrial research, on the other hand, tends to prioritize practical applications and immediate results, aligning with market demands and business goals. Additionally, academic researchers typically work within slower-paced environments where projects can span several years, whereas industrial researchers must adapt to faster timelines and frequently changing priorities. Moreover, transitioning from academia to industry involves adapting to new expectations and norms, including different forms of collaboration and project management. Lastly, those pursuing industrial research may need to plan more strategically early in their careers to prepare for industry roles, unlike in fields like computer science where industry positions are more readily available for PhD graduates with specific expertise.",5,5,5,5,5,5,4
B,28,English,MultiAgent-LLMChunking,q5_v28,What advice would you give to someone aiming for a full professor position at a university?,a5_v28,"Advice for Aspiring Full Professors:




Firstly, it's crucial to establish a strong foundation in your field through rigorous research. This involves working on innovative projects, especially those that are pioneering in nature, such as the early development of multimodal AI models. Multimodal AI research, which integrates data from various sources like text, images, and sounds, has been a significant area of focus in your work.




Secondly, building collaborations with industries and companies can greatly enhance your academic profile. Industry consulting not only provides practical experience but also opens doors to interdisciplinary research opportunities.




Lastly, continuously improving and evaluating your work is essential. For instance, focusing on the unification of multimodal generative models and assessing their skills and biases can set you apart in the academic community. This shows a commitment to advancing knowledge and addressing potential issues within the field.",5,4,5,4,4,5,4
B,6,English,RAG,q3_v6,What are the most effective ways to incorporate human annotation into NLP projects on a budget?,a3_v6,"The most effective ways to incorporate human annotation into NLP projects on a budget include ensuring a more representative set of annotators by considering demographic and cultural backgrounds. This helps capture diverse perspectives in the data annotations. Additionally, researchers should explore methods to evaluate and validate annotations from crowdsourcing platforms to maintain quality within financial constraints.",5,4,5,4,4,5,3
B,5,English,SingleAgent,q6_v5,How should students approach professors for recommendations or mentorship regarding internships?,a6_v5,Students should demonstrate their interests and skillset connecting with the professor’s work and express willingness to collaborate or learn more about the research.,5,4,5,4,4,5,2
B,5,English,RAG,q2_v5,Can you provide examples of previous interns that were successfully accepted by mentors?,a2_v5,"Examples of previous interns successfully accepted by mentors include:




1. A former intern at Medan who made significant progress in training a better model for semantic similarity in more Indian languages, improving upon previous capabilities.


2. An intern whose mentor tried to get them hired into an internship but was unsuccessful due to timing; however, this experience allowed the intern to expand their professional network when they met the mentor in person at a subsequent conference.",5,4,5,4,5,4,5
B,5,English,MultiAgent-LLMChunking,q6_v5,What are the challenges and benefits of hosting academic visitors versus interns in a nonprofit organization?,a6_v5,"In a nonprofit organization like Medan, hosting academic visitors and interns presents unique challenges and benefits. The primary challenge lies in the funding landscape, which can be unpredictable and less stable compared to larger industry players. Funding often arrives in waves, meaning that while there is typically a baseline level of support, additional opportunities can arise unexpectedly. This variability requires a certain degree of flexibility and adaptability.




Despite the challenges, hosting both visitors and interns can bring significant benefits. Academic visitors and interns alike can contribute to tangible results and innovation. For academic visitors, the opportunity to engage in real-world applications of their research can enhance their understanding and produce valuable insights. Interns, on the other hand, gain practical experience, which is crucial for their professional development. Both groups can also help in exploring ideas more deeply, with less time pressure than in an academic setting.




Moreover, hosting these individuals can foster a sense of community and collaboration within the organization, leading to a richer environment for learning and innovation. By keeping lines of communication open and clearly articulating the reasons for seeking interns or visitors, potential opportunities can be identified and developed over time. This proactive approach can lead to successful placements and contributions that align well with the organization’s goals.",5,5,5,5,4,4,5
B,5,English,RAG,q6_v5,What should students consider when deciding between academic and industry internships?,a6_v5,"Students should consider the purpose of the internship, whether they aim to explore a specific field, improve their publication profile, or seek an industrial position. The clarity of future career goals in academia or industry can guide the decision. Given the blurring lines between academic and industrial research internships, it's beneficial to discuss options with mentors or professors. Opportunities should be evaluated comprehensively before making a choice.",5,5,5,4,5,4,5
B,5,English,MultiAgent-LLMChunking,q7_v5,"In what ways can interns contribute tangibly to an organization, even in a short-term capacity?",a7_v5,"In a short-term capacity, interns can contribute tangibly to an organization by exploring projects in greater depth than they might in a fast-paced academic environment. This allows them to focus on specific areas without the immediate pressure of time constraints. Additionally, interns can assist in bringing ideas to life by collaborating closely with the team to produce tangible results that can be shared with real users. Even in a nonprofit setting like Medan, where funding can be unpredictable, interns can help by identifying opportunities for growth and innovation. By understanding the organization's goals and aligning their own interests, interns can contribute effectively and increase their chances of securing future opportunities within the organization.",5,5,5,5,5,4,5
B,6,English,RAG,q1_v6,What strategies have mentors used to adapt their research when facing limited computational resources?,a1_v6,"Mentors have adapted their research strategies by focusing on publishing surveys and position papers to leverage previously done work, collaborating in applied areas like education to develop systems with more accessible computational needs, and embracing virtual formats to continue networking and publishing during budget constraints. Some also emphasized leveraging data engineering approaches rather than relying solely on algorithmic or hardware improvements to manage computational resource limitations effectively.",5,5,5,4,5,4,5
B,12,English,MultiAgent-LLMChunking,q4_v12,"In the context of catching up on literature for a new project, what role does Google Scholar play, and how can it be used effectively alongside other resources?",a4_v12,"""In the context of catching up on literature for a new project, Google Scholar serves as a pivotal resource, akin to a trusted companion for researchers embarking on a new domain. It acts as a gateway to the vast repository of scholarly articles, offering a systematic way to explore and understand the foundational and cutting-edge research within a specific area of interest. Here’s how Google Scholar can be used effectively alongside other resources:




1. Keyword Search: Begin by using Google Scholar for keyword searches related to your topic of interest. This initial step helps in identifying seminal works that form the bedrock of the field.




2. Cited References: Once you have identified key papers, delve into their cited references. This backward citation tracking is crucial for understanding the lineage of ideas and how current research builds upon previous studies.




3. Forward Citation Tracking: Conversely, exploring papers that cite the ones you find interesting can provide insights into ongoing developments and emerging trends in the field.




4. Highly Cited Papers: Prioritize reading papers that are highly cited, as they often represent influential contributions that have had a significant impact on the field.




5. Workshops and Conferences: While using Google Scholar, keep an eye on papers presented at workshops and conferences, as these often highlight emerging topics and methodologies.




6. Networking: Engage with authors and experts in the field by reaching out via conferences or workshops. Personal interactions can provide unique perspectives and direct recommendations that might not be found in formal publications.




By leveraging Google Scholar in conjunction with these strategies, one can effectively navigate the academic landscape, ensuring a comprehensive and nuanced understanding of the subject matter. This approach not only aids in staying updated with the latest research but also fosters a deeper engagement with the academic community.""",5,4,5,4,5,4,5
B,12,English,MultiAgent-LLMChunking,q6_v12,"How should one handle non-traditional forms of scholarly work, such as blog posts or Twitter threads, when determining what constitutes ""state of the art"" in a given field?",a6_v12,"""When dealing with non-traditional forms of scholarly work like blog posts or Twitter threads, one must approach them critically while acknowledging their potential value. These formats can offer insights and preliminary ideas that contribute to the field, but they may lack the rigorous peer review process typical of traditional academic publications. Here are some strategies:




1. Cite When Appropriate: If the work provides substantial contributions or references that are directly relevant to your research, it might be appropriate to cite it, noting its format. This acknowledges the work’s importance while maintaining academic standards.




2. Evaluate the Source: Assess the credibility and expertise of the author. Are they established in the field? Do they have a history of reliable contributions?




3. Cross-reference: Compare the claims made in non-traditional sources with findings in traditional academic papers. This helps validate the information and understand its significance within the broader context of the field.




4. Stay Informed: Recognize that the academic landscape is evolving, and non-traditional formats are becoming more accepted. Keeping up with these formats can provide timely insights that might not yet be formalized in traditional publications.




5. Engage with the Community: Participate in discussions and forums where such works are shared. Engaging with the authors and other researchers can provide deeper understanding and context.




By adopting these practices, one can effectively integrate non-traditional scholarly works into their research without compromising the integrity of their academic contributions.""",5,5,5,5,5,4,5
B,28,English,RAG,q2_v28,How can one effectively balance research interests in computational social science and NLP?,a2_v28,"To effectively balance research interests in computational social science (CSS) and natural language processing (NLP), one should consider contributing methodological papers to NLP venues while also publishing social science insights in CSS venues. This dual approach ensures that both fields benefit from the interdisciplinary work, allowing for more comprehensive vetting and strengthening of the research. By doing so, researchers can make meaningful contributions to both areas without losing focus on either, thereby maintaining a balanced and impactful academic career.",5,5,5,5,5,4,5
B,28,English,RAG,q5_v28,How important is it for PhD students to pursue internships during their studies?,a5_v28,"It is quite important for PhD students to pursue internships during their studies. Starting from the second year onwards, doing one or two internships can provide valuable insight into how industry research operates. This experience helps in understanding the differences in norms, expectations, and pace between academia and industry. Internships also allow PhD students to choose research projects with some industry relevance, which can be challenging to predict several years in advance. Engaging in internships can help in identifying whether one enjoys industry work and can provide essential practical skills and insights that are beneficial for future career paths. Therefore, participating in internships is highly recommended for PhD students.",5,5,5,5,5,4,5
B,5,English,SingleAgent,q7_v5,What are some common misconceptions about the requirements for securing an NLP internship?,a7_v5,"Common misconceptions include the belief that one must have a top-tier publication or a PhD to get an internship; instead, fit, passion, and relevant experience are more important.",5,5,5,4,5,4,4
B,5,English,DualAgent,q7_v5,How can you identify the right internship opportunity according to the speaker?,a7_v5,"According to the speaker, identifying the right internship opportunity involves clearly understanding your own goals and interests, and why a particular organization is of interest. This allows you to stay connected with internship coordinators or relevant personnel who can inform you about opportunities. Even if an immediate position isn't available, this approach can lead to future opportunities.",5,5,5,5,5,4,4
B,6,English,SingleAgent,q3_v6,What is the significance of ACL's efforts to provide access to GPUs for researchers on a budget?,a3_v6,"ACL’s initiatives aim to reduce barriers for researchers who do not have access to significant computing resources, promoting equitable participation and innovation in the NLP community.",5,5,5,4,5,4,4
B,6,English,MultiAgent-LLMChunking,q4_v6,What distinguishes higher-impact papers from average modeling papers in NLP?,a4_v6,"In NLP, higher-impact papers typically differ from average modeling papers by focusing on evaluation, resources, insights, or introducing new tasks rather than just presenting models. Evaluation and resource papers often receive more citations because they provide tools or methodologies that others can use, while new task papers introduce challenges that drive further research. These types of papers tend to have a longer-lasting influence compared to modeling papers, which usually have a shorter citation half-life.",5,5,5,5,5,4,4
B,12,English,SingleAgent,q5_v12,What are some methods for catching up on the literature in a new domain of interest?,a5_v12,"Methods include using Google Scholar, ACL Anthology, and keyword searches; starting with highly cited papers and following backward and forward citations; exploring workshops and keynotes; and networking with experts in the field.",5,5,5,5,5,4,4
B,12,English,DualAgent,q5_v12,In what way does the speaker suggest maintaining a broad overview when researching cutting-edge topics like large language models?,a5_v12,"The speaker suggests adopting a ""shotgun"" approach, where one reads a large number of papers superficially rather than delving deeply into fewer of them. This method allows researchers to stay informed about a wide range of topics within the field, given the rapid pace of research and the impossibility of comprehensively understanding every paper.",5,5,5,5,5,4,4
B,12,English,RAG,q6_v12,What tools or methods do you recommend for organizing and referencing papers effectively?,a6_v12,"For organizing and referencing papers effectively, the speaker recommends using Google Scholar and the ACL anthology as primary resources. A useful method involves keyword searches related to the topic of interest, focusing initially on highly cited papers. From there, exploring references both backward and forward can help uncover relevant works. This approach aids in pruning the vast amount of literature and focusing on what truly contributes to the research goals.",5,5,5,5,5,4,4
B,21,English,MultiAgent-LLMChunking,q1_v21,Can you provide examples of keyword logic setups for advanced searches on ACL Anthology using Google Scholar?,a1_v21,"Sure, here are some examples of keyword logic setups for advanced searches on ACL Anthology using Google Scholar:




1. Specific Author and Year: ""site:ACLanthology.org [PERSON_NAME] 2021"" - This will find all articles by [PERSON_NAME] published in 2021 on ACL Anthology.




2. Topic and Specific Author: ""site:ACLanthology.org natural language processing Peter Norvig"" - This targets papers discussing natural language processing written by Peter Norvig.




3. Excluding Keywords: ""site:ACLanthology.org -survey machine learning"" - This excludes any document containing the word ""survey"" from the results related to machine learning.




4. Multiple Topics: ""site:ACLanthology.org (machine learning OR deep learning) AND (NLP OR NLU)"" - This searches for documents that discuss either machine learning or deep learning in the context of natural language processing or natural language understanding.




5. Date Range: ""site:ACLanthology.org 2015-2020"" - This retrieves documents published between 2015 and 2020 on ACL Anthology.




These setups help refine searches to focus on specific interests or requirements within ACL Anthology.",5,5,5,4,5,4,4
B,21,English,SingleAgent,q1_v21,"When conducting a literature review, how can you determine the appropriate stopping point?",a1_v21,You should stop when the papers you are reading no longer provide direct relevance to your current research project or are not necessary for executing your project.,5,5,5,4,5,4,4
B,21,English,SingleAgent,q2_v21,Why is it important to narrow down the topic when conducting a literature review?,a2_v21,"Narrowing down the topic helps avoid feeling overwhelmed and ensures that you read more targeted and relevant papers, rather than a broad range of papers that are not directly applicable.",5,5,5,5,5,4,4
B,21,English,MultiAgent-LLMChunking,q5_v21,How can one perform advanced searches on ACL Anthology using Google Scholar effectively?,a5_v21,"To perform advanced searches on ACL Anthology using Google Scholar effectively, one can utilize specific search operators and filters. For instance, using the site: operator allows you to search within the ACL Anthology domain by typing site:ACLanthology.org followed by your keywords. This narrows down the search results to only those documents hosted on ACL Anthology, enhancing the relevance of the search outcomes. Additionally, leveraging Google Scholar’s standard search features such as author names, publication years, and specific terms can further refine your search. By combining these methods, users can achieve more targeted and effective searches on ACL Anthology through Google Scholar.",5,5,5,5,5,4,4
B,21,English,SingleAgent,q5_v21,What is the importance of citing published versions of papers in literature reviews?,a5_v21,Citing published versions helps maintain academic integrity and ensures that you are accurately representing the work that has already been peer-reviewed and officially published.,5,5,5,5,5,4,4
B,21,English,RAG,q5_v21,Can you provide examples of useful tools for filtering and organizing papers during a literature review?,a5_v21,"Examples of useful tools for filtering and organizing papers during a literature review include:




1. Survey papers - These are particularly helpful when starting a new subject or topic as they provide a comprehensive overview.


2. Reference managers - Tools like Zotero help in keeping track of all gathered and read papers.


3. Checking for published versions - If finding papers on archives, it's advisable to check if they have been published elsewhere and cite the published version.


4. Willful ignorance - Having a certain amount of willful ignorance helps in not getting overwhelmed by too many papers, allowing focused work.",4,4,4,4,4,4,4
B,28,English,MultiAgent-LLMChunking,q2_v28,What are vision language models and why are they significant?,a2_v28,"Answer:


Vision language models are important tools that help computers understand images by connecting what they see (vision) with what they can describe or understand in text (language). They are significant because they allow machines to interpret and generate descriptions of visual content, which can be used in various applications like image search, medical imaging analysis, and autonomous vehicles. These models play a crucial role in advancing artificial intelligence by bridging the gap between visual data and natural language processing.",5,5,5,5,5,4,4
B,28,English,SingleAgent,q4_v28,How can one best handle a situation where they have a true interest in a topic different from the one they initially focused on for their PhD application?,a4_v28,"It is advisable to do some additional work on the new topic, even if it means pivoting your research statement. This demonstrates initiative and passion, which can be beneficial for admission committees.",5,5,5,4,5,4,4
B,28,English,SingleAgent,q5_v28,What advice would you give to someone who wants to avoid working exclusively on large language models for their PhD research?,a5_v28,"Focus on low-resource languages, which offers significant opportunities and is less competitive. This can align with broader needs in the community and open up various funding and mentorship opportunities.",5,4,5,5,5,4,4
B,6,English,SingleAgent,q4_v6,How does the misconception about the necessity of GPU-intensive research impact the NLP community?,a4_v6,"The misconception leads to an overemphasis on modeling and GPU-heavy research, potentially overshadowing more impactful work like evaluation papers and resource papers.",5,5,5,4,4,4,2
B,12,English,RAG,q4_v12,What percentage of the papers you read are deeply analyzed versus quickly scanned?,a4_v12,"The speaker estimates that between 20 to 50% of their time spent reading papers is dedicated to deep analysis, while the remaining time is used for quick scanning.",5,5,5,5,5,3,3
B,6,English,SingleAgent,q1_v6,What are the key challenges in doing NLP research on a budget?,a1_v6,"The key challenges include limited access to GPU servers, restricted resources for computing infrastructure, and financial constraints that limit attendance at conferences and collaboration opportunities.",5,5,5,4,5,3,2
B,6,English,RAG,q4_v6,Can you provide examples of impactful NLP research that achieved significant results without substantial computational resources?,a4_v6,"Examples of impactful NLP research that achieved significant results without substantial computational resources include:




1. Literature surveys focused on evaluating and improving methodologies in Machine Translation (MT), such as the one mentioned that received an outstanding paper award with minimal computational requirements.


2. Efficient NLP initiatives that support approaches requiring fewer computational resources, favoring software over heavy reliance on hardware.


3. Research that emphasizes more efficient tokenization strategies, demonstrating green credentials in NLP through reduced computational needs.",5,5,5,4,5,2,4
B,5,English,DualAgent,q2_v5,Who are the key organizers and panelists involved in this mentorship session?,a2_v5,"The mentorship session is organized by [PERSON_NAME], [PERSON_NAME], [PERSON_NAME], [PERSON_NAME], [PERSON_NAME], and [PERSON_NAME]. The panelists for today’s session include [PERSON_NAME], [PERSON_NAME], [PERSON_NAME], [PERSON_NAME], and [PERSON_NAME].",5,4,5,4,3,2,2
B,6,English,DualAgent,q3_v6,What is the purpose of the Q&A session mentioned in the transcript?,a3_v6,"The purpose of the Q&A session is to allow participants to ask questions during the session, as explicitly stated by the speaker who mentions ""Also feel free to unmute yourself and ask questions when we reach the Q&A session.""",5,5,5,5,5,2,2
B,12,English,DualAgent,q6_v12,"What types of research does the speaker focus on, particularly in relation to large language models?",a6_v12,"The speaker focuses on large language models, with an emphasis on security, privacy, and robustness. They also work on diverse areas such as text-to-SQL conversion, code generation for visualizations using libraries like matplotlib, and even non-traditional topics like board games, reflecting a broad and interdisciplinary approach to research.",5,5,5,5,5,2,2
B,21,English,DualAgent,q2_v21,What is the primary topic of discussion for this particular session of the ACL Year-Round Mentorship?,a2_v21,The primary topic of discussion for this session is how to conduct a literature review effectively.,4,4,4,4,4,2,2
B,21,English,DualAgent,q5_v21,How does [PERSON_NAME]’s research group at Georgia Tech contribute to the field of natural language processing (NLP)?,a5_v21,"[PERSON_NAME]’s research group at Georgia Tech focuses on interdisciplinary applications of NLP, including social media analysis, text accessibility, privacy preservation, multilingual and cross-lingual capabilities of large language models, robustness testing, temporal shifts, and text generation, including generative AI, its quality evaluation, and personalization to meet various styles.",4,4,4,4,4,2,2
B,28,English,DualAgent,q4_v28,How did [PERSON_NAME] participate in the current session despite her circumstances?,a4_v28,"[PERSON_NAME] participated in the session from the airport by using Zoom, even though she was likely preparing to depart, showing her support and commitment to the mentoring event.",5,5,5,5,5,2,2
B,28,English,DualAgent,q5_v28,What is the primary focus of [PERSON_NAME]'s research at Google?,a5_v28,"[PERSON_NAME] focuses on examining how social disparities such as those related to race and gender are reflected in AI, ML, NLP models and how these disparities can be mitigated. His work emphasizes the importance of considering cross-cultural and global perspectives in the development of responsible AI and its ethical implications.",5,5,5,5,5,2,2
B,6,English,DualAgent,q1_v6,In what format will the mentorship program session proceed today?,a1_v6,"The session will begin with each mentor introducing themselves and their research, followed by a starter question relevant to the topic. Each speaker will speak for approximately five to six minutes, after which the audience will have the opportunity to ask questions.",5,5,5,5,5,1,1
B,6,English,DualAgent,q4_v6,Who was given the opportunity to respond first according to the transcript?,a4_v6,"[PERSON_NAME] was given the opportunity to respond first, as noted by the speaker who says, ""So I'll let [PERSON_NAME] go first.""",4,4,4,4,4,1,1
B,12,English,DualAgent,q4_v12,What was Dr. [PERSON_NAME]'s doctoral thesis topic?,a4_v12,Dr. [PERSON_NAME]'s doctoral thesis was on the demographics and their effect on natural language processing tasks.,5,5,5,5,5,1,1
B,21,English,DualAgent,q1_v21,Who are the speakers participating in this ACL Year-Round Mentorship session on doing a literature review?,a1_v21,"The speakers participating in the session are [PERSON_NAME] from Georgia Tech, [PERSON_NAME] from the University of Washington, the speaker themselves from the Max Planck Institute at ETH, and [PERSON_NAME] from the University of Michigan.",2,2,4,4,4,1,1
B,28,English,DualAgent,q2_v28,Who are the organizers and co-organizers of the current ACL mentorship session?,a2_v28,"The organizers of the current ACL mentorship session are [PERSON_NAME] and the speaker (both in person), along with co-organizers [PERSON_NAME], [PERSON_NAME], and others joining via Zoom.",5,4,5,4,5,1,1
C,5,English,MultiAgent-LLMChunking,q7_v5,"In what ways can interns contribute tangibly to an organization, even in a short-term capacity?",a7_v5,"In a short-term capacity, interns can contribute tangibly to an organization by exploring projects in greater depth than they might in a fast-paced academic environment. This allows them to focus on specific areas without the immediate pressure of time constraints. Additionally, interns can assist in bringing ideas to life by collaborating closely with the team to produce tangible results that can be shared with real users. Even in a nonprofit setting like Medan, where funding can be unpredictable, interns can help by identifying opportunities for growth and innovation. By understanding the organization's goals and aligning their own interests, interns can contribute effectively and increase their chances of securing future opportunities within the organization.",4,4,4,4,4,4,5
C,6,English,MultiAgent-LLMChunking,q3_v6,How does the Q&A session benefit both mentors and students during these sessions?,a3_v6,"Benefit for Mentors:


In the Q&A session, mentors gain insights into the specific challenges and curiosities of the students. This direct interaction allows mentors to tailor their advice more effectively, addressing the unique needs and goals of each participant. Furthermore, it provides mentors with feedback on their presentations, helping them refine their mentoring strategies and content delivery.




Benefit for Students:


For students, the Q&A session is invaluable as it offers them the chance to clarify doubts, deepen their understanding of complex topics, and receive personalized guidance. It fosters a collaborative learning environment where students can voice their concerns and learn from their peers' queries too. This interaction enhances engagement and ensures that the knowledge shared is truly absorbed and applied in practical scenarios.",4,4,4,5,5,5,5
C,6,English,DualAgent,q3_v6,What is the purpose of the Q&A session mentioned in the transcript?,a3_v6,"The purpose of the Q&A session is to allow participants to ask questions during the session, as explicitly stated by the speaker who mentions ""Also feel free to unmute yourself and ask questions when we reach the Q&A session.""",4,4,5,5,5,5,5
C,6,English,MultiAgent-LLMChunking,q4_v6,What distinguishes higher-impact papers from average modeling papers in NLP?,a4_v6,"In NLP, higher-impact papers typically differ from average modeling papers by focusing on evaluation, resources, insights, or introducing new tasks rather than just presenting models. Evaluation and resource papers often receive more citations because they provide tools or methodologies that others can use, while new task papers introduce challenges that drive further research. These types of papers tend to have a longer-lasting influence compared to modeling papers, which usually have a shorter citation half-life.",4,5,5,4,4,4,5
C,6,English,SingleAgent,q4_v6,How does the misconception about the necessity of GPU-intensive research impact the NLP community?,a4_v6,"The misconception leads to an overemphasis on modeling and GPU-heavy research, potentially overshadowing more impactful work like evaluation papers and resource papers.",4,5,4,5,4,3,5
C,12,English,DualAgent,q4_v12,What was Dr. [PERSON_NAME]'s doctoral thesis topic?,a4_v12,Dr. [PERSON_NAME]'s doctoral thesis was on the demographics and their effect on natural language processing tasks.,5,5,4,4,5,4,5
C,12,English,SingleAgent,q5_v12,What are some methods for catching up on the literature in a new domain of interest?,a5_v12,"Methods include using Google Scholar, ACL Anthology, and keyword searches; starting with highly cited papers and following backward and forward citations; exploring workshops and keynotes; and networking with experts in the field.",5,5,5,5,5,3,5
C,12,English,MultiAgent-LLMChunking,q6_v12,"How should one handle non-traditional forms of scholarly work, such as blog posts or Twitter threads, when determining what constitutes ""state of the art"" in a given field?",a6_v12,"""When dealing with non-traditional forms of scholarly work like blog posts or Twitter threads, one must approach them critically while acknowledging their potential value. These formats can offer insights and preliminary ideas that contribute to the field, but they may lack the rigorous peer review process typical of traditional academic publications. Here are some strategies:




1. Cite When Appropriate: If the work provides substantial contributions or references that are directly relevant to your research, it might be appropriate to cite it, noting its format. This acknowledges the work’s importance while maintaining academic standards.




2. Evaluate the Source: Assess the credibility and expertise of the author. Are they established in the field? Do they have a history of reliable contributions?




3. Cross-reference: Compare the claims made in non-traditional sources with findings in traditional academic papers. This helps validate the information and understand its significance within the broader context of the field.




4. Stay Informed: Recognize that the academic landscape is evolving, and non-traditional formats are becoming more accepted. Keeping up with these formats can provide timely insights that might not yet be formalized in traditional publications.




5. Engage with the Community: Participate in discussions and forums where such works are shared. Engaging with the authors and other researchers can provide deeper understanding and context.




By adopting these practices, one can effectively integrate non-traditional scholarly works into their research without compromising the integrity of their academic contributions.""",4,5,4,5,5,2,5
C,12,English,DualAgent,q6_v12,"What types of research does the speaker focus on, particularly in relation to large language models?",a6_v12,"The speaker focuses on large language models, with an emphasis on security, privacy, and robustness. They also work on diverse areas such as text-to-SQL conversion, code generation for visualizations using libraries like matplotlib, and even non-traditional topics like board games, reflecting a broad and interdisciplinary approach to research.",4,4,4,4,5,4,5
C,12,English,RAG,q6_v12,What tools or methods do you recommend for organizing and referencing papers effectively?,a6_v12,"For organizing and referencing papers effectively, the speaker recommends using Google Scholar and the ACL anthology as primary resources. A useful method involves keyword searches related to the topic of interest, focusing initially on highly cited papers. From there, exploring references both backward and forward can help uncover relevant works. This approach aids in pruning the vast amount of literature and focusing on what truly contributes to the research goals.",5,5,4,4,4,2,5
C,21,English,SingleAgent,q5_v21,What is the importance of citing published versions of papers in literature reviews?,a5_v21,Citing published versions helps maintain academic integrity and ensures that you are accurately representing the work that has already been peer-reviewed and officially published.,4,4,5,5,5,4,5
C,28,English,MultiAgent-LLMChunking,q4_v28,"What specific challenges did you face during your transition from academia to industry, and how did you overcome them?",a4_v28,"Challenges and Overcoming Them:




During the transition from academia to industry, several specific challenges can arise. One common issue is the shift in focus from theoretical research to practical application. Academia often emphasizes the discovery of new knowledge and the publication of results, whereas industry focuses more on solving real-world problems and developing products or services. To overcome this, it's crucial to build a strong network within the industry to understand the needs and challenges faced by companies. Engaging in internships or short-term projects can also provide practical experience and insights into industry standards and processes.




Another challenge is adapting to different work environments and cultures. Academia operates under a different set of norms and expectations compared to industry. To address this, continuous learning and self-development are key. This includes staying updated with the latest technologies and methodologies used in industry, as well as understanding the organizational structure and decision-making processes in various companies.




Lastly, managing time effectively is essential. Academia typically involves a more flexible schedule with fewer interruptions, while industry requires meeting deadlines and handling multiple tasks simultaneously. Developing time management skills and prioritizing tasks can help bridge this gap.",4,4,5,5,4,5,5
C,28,English,RAG,q4_v28,What are the primary differences between academic and industrial research career paths?,a4_v28,"The primary differences between academic and industrial research career paths lie in their focus, expectations, and pace. Academic research often centers on theoretical inquiries and long-term impacts, with a focus on publishing and contributing to the broader academic community. Industrial research, on the other hand, tends to prioritize practical applications and immediate results, aligning with market demands and business goals. Additionally, academic researchers typically work within slower-paced environments where projects can span several years, whereas industrial researchers must adapt to faster timelines and frequently changing priorities. Moreover, transitioning from academia to industry involves adapting to new expectations and norms, including different forms of collaboration and project management. Lastly, those pursuing industrial research may need to plan more strategically early in their careers to prepare for industry roles, unlike in fields like computer science where industry positions are more readily available for PhD graduates with specific expertise.",5,5,5,5,5,5,5
C,5,English,MultiAgent-LLMChunking,q2_v5,How important is it for researchers to stay updated with the latest developments in their field?,a2_v5,"It is extremely important for researchers to stay updated with the latest developments in their field. In the world of NLP, where advancements can be rapid and transformative, staying informed ensures that one remains competitive and relevant. As [PERSON_NAME] mentioned, being part of an NLP community involves continuous learning and adaptation. Keeping up with the latest research helps researchers to identify new trends, methodologies, and challenges, which can inspire innovative solutions and contributions to the field.",4,4,4,4,4,2,4
C,5,English,SingleAgent,q2_v5,How can students effectively showcase their profile and skills when applying for an NLP internship?,a2_v5,"Students can showcase their profile through repositories, projects, writing paragraphs about their interests, and reaching out to mentors or people in the industry.",4,4,5,5,4,4,4
C,5,English,MultiAgent-LLMChunking,q6_v5,What are the challenges and benefits of hosting academic visitors versus interns in a nonprofit organization?,a6_v5,"In a nonprofit organization like Medan, hosting academic visitors and interns presents unique challenges and benefits. The primary challenge lies in the funding landscape, which can be unpredictable and less stable compared to larger industry players. Funding often arrives in waves, meaning that while there is typically a baseline level of support, additional opportunities can arise unexpectedly. This variability requires a certain degree of flexibility and adaptability.




Despite the challenges, hosting both visitors and interns can bring significant benefits. Academic visitors and interns alike can contribute to tangible results and innovation. For academic visitors, the opportunity to engage in real-world applications of their research can enhance their understanding and produce valuable insights. Interns, on the other hand, gain practical experience, which is crucial for their professional development. Both groups can also help in exploring ideas more deeply, with less time pressure than in an academic setting.




Moreover, hosting these individuals can foster a sense of community and collaboration within the organization, leading to a richer environment for learning and innovation. By keeping lines of communication open and clearly articulating the reasons for seeking interns or visitors, potential opportunities can be identified and developed over time. This proactive approach can lead to successful placements and contributions that align well with the organization’s goals.",4,4,4,4,4,2,4
C,5,English,DualAgent,q6_v5,What are the benefits of determining one’s internship objectives early and how might this affect their learning experience?,a6_v5,"Determining one’s internship objectives early allows individuals to maximize their learning experience by focusing on areas that align with their career aspirations. The speaker emphasized that having clear goals helps interns engage more deeply with relevant projects, leading to greater satisfaction and more significant contributions. This approach ensures that interns receive the most valuable exposure and skills development tailored to their future career paths.",4,4,5,5,5,4,4
C,5,English,RAG,q6_v5,What should students consider when deciding between academic and industry internships?,a6_v5,"Students should consider the purpose of the internship, whether they aim to explore a specific field, improve their publication profile, or seek an industrial position. The clarity of future career goals in academia or industry can guide the decision. Given the blurring lines between academic and industrial research internships, it's beneficial to discuss options with mentors or professors. Opportunities should be evaluated comprehensively before making a choice.",4,4,4,4,4,2,4
C,5,English,SingleAgent,q7_v5,What are some common misconceptions about the requirements for securing an NLP internship?,a7_v5,"Common misconceptions include the belief that one must have a top-tier publication or a PhD to get an internship; instead, fit, passion, and relevant experience are more important.",4,4,4,4,5,2,4
C,5,English,DualAgent,q7_v5,How can you identify the right internship opportunity according to the speaker?,a7_v5,"According to the speaker, identifying the right internship opportunity involves clearly understanding your own goals and interests, and why a particular organization is of interest. This allows you to stay connected with internship coordinators or relevant personnel who can inform you about opportunities. Even if an immediate position isn't available, this approach can lead to future opportunities.",5,5,4,4,4,4,4
C,5,English,RAG,q7_v5,How can one demonstrate fit and interest to potential internship hosts?,a7_v5,"One can demonstrate fit and interest to potential internship hosts by showing why they believe they are a good match, highlighting specific skills and explaining how these align with the internship's needs. This approach reduces the burden on the host to figure out if the applicant's skills match the available opportunities, thereby increasing the chances of being selected.",4,4,4,4,5,2,4
C,6,English,MultiAgent-LLMChunking,q1_v6,Can you provide examples of how having better GPU resources can benefit NLP research and development?,a1_v6,"Response:


NLP research and development can greatly benefit from having better GPU resources. With superior GPU capabilities, researchers at MBZ UAI can handle more complex models and larger datasets, which is essential for tasks like training deep learning models for natural language understanding. This allows for advancements in areas such as machine translation, sentiment analysis, and text generation, leading to more accurate and sophisticated AI applications. Additionally, enhanced computational power means faster processing times, enabling iterative experimentation and quicker turnaround for research projects. Having access to state-of-the-art GPUs also facilitates cutting-edge research, potentially attracting top talent and fostering innovation within the field.",4,4,4,4,4,4,4
C,6,English,SingleAgent,q1_v6,What are the key challenges in doing NLP research on a budget?,a1_v6,"The key challenges include limited access to GPU servers, restricted resources for computing infrastructure, and financial constraints that limit attendance at conferences and collaboration opportunities.",5,5,4,4,4,2,4
C,6,English,DualAgent,q1_v6,In what format will the mentorship program session proceed today?,a1_v6,"The session will begin with each mentor introducing themselves and their research, followed by a starter question relevant to the topic. Each speaker will speak for approximately five to six minutes, after which the audience will have the opportunity to ask questions.",4,4,4,4,5,2,4
C,6,English,RAG,q1_v6,What strategies have mentors used to adapt their research when facing limited computational resources?,a1_v6,"Mentors have adapted their research strategies by focusing on publishing surveys and position papers to leverage previously done work, collaborating in applied areas like education to develop systems with more accessible computational needs, and embracing virtual formats to continue networking and publishing during budget constraints. Some also emphasized leveraging data engineering approaches rather than relying solely on algorithmic or hardware improvements to manage computational resource limitations effectively.",4,4,5,5,5,3,4
C,6,English,SingleAgent,q3_v6,What is the significance of ACL's efforts to provide access to GPUs for researchers on a budget?,a3_v6,"ACL’s initiatives aim to reduce barriers for researchers who do not have access to significant computing resources, promoting equitable participation and innovation in the NLP community.",4,4,4,4,4,4,4
C,6,English,RAG,q4_v6,Can you provide examples of impactful NLP research that achieved significant results without substantial computational resources?,a4_v6,"Examples of impactful NLP research that achieved significant results without substantial computational resources include:




1. Literature surveys focused on evaluating and improving methodologies in Machine Translation (MT), such as the one mentioned that received an outstanding paper award with minimal computational requirements.


2. Efficient NLP initiatives that support approaches requiring fewer computational resources, favoring software over heavy reliance on hardware.


3. Research that emphasizes more efficient tokenization strategies, demonstrating green credentials in NLP through reduced computational needs.",4,4,4,4,5,4,4
C,12,English,MultiAgent-LLMChunking,q4_v12,"In the context of catching up on literature for a new project, what role does Google Scholar play, and how can it be used effectively alongside other resources?",a4_v12,"""In the context of catching up on literature for a new project, Google Scholar serves as a pivotal resource, akin to a trusted companion for researchers embarking on a new domain. It acts as a gateway to the vast repository of scholarly articles, offering a systematic way to explore and understand the foundational and cutting-edge research within a specific area of interest. Here’s how Google Scholar can be used effectively alongside other resources:




1. Keyword Search: Begin by using Google Scholar for keyword searches related to your topic of interest. This initial step helps in identifying seminal works that form the bedrock of the field.




2. Cited References: Once you have identified key papers, delve into their cited references. This backward citation tracking is crucial for understanding the lineage of ideas and how current research builds upon previous studies.




3. Forward Citation Tracking: Conversely, exploring papers that cite the ones you find interesting can provide insights into ongoing developments and emerging trends in the field.




4. Highly Cited Papers: Prioritize reading papers that are highly cited, as they often represent influential contributions that have had a significant impact on the field.




5. Workshops and Conferences: While using Google Scholar, keep an eye on papers presented at workshops and conferences, as these often highlight emerging topics and methodologies.




6. Networking: Engage with authors and experts in the field by reaching out via conferences or workshops. Personal interactions can provide unique perspectives and direct recommendations that might not be found in formal publications.




By leveraging Google Scholar in conjunction with these strategies, one can effectively navigate the academic landscape, ensuring a comprehensive and nuanced understanding of the subject matter. This approach not only aids in staying updated with the latest research but also fosters a deeper engagement with the academic community.""",5,5,4,4,5,4,4
C,12,English,SingleAgent,q4_v12,How can one determine if a paper is of high quality and not just average?,a4_v12,"A good quality paper is relevant to the reader's interests, is well-evaluated, and contains interesting or novel findings. Reading with a critical eye and discussing with peers can also help discern the quality of a paper.",5,5,5,4,4,4,4
C,12,English,MultiAgent-LLMChunking,q5_v12,What strategies can researchers employ to ensure they are contributing meaningfully to the field of large language models without simply following popular trends?,a5_v12,"""Researchers aiming to contribute meaningfully to the field of large language models (LLMs) while avoiding the pitfalls of chasing popular trends should consider several strategic approaches:




1. Identify Niche Areas: Recognize that the field is vast, and not every researcher needs to focus on the latest, most hyped models. By identifying specific niches or underexplored areas within LLMs, researchers can carve out unique contributions.




2. Understand Limitations: Given the industry dominance and resource constraints, researchers should critically examine the limitations of existing LLMs. This includes understanding biases, ethical considerations, and practical applications.




3. Focus on Analysis and Application: Since much of the current research is driven by the ability to analyze and apply LLMs, researchers can focus on these aspects to offer valuable insights. Analyzing the biases and errors in LLMs can lead to more robust and ethically sound models.




4. Stay Informed but Not Focused Solely on Trends: While staying informed about the latest developments is crucial, researchers should not let themselves be swayed by fleeting trends. Keeping an eye on foundational and long-term impacts rather than short-term hype can lead to more enduring contributions.




5. Engage with Academic and Industry Perspectives: Balancing academic research with industry insights can provide a comprehensive view of the field. Academics can offer theoretical depth, while industry experts bring real-world applicability and constraints.




By employing these strategies, researchers can ensure their contributions are meaningful and impactful, fostering advancements that go beyond mere trend-following.""",5,5,5,5,5,4,4
C,12,English,DualAgent,q5_v12,In what way does the speaker suggest maintaining a broad overview when researching cutting-edge topics like large language models?,a5_v12,"The speaker suggests adopting a ""shotgun"" approach, where one reads a large number of papers superficially rather than delving deeply into fewer of them. This method allows researchers to stay informed about a wide range of topics within the field, given the rapid pace of research and the impossibility of comprehensively understanding every paper.",4,4,4,4,5,4,4
C,12,English,RAG,q5_v12,How do you prioritize which papers to read when there are too many to choose from?,a5_v12,"To prioritize papers when there are too many to choose from, one effective strategy is to categorize them into two groups: those that require a careful and in-depth reading versus those that can be skimmed through initially. This approach helps manage the vast number of publications, especially in rapidly evolving fields like large language models and their associated biases. By focusing on papers that are directly relevant and contribute to your specific research goals, you can ensure that your efforts are directed towards the most impactful and relevant literature. Additionally, maintaining a consistent habit of reviewing a broad range of papers, even if only superficially, can help mitigate the ""fear of missing out"" and keep you informed about the latest developments in your field.",5,5,5,4,4,2,4
C,12,English,SingleAgent,q6_v12,How can researchers stay updated on the latest developments in large language models?,a6_v12,"Researchers can monitor conferences, keynotes, and papers focused on bias and large language models. Additionally, following relevant research groups and engaging in discussions can provide timely updates.",4,4,4,4,5,4,4
C,21,English,MultiAgent-LLMChunking,q1_v21,Can you provide examples of keyword logic setups for advanced searches on ACL Anthology using Google Scholar?,a1_v21,"Sure, here are some examples of keyword logic setups for advanced searches on ACL Anthology using Google Scholar:




1. Specific Author and Year: ""site:ACLanthology.org [PERSON_NAME] 2021"" - This will find all articles by [PERSON_NAME] published in 2021 on ACL Anthology.




2. Topic and Specific Author: ""site:ACLanthology.org natural language processing Peter Norvig"" - This targets papers discussing natural language processing written by Peter Norvig.




3. Excluding Keywords: ""site:ACLanthology.org -survey machine learning"" - This excludes any document containing the word ""survey"" from the results related to machine learning.




4. Multiple Topics: ""site:ACLanthology.org (machine learning OR deep learning) AND (NLP OR NLU)"" - This searches for documents that discuss either machine learning or deep learning in the context of natural language processing or natural language understanding.




5. Date Range: ""site:ACLanthology.org 2015-2020"" - This retrieves documents published between 2015 and 2020 on ACL Anthology.




These setups help refine searches to focus on specific interests or requirements within ACL Anthology.",4,5,5,4,4,4,4
C,21,English,SingleAgent,q1_v21,"When conducting a literature review, how can you determine the appropriate stopping point?",a1_v21,You should stop when the papers you are reading no longer provide direct relevance to your current research project or are not necessary for executing your project.,4,5,4,5,4,4,4
C,21,English,RAG,q1_v21,What are effective strategies for determining when to stop a literature review?,a1_v21,"Effective strategies for determining when to stop a literature review include considering the relevance of the material to your specific project goals, deciding whether the information is directly useful and necessary for your execution, and evaluating whether you plan to cite or discuss the paper in your own work. It's important to be mindful of the necessity of the papers for your research and to recognize when additional reading would no longer significantly contribute to your understanding or project.",4,4,5,5,5,2,4
C,21,English,MultiAgent-LLMChunking,q2_v21,What challenges might one face when conducting a comprehensive literature review?,a2_v21,"When embarking on a comprehensive literature review, several challenges can arise. First, the vast amount of information available can be overwhelming, making it difficult to identify relevant studies amidst a sea of unrelated data. Second, the fast-paced nature of research means that new studies are continuously published, requiring ongoing updates to stay current. Third, understanding and synthesizing diverse methodologies across different studies can be complex, especially if there is a lack of consistency in approach. Lastly, the task of maintaining objectivity and avoiding bias as you review and evaluate the literature can be challenging, necessitating rigorous critical thinking skills.",4,4,4,4,4,4,4
C,21,English,SingleAgent,q2_v21,Why is it important to narrow down the topic when conducting a literature review?,a2_v21,"Narrowing down the topic helps avoid feeling overwhelmed and ensures that you read more targeted and relevant papers, rather than a broad range of papers that are not directly applicable.",4,4,4,4,4,4,4
C,21,English,RAG,q2_v21,How can one efficiently narrow down the scope of a literature review topic?,a2_v21,"One can efficiently narrow down the scope of a literature review topic by focusing on targeted areas of interest rather than reading broadly across all papers. It's advisable to formulate an initial idea about the topic before conducting extensive searches, which helps in avoiding reading an overwhelming number of papers. This targeted approach ensures that the literature review remains focused and aligned with the specific objectives, whether it's learning about a new topic or deciding on a research direction.",5,5,4,4,4,3,4
C,21,English,MultiAgent-LLMChunking,q5_v21,How can one perform advanced searches on ACL Anthology using Google Scholar effectively?,a5_v21,"To perform advanced searches on ACL Anthology using Google Scholar effectively, one can utilize specific search operators and filters. For instance, using the site: operator allows you to search within the ACL Anthology domain by typing site:ACLanthology.org followed by your keywords. This narrows down the search results to only those documents hosted on ACL Anthology, enhancing the relevance of the search outcomes. Additionally, leveraging Google Scholar’s standard search features such as author names, publication years, and specific terms can further refine your search. By combining these methods, users can achieve more targeted and effective searches on ACL Anthology through Google Scholar.",4,4,4,4,4,3,4
C,21,English,DualAgent,q5_v21,How does [PERSON_NAME]’s research group at Georgia Tech contribute to the field of natural language processing (NLP)?,a5_v21,"[PERSON_NAME]’s research group at Georgia Tech focuses on interdisciplinary applications of NLP, including social media analysis, text accessibility, privacy preservation, multilingual and cross-lingual capabilities of large language models, robustness testing, temporal shifts, and text generation, including generative AI, its quality evaluation, and personalization to meet various styles.",4,4,4,4,5,4,4
C,21,English,RAG,q5_v21,Can you provide examples of useful tools for filtering and organizing papers during a literature review?,a5_v21,"Examples of useful tools for filtering and organizing papers during a literature review include:




1. Survey papers - These are particularly helpful when starting a new subject or topic as they provide a comprehensive overview.


2. Reference managers - Tools like Zotero help in keeping track of all gathered and read papers.


3. Checking for published versions - If finding papers on archives, it's advisable to check if they have been published elsewhere and cite the published version.


4. Willful ignorance - Having a certain amount of willful ignorance helps in not getting overwhelmed by too many papers, allowing focused work.",4,5,4,5,4,2,4
C,28,English,MultiAgent-LLMChunking,q2_v28,What are vision language models and why are they significant?,a2_v28,"Answer:


Vision language models are important tools that help computers understand images by connecting what they see (vision) with what they can describe or understand in text (language). They are significant because they allow machines to interpret and generate descriptions of visual content, which can be used in various applications like image search, medical imaging analysis, and autonomous vehicles. These models play a crucial role in advancing artificial intelligence by bridging the gap between visual data and natural language processing.",5,5,4,4,4,5,4
C,28,English,SingleAgent,q2_v28,How can one effectively utilize internships to prepare for a career in industry research?,a2_v28,"Internships provide a sense of how research operates in an industry setting, differing in norms, expectations, and pace compared to academia. They also allow choosing research projects with some industry relevance and understanding the varied nature of companies focused on different aspects of research.",4,4,4,4,4,4,4
C,28,English,RAG,q2_v28,How can one effectively balance research interests in computational social science and NLP?,a2_v28,"To effectively balance research interests in computational social science (CSS) and natural language processing (NLP), one should consider contributing methodological papers to NLP venues while also publishing social science insights in CSS venues. This dual approach ensures that both fields benefit from the interdisciplinary work, allowing for more comprehensive vetting and strengthening of the research. By doing so, researchers can make meaningful contributions to both areas without losing focus on either, thereby maintaining a balanced and impactful academic career.",5,5,5,5,4,4,4
C,28,English,SingleAgent,q4_v28,How can one best handle a situation where they have a true interest in a topic different from the one they initially focused on for their PhD application?,a4_v28,"It is advisable to do some additional work on the new topic, even if it means pivoting your research statement. This demonstrates initiative and passion, which can be beneficial for admission committees.",5,5,5,5,5,3,4
C,28,English,MultiAgent-LLMChunking,q5_v28,What advice would you give to someone aiming for a full professor position at a university?,a5_v28,"Advice for Aspiring Full Professors:




Firstly, it's crucial to establish a strong foundation in your field through rigorous research. This involves working on innovative projects, especially those that are pioneering in nature, such as the early development of multimodal AI models. Multimodal AI research, which integrates data from various sources like text, images, and sounds, has been a significant area of focus in your work.




Secondly, building collaborations with industries and companies can greatly enhance your academic profile. Industry consulting not only provides practical experience but also opens doors to interdisciplinary research opportunities.




Lastly, continuously improving and evaluating your work is essential. For instance, focusing on the unification of multimodal generative models and assessing their skills and biases can set you apart in the academic community. This shows a commitment to advancing knowledge and addressing potential issues within the field.",5,5,5,3,2,5,4
C,28,English,SingleAgent,q5_v28,What advice would you give to someone who wants to avoid working exclusively on large language models for their PhD research?,a5_v28,"Focus on low-resource languages, which offers significant opportunities and is less competitive. This can align with broader needs in the community and open up various funding and mentorship opportunities.",5,5,5,5,4,4,4
C,28,English,DualAgent,q5_v28,What is the primary focus of [PERSON_NAME]'s research at Google?,a5_v28,"[PERSON_NAME] focuses on examining how social disparities such as those related to race and gender are reflected in AI, ML, NLP models and how these disparities can be mitigated. His work emphasizes the importance of considering cross-cultural and global perspectives in the development of responsible AI and its ethical implications.",4,4,4,4,5,2,4
C,28,English,RAG,q5_v28,How important is it for PhD students to pursue internships during their studies?,a5_v28,"It is quite important for PhD students to pursue internships during their studies. Starting from the second year onwards, doing one or two internships can provide valuable insight into how industry research operates. This experience helps in understanding the differences in norms, expectations, and pace between academia and industry. Internships also allow PhD students to choose research projects with some industry relevance, which can be challenging to predict several years in advance. Engaging in internships can help in identifying whether one enjoys industry work and can provide essential practical skills and insights that are beneficial for future career paths. Therefore, participating in internships is highly recommended for PhD students.",4,4,4,4,4,3,4
C,5,English,SingleAgent,q6_v5,How should students approach professors for recommendations or mentorship regarding internships?,a6_v5,Students should demonstrate their interests and skillset connecting with the professor’s work and express willingness to collaborate or learn more about the research.,4,5,4,5,4,4,3
C,12,English,RAG,q4_v12,What percentage of the papers you read are deeply analyzed versus quickly scanned?,a4_v12,"The speaker estimates that between 20 to 50% of their time spent reading papers is dedicated to deep analysis, while the remaining time is used for quick scanning.",4,5,5,4,5,3,3
C,5,English,DualAgent,q2_v5,Who are the key organizers and panelists involved in this mentorship session?,a2_v5,"The mentorship session is organized by [PERSON_NAME], [PERSON_NAME], [PERSON_NAME], [PERSON_NAME], [PERSON_NAME], and [PERSON_NAME]. The panelists for today’s session include [PERSON_NAME], [PERSON_NAME], [PERSON_NAME], [PERSON_NAME], and [PERSON_NAME].",4,4,5,5,5,2,2
C,5,English,RAG,q2_v5,Can you provide examples of previous interns that were successfully accepted by mentors?,a2_v5,"Examples of previous interns successfully accepted by mentors include:




1. A former intern at Medan who made significant progress in training a better model for semantic similarity in more Indian languages, improving upon previous capabilities.


2. An intern whose mentor tried to get them hired into an internship but was unsuccessful due to timing; however, this experience allowed the intern to expand their professional network when they met the mentor in person at a subsequent conference.",4,4,4,4,5,2,2
C,6,English,RAG,q3_v6,What are the most effective ways to incorporate human annotation into NLP projects on a budget?,a3_v6,"The most effective ways to incorporate human annotation into NLP projects on a budget include ensuring a more representative set of annotators by considering demographic and cultural backgrounds. This helps capture diverse perspectives in the data annotations. Additionally, researchers should explore methods to evaluate and validate annotations from crowdsourcing platforms to maintain quality within financial constraints.",4,4,2,4,2,2,2
C,6,English,DualAgent,q4_v6,Who was given the opportunity to respond first according to the transcript?,a4_v6,"[PERSON_NAME] was given the opportunity to respond first, as noted by the speaker who says, ""So I'll let [PERSON_NAME] go first.""",4,4,4,4,5,2,2
C,21,English,DualAgent,q1_v21,Who are the speakers participating in this ACL Year-Round Mentorship session on doing a literature review?,a1_v21,"The speakers participating in the session are [PERSON_NAME] from Georgia Tech, [PERSON_NAME] from the University of Washington, the speaker themselves from the Max Planck Institute at ETH, and [PERSON_NAME] from the University of Michigan.",5,5,5,5,5,2,2
C,21,English,DualAgent,q2_v21,What is the primary topic of discussion for this particular session of the ACL Year-Round Mentorship?,a2_v21,The primary topic of discussion for this session is how to conduct a literature review effectively.,5,5,5,5,5,2,2
C,28,English,DualAgent,q2_v28,Who are the organizers and co-organizers of the current ACL mentorship session?,a2_v28,"The organizers of the current ACL mentorship session are [PERSON_NAME] and the speaker (both in person), along with co-organizers [PERSON_NAME], [PERSON_NAME], and others joining via Zoom.",4,4,4,4,4,2,2
C,28,English,DualAgent,q4_v28,How did [PERSON_NAME] participate in the current session despite her circumstances?,a4_v28,"[PERSON_NAME] participated in the session from the airport by using Zoom, even though she was likely preparing to depart, showing her support and commitment to the mentoring event.",5,5,5,5,5,2,2
D,34,Chinese,MultiAgent-LLMChunking,q7_v34,作為家人或朋友，當更年期者出現情緒變化時，應該如何正確地表達關心？,a7_v34,"作為家人或朋友，當更年期者出現情緒變化時，正確的態度是：




1. 理解與同理心：首先要理解這些情緒變化並非由個人意志決定，而是由於荷爾蒙變化引起的。避免責備或批評，而是從同理心出發。


2. 提供支持而非建議：不要直接告訴對方該做什麼，而應當陪她一起行動，比如邀請她去逛街、調整睡眠等。


3. 鼓勵專業幫助：如果情況嚴重，可以建議尋求醫生幫助，而不僅僅是簡單地指出問題。


4. 保持耐心和包容：更年期帶來的變化是長期的，家人和朋友需要有耐心，包容對方的不完美。




總之，真正的關心是在於理解和支持，而不是一味地責備和施加壓力。",5,5,5,5,5,5,5
D,34,Chinese,SingleAgent,q7_v34,更年期期间为什么要定期检查？,a7_v34,定期检查有助于早期发现疾病，提高治疗效果，同时也能更好地管理更年期症状。,5,5,5,2,4,5,2
D,34,Chinese,DualAgent,q7_v34,医学界为什么在更年期方面之前没有得到足够的重视？,a7_v34,医学界对更年期的重视不足是因为在受训期间医生们讨论更年期的机会很少，而且医学研究和议题更多地集中在男性身上。直到Dr. Mary Haver经历了更年期，并将症状列出后，她才发现自己没有经历热潮红，这让她意识到其他症状可能与更年期有关。因此，直到Dr. Mary Haver意识到这一点，医学界才开始重视这个议题。,2,2,2,4,4,4,4
D,34,Chinese,RAG,q7_v34,如何应对更年期期间的情绪波动？,a7_v34,面对更年期期间的情绪波动，重要的是要理解这些情绪变化并非出于故意，而是由于生理上的荷尔蒙变化所引起的。作为伴侣或身边的人，最重要的是培养相关知识，并且给予支持与陪伴，而不是命令或批评。通过理解和支持，可以帮助更年期女性更好地适应这一阶段的变化，从而开启一段新的、更加健康的互动关系。,5,2,1,5,2,5,4
D,34,Chinese,MultiAgent-LLMChunking,q8_v34,如何面對無法預測的生活狀況？,a8_v34,面对无法预测的生活状况，最重要的是保持积极的心态。正如对话中提到的，有些人的身体状况并不会像其他人那样发生变化，即便如此，他们仍然会感到焦虑和困扰。这提醒我们，健康和体型的变化并不总是能被完全掌控。因此，接受不可控的因素，并且专注于自己能够掌控的部分，比如保持健康的生活习惯和积极的心态，是非常重要的。生活中充满了不确定性，学会适应这些变化并从中找到积极的一面，才能更好地应对未来的挑战。,4,2,4,4,2,4,4
D,34,Chinese,SingleAgent,q8_v34,如何帮助身边正在经历更年期的人？,a8_v34,应该给予理解和支持，鼓励他们记录月经周期、保持健康的生活方式，并提供情感上的陪伴。,5,4,5,5,5,4,2
D,34,Chinese,DualAgent,q8_v34,为什么身体出现疲劳时，人们往往首先会想到心脏或甲状腺的问题？,a8_v34,这是因为当人感到疲劳时，会出现心悸等症状，这可能会让患者认为问题出在心脏；而心悸也可能与甲状腺功能异常有关，因此患者会去心内科和内分泌科检查。这说明当出现身体不适时，我们应该从多个方面考虑，而不是仅仅局限于某一两个症状上。,4,5,5,5,5,2,5
D,34,Chinese,RAG,q8_v34,更年期期间女性的生育能力会如何变化？,a8_v34,更年期期间，女性的生育能力会逐渐下降，并最终停止。通常在停经前的14年左右，女性可能会开始出现卵巢退休的征兆，这标志着女性生育能力的衰退。这种变化不仅影响生理健康，也可能带来心理上的转变，使女性从生育角色向智者或导师的角色过渡。这一过程虽然伴随着一些不适，但也为女性提供了重新掌控自己生活的机会，从而更好地应对生活中的挑战。,5,5,5,5,5,4,4
D,34,Chinese,MultiAgent-LLMChunking,q9_v34,围绝经期期间，雌激素水平的具体变化过程如何描述？,a9_v34,"围绝经期（perimenopause）期间，在初期，黄体酮水平会发生变化。然而，雌激素水平并不会立即减少。真正减少是在围绝经期后期，即月经周期变得不规律时，雌激素的整体分泌才会明显下降。




在35至45岁这个关键时间段内，雌激素水平并非稳定不变。如果用图表表示，雌激素水平的变化曲线更像是纺锤形：先上升再下降，然后再上升再下降。这种波动性非常显著，因此，在这个阶段通过抽血检测雌激素水平可能不够准确。",1,5,4,5,5,2,5
D,34,Chinese,SingleAgent,q9_v34,更年期是否会影响记忆力？,a9_v34,是地，更年期可能会导致短期记忆丧失和其他认知功能障碍，称为“脑雾”。,5,5,5,4,5,4,2
D,34,Chinese,DualAgent,q9_v34,什么是脑雾（Brain fog）？,a9_v34,脑雾是指一种感觉，即你的大脑似乎不属于你，你可能会忘记想要讲的人的名字或想要说的话，或者注意力不集中，感觉大脑里有雾。,5,5,5,5,5,4,2
D,34,Chinese,RAG,q9_v34,如何通过饮食改善更年期期间的症状？,a9_v34,为了缓解更年期症状，可以通过饮食进行调整。首先，确保摄入足够的纤维，这不仅有助于肠道健康，还能支持肠道内的有益菌群。其次，增加富含Omega-3脂肪酸的食物，如鱼类油，这些营养素对大脑功能至关重要，因为它们可以帮助缓解由雌激素减少引起的大脑症状。此外，保持均衡的饮食，确保摄入足够的蛋白质和健康脂肪，对于维持整体健康非常重要。最后，记录月经周期及其相关症状的变化，可以帮助更好地了解自己的身体状况并做出相应的饮食调整。,5,5,5,5,5,4,5
D,36,Chinese,MultiAgent-LLMChunking,q3_v36,教育者在教授文科知识时，应注意哪些方面才能有效防止其成为发展的障碍？,a3_v36,"教育者在教授文科知识时，应注意以下几点以防止其成为发展的障碍：




1. 保持客观性：教师应避免将个人的政治或意识形态观点带入到教学内容中。文科知识应该以学术研究为基础，而不是被特定的意识形态所左右。只有这样，学生才能获得全面、客观的知识体系，而不是受到单一视角的影响。




2. 强调批判性思维：教育者应当鼓励学生培养批判性思维能力，学会质疑和分析信息，而不是盲目接受权威或主流观点。通过这种方式，学生能够更好地理解复杂的概念，并在未来的工作和生活中做出明智的选择。




3. 注重实用性：尽管文科课程可能看起来与现实世界联系不紧密，但它们仍然可以为学生提供宝贵的技能，如沟通技巧、写作能力和逻辑推理等。因此，教育者需要找到方法将这些理论应用于实际情境中，帮助学生看到文科知识的价值所在。




4. 与时俱进：随着社会的发展和技术的进步，许多传统学科也需要不断更新其内容和方法论。教师应及时了解最新的研究成果和发展趋势，并将其融入到自己的教学中，确保学生接触到的是前沿的知识。




5. 促进跨学科交流：现代社会是一个高度互联的世界，在这里，单一领域的专业知识往往不足以解决复杂的问题。因此，教育者应该鼓励学生学习不同领域的知识，并促进他们之间的交流与合作。这不仅有助于提高学生的综合素质，还能增强他们的适应能力和竞争力。




通过以上措施，教育者可以在传授文科知识的同时，有效地防止其成为发展的障碍，而是成为推动个人成长和社会进步的重要力量。",2,4,2,5,5,4,5
D,36,Chinese,SingleAgent,q3_v36,美国2024年失业率最高的10个专业中，有哪些是文科专业？,a3_v36,10个专业中全部是文科专业，包括新闻学、哲学等。,5,5,5,5,4,2,2
D,36,Chinese,DualAgent,q3_v36,在讨论新闻的实际经济价值时，为什么作者提到在美国和日本的企业会因为新闻报道而面临巨额赔偿？,a3_v36,在美国和日本，由于新闻报道揭露了企业的问题，这些企业可能会面临巨额赔偿，甚至导致企业的倒闭。这是因为这两个国家是法治国家，言论自由，新闻媒体可以有效地监督企业和政府行为，从而保护公众利益。,5,5,5,5,5,4,4
D,36,Chinese,RAG,q3_v36,2024年中国就业率最低的两个文科专业是哪些？,a3_v36,根据提供的信息，2024年中国就业率最低的两个文科专业是法学和历史。,5,5,5,5,5,4,2
D,36,Chinese,MultiAgent-LLMChunking,q8_v36,从东吴大学法学院的例子来看，我们可以学到哪些关于专业发展的经验？,a8_v36,"从东吴大学法学院的例子中，我们可以学到以下几点关于专业发展的经验：




1. 突出特色： 东吴大学法学院之所以成为民国时期最著名的法学院之一，是因为它在法学领域具备突出的专业优势。这表明在专业发展中，突出自身的优势和特色是非常重要的。




2. 社会认可度： 法学院在外界具有较高的认可度，说明专业发展需要得到社会的广泛认可和支持。可以通过高质量的教学和研究成果来提升社会影响力。




3. 持续创新： 在一个特定领域内保持领先地位需要不断的创新和进步。东吴大学法学院的成功之处在于其在法学领域的持续卓越表现。




4. 学术环境： 东吴大学法学院的成功还与其良好的学术环境有关。良好的学术氛围和资源支持有助于推动专业的发展。




通过这些经验，可以更好地理解如何在自己的专业领域中取得成功，并为个人的职业发展提供有益的启示。",5,5,5,5,5,4,5
D,36,Chinese,SingleAgent,q8_v36,为什么文科专业在现代社会中遇到一些问题？,a8_v36,文科专业的就业率低、薪资水平不高，且社会对文科的实际经济价值认识不足。,5,5,5,5,5,4,4
D,36,Chinese,DualAgent,q8_v36,文科研究的主要作用是什么？,a8_v36,文科研究的主要作用是探索“我们从哪里来？我们走向何方？我们为何如此？”等抽象问题，这些问题与人生、生命和终极相关，帮助人们理解自身和世界的本质。文科的研究不仅对个人成长有意义，也对社会发展有着不可替代的价值。,5,5,5,5,5,4,4
D,36,Chinese,RAG,q8_v36,新闻学专业在中国是否真的有用？,a8_v36,新闻学专业在中国是否有用，取决于个人的选择和发展的方向。学习新闻学并不意味着一定要进入传统媒体工作，它可以为个人提供一种自由选择的机会，去从事如深度报道等有意义的工作。然而，就业率和薪资水平确实会影响人们对这一专业的选择。从社会层面来看，新闻学专业的毕业生就业情况确实存在挑战，很多毕业生进入企业从事公众号或抖音相关的工作。因此，是否选择学习新闻学应该基于个人的兴趣和职业规划，而不是仅仅因为就业市场的供需状况。,5,5,5,5,2,4,4
D,36,Chinese,MultiAgent-LLMChunking,q10_v36,规则在社会中的主要价值体现在哪些方面？,a10_v36,"规则在社会中的主要价值体现在以下几个方面：




1. 推动投资：规则能够创造稳定的投资环境，使人们对未来充满希望。这种希望促使人们进行投资，进而带动经济发展。




2. 经济发展：法律和规则为经济发展提供了保障和支持，使得经济活动更加有序和可预测。




3. 保护人权与宪法权利：法律不仅服务于经济，还保护个人的政治权利和基本自由。随着社会财富的增长，人们对这些权利的需求日益增加，法律在此过程中扮演了重要角色。




4. 社会秩序维护：虽然法律有时被视为惩罚工具，但它实际上是为了防止混乱和社会崩溃而设立的。在缺乏法律约束的社会中，经济往往难以健康发展。




总之，规则不仅是经济发展的基础，也是社会和谐稳定的重要保障。通过制定和完善合理的规则体系，可以有效地促进社会的进步和发展。",5,5,2,5,5,4,5
D,36,Chinese,SingleAgent,q10_v36,为什么一些大学削减人文社科领域的专业？,a10_v36,为了适应市场需求，削减这些领域以集中资源到其他学科上。,5,5,5,2,5,4,1
D,36,Chinese,DualAgent,q10_v36,导游在讲解中经常会出现哪些问题，这对旅游地的发展有何影响？,a10_v36,在讲解中，导游往往会加入与历史事实无关的神话或个人解读，比如将孙中山买地与梦境联系起来。这种做法不仅损害了游客对真实历史的认知，还可能影响旅游地的整体形象和经济效益。例如，在日本的景点中，导游会详细说明信息来源和文献依据，这样的专业性有助于提升游客满意度并促进经济发展。因此，提高导游的专业素质和市场机制下的招聘与管理对于旅游地的发展至关重要。,5,5,4,5,5,2,4
D,36,Chinese,RAG,q10_v36,如何看待文科对人类价值观根基的作用？,a10_v36,文科对于人类价值观根基有着至关重要的作用。它不仅仅是提供了一些高深的知识，而是从根本上影响着人们如何看待世界、如何与他人相处。尤其是在现代社会，随着科技的发展和经济的压力，人文社会科学往往被忽视，但实际上它们在培养公民意识、促进社会公平正义等方面发挥着不可替代的作用。文科教育所传授的价值观可以帮助个体形成正确的道德判断和社会责任感，这对于构建和谐稳定的社会环境至关重要。因此，重视文科教育，保护并发扬其独特性是非常必要的。,5,5,5,5,5,5,5
D,38,Chinese,MultiAgent-LLMChunking,q1_v38,为什么不应过多关注他人对我们的要求？,a1_v38,不应过多关注他人对我们的要求，因为每个人都有自己想要的生活和方向。正如说话者所说，我们每个人都应该像导演一样，决定自己想要拍摄的人生故事。如果一味地迎合他人的期望，可能会偏离自己真正想要的生活轨迹，导致不必要的委屈和挫折。因此，我们应该坚持自己的信念，勇敢地走自己选择的道路，而不是总是试图满足他人无休止的要求。,5,5,5,5,5,4,4
D,38,Chinese,SingleAgent,q1_v38,为什么[PERSON_NAME] 认为人生的关键是保持平衡？,a1_v38,[PERSON_NAME] 提到，人生不应该只选择极端，而是要在灰色地带找到平衡，这样才能活得充实。,5,5,2,2,5,4,3
D,38,Chinese,DualAgent,q1_v38,如何理解时代的变化对人们行为的影响？,a1_v38,时代的变化并不会使人变得越来越保守或可怕，每个人的时代都充满挑战与恐惧。正如节目中提到的，每个时代的人们都会抱怨自己的时代，这实际上是由于身处时代之中，人们往往无法看清整体。因此，重要的是保持积极的态度，通过询问不同领域的问题来深入了解，从而更好地应对人生中的不确定性。,5,5,5,4,2,2,2
D,38,Chinese,RAG,q1_v38,为什么[PERSON_NAME] 认为情商不仅仅是应对他人，更是经营自己的人生？,a1_v38,[PERSON_NAME] 认为情商不仅是应对他人，更是经营自己的人生，因为一个人如果能通过提升情商来更好地管理自己，规划自己的人生目标，并为之努力奋斗，那么他就能更有效地实现自己的价值和理想。这种自我经营的过程不仅有助于个人的成长和发展，还能使个人在面对生活的挑战时更加从容和自信。,5,5,5,5,5,4,5
D,38,Chinese,MultiAgent-LLMChunking,q11_v38,这段对话中的经历对你有什么启示，特别是在处理人际关系方面？,a11_v38,"这段对话揭示了一个重要的教训：在人际关系中，我们往往会记住那些让我们感到不愉快或尴尬的事情，而忽视那些积极正面的经历。这表明我们在与人交往时，应该更加注重培养积极的互动，多关注他人的优点和贡献，而不是仅仅专注于可能产生的负面印象。




启示：


1. 保持积极心态：在与人相处时，尽量保持乐观和积极的态度，避免让负面情绪主导我们的行为和记忆。


2. 珍惜每一次互动：每一次与他人的交流都可能是宝贵的机会，无论结果如何，都应该以开放和尊重的心态去对待。


3. 自我反思：定期反思自己的行为和记忆模式，意识到哪些事情是我们主动选择忽略的，从而努力改进。


4. 互相尊重：尊重他人，给予他们应有的关注和重视，这样也能建立更深厚、更长久的人际关系。",5,5,4,5,4,4,5
D,38,Chinese,SingleAgent,q11_v38,[PERSON_NAME] 为何认为写书能够帮助他更好地服务他人？,a11_v38,[PERSON_NAME] 认为写书能够让他更高效地分享自己的经验和知识，服务更多的人，同时这也是他在网络上无法做到的。,5,5,5,5,5,4,4
D,38,Chinese,DualAgent,q11_v38,在这部电影制作过程中，编剧的主要任务是什么？,a11_v38,编剧的主要任务是根据导演的要求和期望，精心剪辑预告片，以吸引观众的兴趣并激发他们观看整部电影的愿望。例如，这位编剧通过剪辑预告片成功地展示了电影的魅力，并得到了导演的认可。,5,5,5,5,4,2,1
D,38,Chinese,RAG,q11_v38,[PERSON_NAME] 认为真正的财富是什么？,a11_v38,[PERSON_NAME] 认为真正的财富并非银行里的存款，而是那些能够让他人在某些时候感到开心的事情。这表明他认为真正有价值的财富在于人与人之间的情感连接和社会贡献，而不是单纯的物质财富。,5,5,5,5,5,4,5
D,38,Chinese,MultiAgent-LLMChunking,q12_v38,在回顾过去的经历时，我们应该从中吸取哪些教训？,a12_v38,"在回顾过去的经历时，我们应该从中吸取以下教训：




1. 尊重个人选择：从对话中可以看出，人们对于是否饮酒有不同的看法。我们应当尊重他人的选择，不要强迫他人做不愿意做的事情。


2. 灵活应对变化：[PERSON_NAME]和[PERSON_NAME] 之前的节目中强调了饮酒的重要性，但现在情况有所改变。这提醒我们在面对变化时要保持灵活性，适应新的环境和要求。


3. 珍惜当前的自由：对话中提到今晚不设访酒，说明我们可以享受更多的自由和选择。我们应该珍惜这些机会，积极参与，享受生活中的美好时刻。


4. 保持开放心态：随着新信息的不断涌现，我们应该保持开放的心态，接受新的观点和建议。这样可以帮助我们更好地理解世界，并做出更明智的选择。




通过反思过去的经验，我们可以学到很多宝贵的人生道理，从而更好地规划未来。",5,5,5,4,2,5,4
D,38,Chinese,SingleAgent,q12_v38,如何理解“难得糊涂”在中文中的含义？,a12_v38,“难得糊涂”在中文中并非贬义，而是强调豁达和洒脱，意味着在适当的时候选择宽容和不计较，这有助于更好地处理人际关系和生活中的问题。,5,5,5,5,5,2,2
D,38,Chinese,DualAgent,q12_v38,导演在选择剧本时，应关注什么？,a12_v38,导演应关注剧本是否能帮助实现其心中想要拍摄的电影。如果剧本不能满足导演的创作需求，则不应继续使用该剧本。,5,5,5,5,5,4,4
D,38,Chinese,RAG,q12_v38,为什么[PERSON_NAME] 认为自己更像是15岁而不是35岁？,a12_v38,[PERSON_NAME] 认为自己更像是15岁而不是35岁，因为他觉得自己内心深处仍然保留着15岁时那种对生活的热情与对未来的无限期望。尽管他已经35岁，但他依然感到有许多事情想要去做，不愿意承认自己已经到了50岁的年纪，因为那时一切都将变得无望。他认为自己仍然充满责任感，并且觉得生活还有很多可能性，因此更接近15岁的状态。,5,5,4,4,5,1,4
D,44,Chinese,MultiAgent-LLMChunking,q5_v44,在公司中，研究员与业务所有者之间的角色和影响力有何不同？,a5_v44,"在公司中，研究员（researcher）与业务所有者（business owner）的角色和影响力有着显著的不同。研究员的主要职责是专注于技术研究和技术贡献，他们通常致力于开发新的算法、模型或技术解决方案。研究员的工作目标通常是推动技术创新，并在学术或行业内产生重要影响。研究员往往拥有较高的影响力，尤其是在技术领域，他们可以主导项目的研发方向并提出创新性的想法。研究员的工作环境较为宽松，他们更注重技术深度和个人兴趣，而不必过多关注团队管理和人员激励。




相比之下，业务所有者的主要职责是确保产品的成功推出和市场竞争力。他们需要协调多个部门的合作，确保产品按时交付，并且在市场上取得成功。业务所有者的成功通常依赖于团队的协作和执行力，因此他们需要具备良好的沟通能力和管理技巧。业务所有者的工作重心在于战略规划和资源分配，而不是具体的技术实现。




研究员和业务所有者虽然在工作内容上有很大的差异，但两者并不互相排斥. 事实上，许多成功的研究员也能够胜任业务所有者的角色，因为他们不仅具备深厚的技术背景，还拥有出色的领导能力和沟通技巧. 因此，选择成为研究员还是业务所有者，取决于个人的兴趣和职业发展目标.",4,5,4,4,5,2,4
D,44,Chinese,SingleAgent,q5_v44,如何平衡带实习生与做自己项目的精力？,a5_v44,需要在时间上灵活调整，优先处理紧急任务，同时确保在合理时间内完成项目.,5,2,5,4,5,4,4
D,44,Chinese,DualAgent,q5_v44,在公司中，奖金如何与论文和专利挂钩？,a5_v44,在公司中，奖金与论文和专利挂钩. 例如，一篇论文通常可以带来约1000美元的奖金，而一个专利则约为8000美元，但这些奖励会平均分配给所有合著者. 因此，拥有更多合著者的项目会减少每位作者的实际收益. 公司更倾向于看重专利的数量，而不是论文数量.,5,5,4,5,4,2,2
D,44,Chinese,RAG,q5_v44,如何评价学术界和业界研究之间的自由度差异？,a5_v44,学术界与业界研究的自由度存在显著差异。在学术界，研究人员主要受NSF等国家基金的支持，只要这些基金能够提供资金，研究人员可以在基金支持范围内自由开展研究。而在业界，研究方向的自由度取决于公司是否愿意投资相关研究。公司越大，产品线越多，研究自由度通常越高；反之则越低。此外，在公司内部，研究方向的选择往往是一个双向选择的过程，公司根据需求选择适合的研究人员，而研究员也会考虑组的研究方向是否符合自己的兴趣和专长。总体而言，尽管两者在某些方面存在差异，但从个人兴趣和选择的角度来看，两者其实较为接近。,5,5,5,5,5,4,5
D,44,Chinese,MultiAgent-LLMChunking,q7_v44,为什么失败或探索遥远的研究项目不应该受到惩罚？,a7_v44,失败或探索遥远的研究项目不应该受到惩罚，因为这些研究本质上具有风险性。研究的目的在于探索全新的领域，而探索新领域的本质特性决定了它可能会失败或者偏离预期目标。作为组织，而不是个体研究人员，应该鼓励一种宽容失败的文化，这样能够激励研究人员大胆尝试新的想法，而不必担心因尝试失败而遭受惩罚。这种文化有助于长期创新和突破，即使短期内某些项目未见成效，但它们仍然可能在未来产生重大影响。因此，公司应当奖励那些能够平衡创新与实际应用的恰到好处的研究工作，而不是仅仅关注短期成果。,2,4,4,4,5,4,5
D,44,Chinese,SingleAgent,q7_v44,研究的风险性如何体现？,a7_v44,研究具有风险性，因为它涉及探索全新的领域，可能会导致失败或资源浪费.,4,5,5,4,1,4,2
D,44,Chinese,DualAgent,q7_v44,一家公司对于发布学术论文的态度是怎样的？,a7_v44,根据这段话，一般公司对于发布学术论文的态度并不明确. Adobe Research 在这方面显得较为特别，但具体细节并未详细说明. 这表明不同公司可能有不同的政策和重视程度.,5,5,5,4,4,4,1
D,44,Chinese,RAG,q7_v44,在公司内部，如何评估研究团队或部门的表现？,a7_v44,在公司内部评估研究团队或部门的表现时，应考虑多个因素。首先，研究的深度和广度要适中，既要避免研究过于前瞻以至于产品组看不到其价值，也要防止研究过于贴近现有技术而缺乏创新。理想的状况是研究能够在创新的同时，也能被产品组所采纳和认可。其次，公司应营造一种宽容失败的文化，鼓励探索前沿技术，而不应仅仅奖励那些短期内能带来直接成果的研究。最后，团队和个人的研究能力也应得到重视，例如通过指导实习生来积累经验并促进知识传承，同时个人也有机会参与大型项目或管理实践，以提升综合能力.,5,5,5,5,5,4,5
D,44,Chinese,MultiAgent-LLMChunking,q9_v44,如何应对因人才流失带来的竞争压力？,a9_v44,"面对因人才流失所带来的竞争压力，企业可以从多个方面着手解决：


1. 重视基层员工的满意度：确保团队成员感到被重视和尊重，能够激发他们的忠诚度。正如材料中提到的，如果员工感到被忽视或不开心，他们很可能会寻找更好的机会，甚至选择离职或创业。


2. 提供良好的职业发展机会：鼓励员工按照自己的兴趣和目标发展，无论是研究人员还是工程师，都应该有机会根据个人意愿进行专业成长。这不仅有助于提高员工的积极性，还能增强企业的竞争力。


3. 改善工作环境：营造积极、健康的工作氛围，减少不必要的内耗，鼓励创新和协作精神。良好的工作环境能够让员工感受到归属感，从而降低流动率。


4. 增加薪酬与福利：虽然这不是唯一的解决方案，但在激烈的人才争夺战中，合理的薪酬和优厚的福利待遇仍然是吸引和留住人才的重要因素之一。


5. 加强企业文化建设：建立具有吸引力的企业文化，强调团队合作和个人成长的重要性，帮助员工找到自己的定位，并与组织共同成长。




通过上述措施，企业可以在一定程度上缓解人才流失带来的压力，并保持其在市场中的竞争优势。",4,5,1,4,5,2,4
D,44,Chinese,SingleAgent,q9_v44,研究员是否需要转型为管理者？,a9_v44,研究员是否需要转型为管理者取决于个人兴趣，不一定非要转型.,5,5,5,4,5,5,4
D,44,Chinese,DualAgent,q9_v44,学术界和工业界的科研自由有什么主要区别？,a9_v44,在学术界，科研自由取决于是否有相应的基金支持，只要获得NSF或其他国家基金的支持，研究人员就可以在基金范围内进行研究. 而在工业界，科研自由更多地取决于公司的投资意愿，只要研究内容与公司相关，且公司愿意投资，研究人员就有较大的自由度开展研究. 公司的规模和产品的多样性也会影响科研的自由度.,5,5,5,5,5,4,4
D,44,Chinese,RAG,q9_v44,如何在研究工作中保持创新的同时，确保实际应用的可能性？,a9_v44,为了在研究工作中保持创新同时确保实际应用的可能性，关键在于找到研究与实际应用之间的平衡点。研究不应过于前瞻而脱离实际应用，也不应局限于现有的开源模型或用户需求不足的领域。理想的研究应处于这两者之间，既具前瞻性又贴近实际需求。这意味着研究者需要投入长期的努力，并且要与产品团队紧密合作，理解市场需求和技术可行性. 此外，研究者还应具备灵活调整的能力，根据实际情况适时调整研究方向. 通过这种方式，研究工作不仅能保持创新性，还能提高其实际应用的可能性.,5,5,5,5,5,5,5
D,56,Chinese,MultiAgent-LLMChunking,q2_v56,如何通过时间限制疗法来帮助个人克服原生家庭带来的消极影响？,a2_v56,为了帮助个人克服因原生家庭带来的消极影响，可以通过时间限制疗法（Time-Limited Therapy）来进行干预。这种方法的核心在于设定一个明确的时间框架，在这个框架内，帮助个人识别并处理原生家庭带来的负面观念和情感。通过这种方式，可以帮助个人更积极地看待未来，而不被过去的经历所束缚。具体来说，治疗师会引导个体反思其早期生活经历，并探讨这些经历如何影响了他们当前的行为模式和思维方式。最终目标是使个体能够在有限的时间内获得足够的洞察力和工具，以应对过去的影响，并对未来保持更加乐观的态度。这种方法强调效率与效果，确保在预定时间内达到预期的心理健康改善。,5,4,2,5,5,4,5
D,56,Chinese,SingleAgent,q2_v56,什么是NLP的核心？,a2_v56,NLP的核心在于通过改变想法和行为来改变结果，从而实现个人或团队的改变。,5,5,4,4,5,4,4
D,56,Chinese,DualAgent,q2_v56,在约会中如何巧妙地引导对方进入特定话题？,a2_v56,可以通过提问的方式，比如直接询问对方是否有空，并表示想邀请对方出去。这体现了提问的艺术，使对方在无压力的情况下参与讨论。,5,5,4,4,2,4,4
D,56,Chinese,RAG,q2_v56,如何在初次见面时快速建立好感？,a2_v56,"为了在初次见面时快速建立好感，可以运用NLP技巧中的匹配（matching）策略。这意味着可以通过模仿对方的身体语言、姿势以及使用的词汇来与对方建立共鸣。具体来说：




1. 模仿肢体语言：观察对方的动作，比如他们倾向于坐向哪个方向，或者手的位置，然后无意识地进行模仿。


2. 匹配话题和词汇：当对方谈论某个话题时，使用类似的词汇或表达方式来回应，这会让对方感到被理解和认同。


3. 展现兴趣而非试图印象深刻：与其努力让自己显得吸引人，不如真诚地对对方感兴趣，通过提问来鼓励对方分享更多关于自己的信息。这种方式会让对方更愿意与你互动，并且对你产生积极的好感。




通过这些方法，可以在初次见面时有效地建立良好的第一印象，促进彼此之间的亲和力。",5,5,5,5,5,5,5
D,56,Chinese,MultiAgent-LLMChunking,q4_v56,自我暗示的力量如何被用来克服自我否定的想法？,a4_v56,自我暗示的力量在于它能够逐渐改变一个人的内心信念和潜意识。当一个人因为自我否定而感到自己无用或缺乏才能时，通过持续进行积极的自我暗示，例如告诉自己“我可以做到”、“我有能力”，可以帮助他重新建立自信。这个过程可能需要时间，但一旦自我暗示真正进入了潜意识，就会成为一种内在的动力，帮助个体克服内心的消极想法，从而实现个人的成长与进步。,4,5,5,5,5,4,4
D,56,Chinese,SingleAgent,q4_v56,在职场上如何运用NLP技巧来获得老板的认可？,a4_v56,通过讨论公司的大目标并提出自己的贡献，来获得老板的认可。,5,5,5,5,4,5,2
D,56,Chinese,DualAgent,q4_v56,NLP的主要目的是什么？,a4_v56,NLP的主要目的是通过改变你的想法和行为来改变结果。例如，通过改变一个人拖延的习惯，可以使他专注于需要完成的工作。,5,5,1,5,5,2,5
D,56,Chinese,RAG,q4_v56,在职场上如何运用NLP技巧？,a4_v56,"在职场上运用NLP技巧可以帮助我们更好地与同事、上司以及客户进行有效沟通，从而建立良好的关系并获得职业上的成功。以下是一些具体的建议：




1. 肢体语言匹配：通过模仿对方的肢体语言，如点头、微笑等，来展现对对方的认同感，从而建立亲和力。


2. 语言匹配：使用与对方相似的语言风格或词汇，以便更容易引起共鸣。


3. 寻找共同点：尝试找到与对方的共同兴趣或价值观，以此为基础展开对话，有助于拉近彼此的距离。


4. 积极倾听：认真聆听对方的意见和需求，并给予适当的反馈，让对方感受到被尊重和重视。


5. 明确目标：清楚地表达自己的期望和目标，同时也要理解对方的需求，确保双方都朝着同一个方向努力。




这些技巧不仅适用于正式的工作场合，还可以应用在生活中其他需要人际互动的情境中。通过持续练习和实践，我们可以逐渐掌握这些技能，进而提升个人的职业素养和个人魅力。",5,5,5,5,5,4,5
D,56,Chinese,MultiAgent-LLMChunking,q5_v56,身体的不适是否总是与心理压力有关？如果是，原因是什么？,a5_v56,身体的 discomfort 并不总是与心理压力有关，但很多时候确实如此。例如，当人们长期面临一些无法消化的心理问题时，这些问题会通过身体的表现形式显现出来，比如胃痛或肩膀酸痛。这是因为人的身体和心灵是紧密相连的，当情绪无法得到释放和处理时，身体会成为这些情绪的“出口”。因此，身体的不适实际上是在向我们发出信号，提醒我们需要面对并解决这些隐藏在内心深处的问题。,5,5,5,5,5,5,5
D,56,Chinese,SingleAgent,q5_v56,什么是双结困境（Double Bind）？,a5_v56,Double Bind是指无论对方选择什么选项，对提问者都是有利的。,5,5,5,5,4,4,2
D,56,Chinese,DualAgent,q5_v56,如何在初次见面时快速建立亲和感？,a5_v56,在初次见面时，可以通过匹配对方的肢体语言、知识以及用词来建立亲和感。比如自然地模仿对方的动作或姿势。,5,5,5,5,5,4,4
D,56,Chinese,RAG,q5_v56,NLP技巧如何帮助提升工作中的表现？,a5_v56,NLP技巧可以帮助提升工作中的表现，因为它提供了一套工具，通过改变人的想法和行为来实现改变结果的目的。例如，在工作中，如果有拖延的习惯，可以通过NLP技巧进行改变，使其专注于手头的任务。在与老板交谈时，NLP技巧可以帮助员工更好地表达自己的价值和贡献，从而争取加薪或其他福利。此外，NLP技巧还可以帮助人们在紧张的工作场合中放松心情，提高表现。总之，NLP技巧在提升工作表现方面有着广泛的应用。,5,5,5,5,5,4,4
E,34,Chinese,DualAgent,q7_v34,医学界为什么在更年期方面之前没有得到足够的重视？,a7_v34,医学界对更年期的重视不足是因为在受训期间医生们讨论更年期的机会很少，而且医学研究和议题更多地集中在男性身上。直到Dr. Mary Haver经历了更年期，并将症状列出后，她才发现自己没有经历热潮红，这让她意识到其他症状可能与更年期有关。因此，直到Dr. Mary Haver意识到这一点，医学界才开始重视这个议题。,1,2,2,4,4,4,4
E,34,Chinese,MultiAgent-LLMChunking,q7_v34,作為家人或朋友，當更年期者出現情緒變化時，應該如何正確地表達關心？,a7_v34,"作為家人或朋友，當更年期者出現情緒變化時，正確的態度是：




1. 理解與同理心：首先要理解這些情緒變化並非由個人意志決定，而是由於荷爾蒙變化引起的。避免責備或批評，而是從同理心出發。


2. 提供支持而非建議：不要直接告訴對方該做什麼，而應當陪她一起行動，比如邀請她去逛街、調整睡眠等。


3. 鼓勵專業幫助：如果情況嚴重，可以建議尋求醫生幫助，而不僅僅是簡單地指出問題。


4. 保持耐心和包容：更年期帶來的變化是長期的，家人和朋友需要有耐心，包容對方的不完美。




總之，真正的關心是在於理解和支持，而不是一味地責備和施加壓力。",1,5,4,5,5,4,5
E,34,Chinese,RAG,q7_v34,如何应对更年期期间的情绪波动？,a7_v34,面对更年期期间的情绪波动，重要的是要理解这些情绪变化并非出于故意，而是由于生理上的荷尔蒙变化所引起的。作为伴侣或身边的人，最重要的是培养相关知识，并且给予支持与陪伴，而不是命令或批评。通过理解和支持，可以帮助更年期女性更好地适应这一阶段的变化，从而开启一段新的、更加健康的互动关系。,5,5,5,5,5,4,5
E,34,Chinese,SingleAgent,q7_v34,更年期期间为什么要定期检查？,a7_v34,定期检查有助于早期发现疾病，提高治疗效果，同时也能更好地管理更年期症状。,5,5,5,5,5,4,4
E,34,Chinese,DualAgent,q8_v34,为什么身体出现疲劳时，人们往往首先会想到心脏或甲状腺的问题？,a8_v34,这是因为当人感到疲劳时，会出现心悸等症状，这可能会让患者认为问题出在心脏；而心悸也可能与甲状腺功能异常有关，因此患者会去心内科和内分泌科检查。这说明当出现身体不适时，我们应该从多个方面考虑，而不是仅仅局限于某一两个症状上。,5,4,5,4,2,4,4
E,34,Chinese,MultiAgent-LLMChunking,q8_v34,如何面對無法預測的生活狀況？,a8_v34,面对无法预测的生活状况，最重要的是保持积极的心态。正如对话中提到的，有些人的身体状况并不会像其他人那样发生变化，即便如此，他们仍然会感到焦虑和困扰。这提醒我们，健康和体型的变化并不总是能被完全掌控。因此，接受不可控的因素，并且专注于自己能够掌控的部分，比如保持健康的生活习惯和积极的心态，是非常重要的。生活中充满了不确定性，学会适应这些变化并从中找到积极的一面，才能更好地应对未来的挑战。,4,4,5,4,4,4,4
E,34,Chinese,SingleAgent,q8_v34,如何帮助身边正在经历更年期的人？,a8_v34,应该给予理解和支持，鼓励他们记录月经周期、保持健康的生活方式，并提供情感上的陪伴。,5,5,5,5,5,4,5
E,34,Chinese,RAG,q8_v34,更年期期间女性的生育能力会如何变化？,a8_v34,更年期期间，女性的生育能力会逐渐下降，并最终停止。通常在停经前的14年左右，女性可能会开始出现卵巢退休的征兆，这标志着女性生育能力的衰退。这种变化不仅影响生理健康，也可能带来心理上的转变，使女性从生育角色向智者或导师的角色过渡。这一过程虽然伴随着一些不适，但也为女性提供了重新掌控自己生活的机会，从而更好地应对生活中的挑战。,5,5,5,5,4,4,4
E,34,Chinese,SingleAgent,q9_v34,更年期是否会影响记忆力？,a9_v34,是地，更年期可能会导致短期记忆丧失和其他认知功能障碍，称为“脑雾”。,4,5,4,5,5,5,5
E,34,Chinese,DualAgent,q9_v34,什么是脑雾（Brain fog）？,a9_v34,脑雾是指一种感觉，即你的大脑似乎不属于你，你可能会忘记想要讲的人的名字或想要说的话，或者注意力不集中，感觉大脑里有雾。,5,5,5,5,5,4,5
E,34,Chinese,MultiAgent-LLMChunking,q9_v34,围绝经期期间，雌激素水平的具体变化过程如何描述？,a9_v34,"围绝经期（perimenopause）期间，在初期，黄体酮水平会发生变化。然而，雌激素水平并不会立即减少。真正减少是在围绝经期后期，即月经周期变得不规律时，雌激素的整体分泌才会明显下降。




在35至45岁这个关键时间段内，雌激素水平并非稳定不变。如果用图表表示，雌激素水平的变化曲线更像是纺锤形：先上升再下降，然后再上升再下降。这种波动性非常显著，因此，在这个阶段通过抽血检测雌激素水平可能不够准确。",4,4,4,5,5,4,4
E,34,Chinese,RAG,q9_v34,如何通过饮食改善更年期期间的症状？,a9_v34,为了缓解更年期症状，可以通过饮食进行调整。首先，确保摄入足够的纤维，这不仅有助于肠道健康，还能支持肠道内的有益菌群。其次，增加富含Omega-3脂肪酸的食物，如鱼类油，这些营养素对大脑功能至关重要，因为它们可以帮助缓解由雌激素减少引起的大脑症状。此外，保持均衡的饮食，确保摄入足够的蛋白质和健康脂肪，对于维持整体健康非常重要。最后，记录月经周期及其相关症状的变化，可以帮助更好地了解自己的身体状况并做出相应的饮食调整。,5,5,5,5,5,4,4
E,36,Chinese,RAG,q10_v36,如何看待文科对人类价值观根基的作用？,a10_v36,文科对于人类价值观根基有着至关重要的作用。它不仅仅是提供了一些高深的知识，而是从根本上影响着人们如何看待世界、如何与他人相处。尤其是在现代社会，随着科技的发展和经济的压力，人文社会科学往往被忽视，但实际上它们在培养公民意识、促进社会公平正义等方面发挥着不可替代的作用。文科教育所传授的价值观可以帮助个体形成正确的道德判断和社会责任感，这对于构建和谐稳定的社会环境至关重要。因此，重视文科教育，保护并发扬其独特性是非常必要的。,5,5,5,5,5,5,5
E,36,Chinese,SingleAgent,q10_v36,为什么一些大学削减人文社科领域的专业？,a10_v36,为了适应市场需求，削减这些领域以集中资源到其他学科上。,5,4,5,4,4,5,4
E,36,Chinese,DualAgent,q10_v36,导游在讲解中经常会出现哪些问题，这对旅游地的发展有何影响？,a10_v36,在讲解中，导游往往会加入与历史事实无关的神话或个人解读，比如将孙中山买地与梦境联系起来。这种做法不仅损害了游客对真实历史的认知，还可能影响旅游地的整体形象和经济效益。例如，在日本的景点中，导游会详细说明信息来源和文献依据，这样的专业性有助于提升游客满意度并促进经济发展。因此，提高导游的专业素质和市场机制下的招聘与管理对于旅游地的发展至关重要。,5,4,5,2,4,4,5
E,36,Chinese,MultiAgent-LLMChunking,q10_v36,规则在社会中的主要价值体现在哪些方面？,a10_v36,"规则在社会中的主要价值体现在以下几个方面：




1. 推动投资：规则能够创造稳定的投资环境，使人们对未来充满希望。这种希望促使人们进行投资，进而带动经济发展。




2. 经济发展：法律和规则为经济发展提供了保障和支持，使得经济活动更加有序和可预测。




3. 保护人权与宪法权利：法律不仅服务于经济，还保护个人的政治权利和基本自由。随着社会财富的增长，人们对这些权利的需求日益增加，法律在此过程中扮演了重要角色。




4. 社会秩序维护：虽然法律有时被视为惩罚工具，但它实际上是为了防止混乱和社会崩溃而设立的。在缺乏法律约束的社会中，经济往往难以健康发展。




总之，规则不仅是经济发展的基础，也是社会和谐稳定的重要保障。通过制定和完善合理的规则体系，可以有效地促进社会的进步和发展。",2,4,4,4,4,2,4
E,36,Chinese,SingleAgent,q3_v36,美国2024年失业率最高的10个专业中，有哪些是文科专业？,a3_v36,10个专业中全部是文科专业，包括新闻学、哲学等。,5,5,5,5,5,5,5
E,36,Chinese,RAG,q3_v36,2024年中国就业率最低的两个文科专业是哪些？,a3_v36,根据提供的信息，2024年中国就业率最低的两个文科专业是法学和历史。,4,5,5,5,5,4,5
E,36,Chinese,MultiAgent-LLMChunking,q3_v36,教育者在教授文科知识时，应注意哪些方面才能有效防止其成为发展的障碍？,a3_v36,"教育者在教授文科知识时，应注意以下几点以防止其成为发展的障碍：




1. 保持客观性：教师应避免将个人的政治或意识形态观点带入到教学内容中。文科知识应该以学术研究为基础，而不是被特定的意识形态所左右。只有这样，学生才能获得全面、客观的知识体系，而不是受到单一视角的影响。




2. 强调批判性思维：教育者应当鼓励学生培养批判性思维能力，学会质疑和分析信息，而不是盲目接受权威或主流观点。通过这种方式，学生能够更好地理解复杂的概念，并在未来的工作和生活中做出明智的选择。




3. 注重实用性：尽管文科课程可能看起来与现实世界联系不紧密，但它们仍然可以为学生提供宝贵的技能，如沟通技巧、写作能力和逻辑推理等。因此，教育者需要找到方法将这些理论应用于实际情境中，帮助学生看到文科知识的价值所在。




4. 与时俱进：随着社会的发展和技术的进步，许多传统学科也需要不断更新其内容和方法论。教师应及时了解最新的研究成果和发展趋势，并将其融入到自己的教学中，确保学生接触到的是前沿的知识。




5. 促进跨学科交流：现代社会是一个高度互联的世界，在这里，单一领域的专业知识往往不足以解决复杂的问题。因此，教育者应该鼓励学生学习不同领域的知识，并促进他们之间的交流与合作。这不仅有助于提高学生的综合素质，还能增强他们的适应能力和竞争力。




通过以上措施，教育者可以在传授文科知识的同时，有效地防止其成为发展的障碍，而是成为推动个人成长和社会进步的重要力量。",2,5,2,5,4,4,5
E,36,Chinese,DualAgent,q3_v36,在讨论新闻的实际经济价值时，为什么作者提到在美国和日本的企业会因为新闻报道而面临巨额赔偿？,a3_v36,在美国和日本，由于新闻报道揭露了企业的问题，这些企业可能会面临巨额赔偿，甚至导致企业的倒闭。这是因为这两个国家是法治国家，言论自由，新闻媒体可以有效地监督企业和政府行为，从而保护公众利益。,4,5,5,4,5,4,4
E,36,Chinese,SingleAgent,q8_v36,为什么文科专业在现代社会中遇到一些问题？,a8_v36,文科专业的就业率低、薪资水平不高，且社会对文科的实际经济价值认识不足。,5,5,4,5,5,4,5
E,36,Chinese,RAG,q8_v36,新闻学专业在中国是否真的有用？,a8_v36,新闻学专业在中国是否有用，取决于个人的选择和发展的方向。学习新闻学并不意味着一定要进入传统媒体工作，它可以为个人提供一种自由选择的机会，去从事如深度报道等有意义的工作。然而，就业率和薪资水平确实会影响人们对这一专业的选择。从社会层面来看，新闻学专业的毕业生就业情况确实存在挑战，很多毕业生进入企业从事公众号或抖音相关的工作。因此，是否选择学习新闻学应该基于个人的兴趣和职业规划，而不是仅仅因为就业市场的供需状况。,5,5,4,4,2,4,5
E,36,Chinese,MultiAgent-LLMChunking,q8_v36,从东吴大学法学院的例子来看，我们可以学到哪些关于专业发展的经验？,a8_v36,"从东吴大学法学院的例子中，我们可以学到以下几点关于专业发展的经验：




1. 突出特色： 东吴大学法学院之所以成为民国时期最著名的法学院之一，是因为它在法学领域具备突出的专业优势。这表明在专业发展中，突出自身的优势和特色是非常重要的。




2. 社会认可度： 法学院在外界具有较高的认可度，说明专业发展需要得到社会的广泛认可和支持。可以通过高质量的教学和研究成果来提升社会影响力。




3. 持续创新： 在一个特定领域内保持领先地位需要不断的创新和进步。东吴大学法学院的成功之处在于其在法学领域的持续卓越表现。




4. 学术环境： 东吴大学法学院的成功还与其良好的学术环境有关。良好的学术氛围和资源支持有助于推动专业的发展。




通过这些经验，可以更好地理解如何在自己的专业领域中取得成功，并为个人的职业发展提供有益的启示。",4,5,2,4,4,2,4
E,36,Chinese,DualAgent,q8_v36,文科研究的主要作用是什么？,a8_v36,文科研究的主要作用是探索“我们从哪里来？我们走向何方？我们为何如此？”等抽象问题，这些问题与人生、生命和终极相关，帮助人们理解自身和世界的本质。文科的研究不仅对个人成长有意义，也对社会发展有着不可替代的价值。,5,5,2,4,4,2,4
E,38,Chinese,SingleAgent,q1_v38,为什么[PERSON_NAME] 认为人生的关键是保持平衡？,a1_v38,[PERSON_NAME] 提到，人生不应该只选择极端，而是要在灰色地带找到平衡，这样才能活得充实。,5,5,5,5,5,5,5
E,38,Chinese,RAG,q1_v38,为什么[PERSON_NAME] 认为情商不仅仅是应对他人，更是经营自己的人生？,a1_v38,[PERSON_NAME] 认为情商不仅是应对他人，更是经营自己的人生，因为一个人如果能通过提升情商来更好地管理自己，规划自己的人生目标，并为之努力奋斗，那么他就能更有效地实现自己的价值和理想。这种自我经营的过程不仅有助于个人的成长和发展，还能使个人在面对生活的挑战时更加从容和自信。,5,5,5,5,5,5,5
E,38,Chinese,MultiAgent-LLMChunking,q1_v38,为什么不应过多关注他人对我们的要求？,a1_v38,不应过多关注他人对我们的要求，因为每个人都有自己想要的生活和方向。正如说话者所说，我们每个人都应该像导演一样，决定自己想要拍摄的人生故事。如果一味地迎合他人的期望，可能会偏离自己真正想要的生活轨迹，导致不必要的委屈和挫折。因此，我们应该坚持自己的信念，勇敢地走自己选择的道路，而不是总是试图满足他人无休止的要求。,4,4,5,5,5,4,5
E,38,Chinese,DualAgent,q1_v38,如何理解时代的变化对人们行为的影响？,a1_v38,时代的变化并不会使人变得越来越保守或可怕，每个人的时代都充满挑战与恐惧。正如节目中提到的，每个时代的人们都会抱怨自己的时代，这实际上是由于身处时代之中，人们往往无法看清整体。因此，重要的是保持积极的态度，通过询问不同领域的问题来深入了解，从而更好地应对人生中的不确定性。,5,4,5,2,2,4,1
E,38,Chinese,SingleAgent,q11_v38,[PERSON_NAME] 为何认为写书能够帮助他更好地服务他人？,a11_v38,[PERSON_NAME] 认为写书能够让他更高效地分享自己的经验和知识，服务更多的人，同时这也是他在网络上无法做到的。,5,5,5,5,5,5,5
E,38,Chinese,RAG,q11_v38,[PERSON_NAME] 认为真正的财富是什么？,a11_v38,[PERSON_NAME] 认为真正的财富并非银行里的存款，而是那些能够让他人在某些时候感到开心的事情。这表明他认为真正有价值的财富在于人与人之间的情感连接和社会贡献，而不是单纯的物质财富。,5,5,5,5,5,5,5
E,38,Chinese,MultiAgent-LLMChunking,q11_v38,这段对话中的经历对你有什么启示，特别是在处理人际关系方面？,a11_v38,"这段对话揭示了一个重要的教训：在人际关系中，我们往往会记住那些让我们感到不愉快或尴尬的事情，而忽视那些积极正面的经历。这表明我们在与人交往时，应该更加注重培养积极的互动，多关注他人的优点和贡献，而不是仅仅专注于可能产生的负面印象。




启示：


1. 保持积极心态：在与人相处时，尽量保持乐观和积极的态度，避免让负面情绪主导我们的行为和记忆。


2. 珍惜每一次互动：每一次与他人的交流都可能是宝贵的机会，无论结果如何，都应该以开放和尊重的心态去对待。


3. 自我反思：定期反思自己的行为和记忆模式，意识到哪些事情是我们主动选择忽略的，从而努力改进。


4. 互相尊重：尊重他人，给予他们应有的关注和重视，这样也能建立更深厚、更长久的人际关系。",2,5,2,5,4,4,4
E,38,Chinese,DualAgent,q11_v38,在这部电影制作过程中，编剧的主要任务是什么？,a11_v38,编剧的主要任务是根据导演的要求和期望，精心剪辑预告片，以吸引观众的兴趣并激发他们观看整部电影的愿望。例如，这位编剧通过剪辑预告片成功地展示了电影的魅力，并得到了导演的认可。,5,5,5,5,5,4,4
E,38,Chinese,SingleAgent,q12_v38,如何理解“难得糊涂”在中文中的含义？,a12_v38,“难得糊涂”在中文中并非贬义，而是强调豁达和洒脱，意味着在适当的时候选择宽容和不计较，这有助于更好地处理人际关系和生活中的问题。,5,5,5,5,5,5,5
E,38,Chinese,MultiAgent-LLMChunking,q12_v38,在回顾过去的经历时，我们应该从中吸取哪些教训？,a12_v38,"在回顾过去的经历时，我们应该从中吸取以下教训：




1. 尊重个人选择：从对话中可以看出，人们对于是否饮酒有不同的看法。我们应当尊重他人的选择，不要强迫他人做不愿意做的事情。


2. 灵活应对变化：[PERSON_NAME]和[PERSON_NAME] 之前的节目中强调了饮酒的重要性，但现在情况有所改变。这提醒我们在面对变化时要保持灵活性，适应新的环境和要求。


3. 珍惜当前的自由：对话中提到今晚不设访酒，说明我们可以享受更多的自由和选择。我们应该珍惜这些机会，积极参与，享受生活中的美好时刻。


4. 保持开放心态：随着新信息的不断涌现，我们应该保持开放的心态，接受新的观点和建议。这样可以帮助我们更好地理解世界，并做出更明智的选择。




通过反思过去的经验，我们可以学到很多宝贵的人生道理，从而更好地规划未来。",2,4,4,4,4,4,4
E,38,Chinese,DualAgent,q12_v38,导演在选择剧本时，应关注什么？,a12_v38,导演应关注剧本是否能帮助实现其心中想要拍摄的电影。如果剧本不能满足导演的创作需求，则不应继续使用该剧本。,5,4,5,5,5,5,5
E,38,Chinese,RAG,q12_v38,为什么[PERSON_NAME] 认为自己更像是15岁而不是35岁？,a12_v38,[PERSON_NAME] 认为自己更像是15岁而不是35岁，因为他觉得自己内心深处仍然保留着15岁时那种对生活的热情与对未来的无限期望。尽管他已经35岁，但他依然感到有许多事情想要去做，不愿意承认自己已经到了50岁的年纪，因为那时一切都将变得无望。他认为自己仍然充满责任感，并且觉得生活还有很多可能性，因此更接近15岁的状态。,5,4,5,2,2,4,1
E,44,Chinese,MultiAgent-LLMChunking,q5_v44,在公司中，研究员与业务所有者之间的角色和影响力有何不同？,a5_v44,"在公司中，研究员（researcher）与业务所有者（business owner）的角色和影响力有着显著的不同。研究员的主要职责是专注于技术研究和技术贡献，他们通常致力于开发新的算法、模型或技术解决方案。研究员的工作目标通常是推动技术创新，并在学术或行业内产生重要影响。研究员往往拥有较高的影响力，尤其是在技术领域，他们可以主导项目的研发方向并提出创新性的想法。研究员的工作环境较为宽松，他们更注重技术深度和个人兴趣，而不必过多关注团队管理和人员激励。




相比之下，业务所有者的主要职责是确保产品的成功推出和市场竞争力。他们需要协调多个部门的合作，确保产品按时交付，并且在市场上取得成功。业务所有者的成功通常依赖于团队的协作和执行力，因此他们需要具备良好的沟通能力和管理技巧。业务所有者的工作重心在于战略规划和资源分配，而不是具体的技术实现。




研究员和业务所有者虽然在工作内容上有很大的差异，但两者并不互相排斥. 事实上，许多成功的研究员也能够胜任业务所有者的角色，因为他们不仅具备深厚的技术背景，还拥有出色的领导能力和沟通技巧. 因此，选择成为研究员还是业务所有者，取决于个人的兴趣和职业发展目标.",5,5,5,5,5,4,5
E,44,Chinese,SingleAgent,q5_v44,如何平衡带实习生与做自己项目的精力？,a5_v44,需要在时间上灵活调整，优先处理紧急任务，同时确保在合理时间内完成项目.,4,4,4,4,4,4,4
E,44,Chinese,RAG,q5_v44,如何评价学术界和业界研究之间的自由度差异？,a5_v44,学术界与业界研究的自由度存在显著差异。在学术界，研究人员主要受NSF等国家基金的支持，只要这些基金能够提供资金，研究人员可以在基金支持范围内自由开展研究。而在业界，研究方向的自由度取决于公司是否愿意投资相关研究。公司越大，产品线越多，研究自由度通常越高；反之则越低。此外，在公司内部，研究方向的选择往往是一个双向选择的过程，公司根据需求选择适合的研究人员，而研究员也会考虑组的研究方向是否符合自己的兴趣和专长。总体而言，尽管两者在某些方面存在差异，但从个人兴趣和选择的角度来看，两者其实较为接近。,4,4,3,4,4,4,4
E,44,Chinese,DualAgent,q5_v44,在公司中，奖金如何与论文和专利挂钩？,a5_v44,在公司中，奖金与论文和专利挂钩. 例如，一篇论文通常可以带来约1000美元的奖金，而一个专利则约为8000美元，但这些奖励会平均分配给所有合著者. 因此，拥有更多合著者的项目会减少每位作者的实际收益. 公司更倾向于看重专利的数量，而不是论文数量.,2,1,2,1,2,2,1
E,44,Chinese,MultiAgent-LLMChunking,q7_v44,为什么失败或探索遥远的研究项目不应该受到惩罚？,a7_v44,失败或探索遥远的研究项目不应该受到惩罚，因为这些研究本质上具有风险性。研究的目的在于探索全新的领域，而探索新领域的本质特性决定了它可能会失败或者偏离预期目标。作为组织，而不是个体研究人员，应该鼓励一种宽容失败的文化，这样能够激励研究人员大胆尝试新的想法，而不必担心因尝试失败而遭受惩罚。这种文化有助于长期创新和突破，即使短期内某些项目未见成效，但它们仍然可能在未来产生重大影响。因此，公司应当奖励那些能够平衡创新与实际应用的恰到好处的研究工作，而不是仅仅关注短期成果。,5,5,5,5,5,4,5
E,44,Chinese,SingleAgent,q7_v44,研究的风险性如何体现？,a7_v44,研究具有风险性，因为它涉及探索全新的领域，可能会导致失败或资源浪费.,5,5,5,5,5,4,4
E,44,Chinese,RAG,q7_v44,在公司内部，如何评估研究团队或部门的表现？,a7_v44,在公司内部评估研究团队或部门的表现时，应考虑多个因素。首先，研究的深度和广度要适中，既要避免研究过于前瞻以至于产品组看不到其价值，也要防止研究过于贴近现有技术而缺乏创新。理想的状况是研究能够在创新的同时，也能被产品组所采纳和认可。其次，公司应营造一种宽容失败的文化，鼓励探索前沿技术，而不应仅仅奖励那些短期内能带来直接成果的研究。最后，团队和个人的研究能力也应得到重视，例如通过指导实习生来积累经验并促进知识传承，同时个人也有机会参与大型项目或管理实践，以提升综合能力.,4,3,4,4,2,4,4
E,44,Chinese,DualAgent,q7_v44,一家公司对于发布学术论文的态度是怎样的？,a7_v44,根据这段话，一般公司对于发布学术论文的态度并不明确. Adobe Research 在这方面显得较为特别，但具体细节并未详细说明. 这表明不同公司可能有不同的政策和重视程度.,4,4,4,4,4,4,2
E,44,Chinese,SingleAgent,q9_v44,研究员是否需要转型为管理者？,a9_v44,研究员是否需要转型为管理者取决于个人兴趣，不一定非要转型.,5,5,5,5,5,5,5
E,44,Chinese,RAG,q9_v44,如何在研究工作中保持创新的同时，确保实际应用的可能性？,a9_v44,为了在研究工作中保持创新同时确保实际应用的可能性，关键在于找到研究与实际应用之间的平衡点。研究不应过于前瞻而脱离实际应用，也不应局限于现有的开源模型或用户需求不足的领域。理想的研究应处于这两者之间，既具前瞻性又贴近实际需求。这意味着研究者需要投入长期的努力，并且要与产品团队紧密合作，理解市场需求和技术可行性. 此外，研究者还应具备灵活调整的能力，根据实际情况适时调整研究方向. 通过这种方式，研究工作不仅能保持创新性，还能提高其实际应用的可能性.,5,5,5,5,5,5,5
E,44,Chinese,MultiAgent-LLMChunking,q9_v44,如何应对因人才流失带来的竞争压力？,a9_v44,"面对因人才流失所带来的竞争压力，企业可以从多个方面着手解决：


1. 重视基层员工的满意度：确保团队成员感到被重视和尊重，能够激发他们的忠诚度。正如材料中提到的，如果员工感到被忽视或不开心，他们很可能会寻找更好的机会，甚至选择离职或创业。


2. 提供良好的职业发展机会：鼓励员工按照自己的兴趣和目标发展，无论是研究人员还是工程师，都应该有机会根据个人意愿进行专业成长。这不仅有助于提高员工的积极性，还能增强企业的竞争力。


3. 改善工作环境：营造积极、健康的工作氛围，减少不必要的内耗，鼓励创新和协作精神。良好的工作环境能够让员工感受到归属感，从而降低流动率。


4. 增加薪酬与福利：虽然这不是唯一的解决方案，但在激烈的人才争夺战中，合理的薪酬和优厚的福利待遇仍然是吸引和留住人才的重要因素之一。


5. 加强企业文化建设：建立具有吸引力的企业文化，强调团队合作和个人成长的重要性，帮助员工找到自己的定位，并与组织共同成长。




通过上述措施，企业可以在一定程度上缓解人才流失带来的压力，并保持其在市场中的竞争优势。",5,5,5,5,5,4,5
E,44,Chinese,DualAgent,q9_v44,学术界和工业界的科研自由有什么主要区别？,a9_v44,在学术界，科研自由取决于是否有相应的基金支持，只要获得NSF或其他国家基金的支持，研究人员就可以在基金范围内进行研究. 而在工业界，科研自由更多地取决于公司的投资意愿，只要研究内容与公司相关，且公司愿意投资，研究人员就有较大的自由度开展研究. 公司的规模和产品的多样性也会影响科研的自由度.,5,5,5,5,5,4,5
E,56,Chinese,SingleAgent,q2_v56,什么是NLP的核心？,a2_v56,NLP的核心在于通过改变想法和行为来改变结果，从而实现个人或团队的改变。,5,5,5,5,5,5,5
E,56,Chinese,RAG,q2_v56,如何在初次见面时快速建立好感？,a2_v56,"为了在初次见面时快速建立好感，可以运用NLP技巧中的匹配（matching）策略。这意味着可以通过模仿对方的身体语言、姿势以及使用的词汇来与对方建立共鸣。具体来说：




1. 模仿肢体语言：观察对方的动作，比如他们倾向于坐向哪个方向，或者手的位置，然后无意识地进行模仿。


2. 匹配话题和词汇：当对方谈论某个话题时，使用类似的词汇或表达方式来回应，这会让对方感到被理解和认同。


3. 展现兴趣而非试图印象深刻：与其努力让自己显得吸引人，不如真诚地对对方感兴趣，通过提问来鼓励对方分享更多关于自己的信息。这种方式会让对方更愿意与你互动，并且对你产生积极的好感。




通过这些方法，可以在初次见面时有效地建立良好的第一印象，促进彼此之间的亲和力。",5,5,5,5,5,5,5
E,56,Chinese,DualAgent,q2_v56,在约会中如何巧妙地引导对方进入特定话题？,a2_v56,可以通过提问的方式，比如直接询问对方是否有空，并表示想邀请对方出去。这体现了提问的艺术，使对方在无压力的情况下参与讨论。,5,5,5,4,4,4,2
E,56,Chinese,MultiAgent-LLMChunking,q2_v56,如何通过时间限制疗法来帮助个人克服原生家庭带来的消极影响？,a2_v56,为了帮助个人克服因原生家庭带来的消极影响，可以通过时间限制疗法（Time-Limited Therapy）来进行干预。这种方法的核心在于设定一个明确的时间框架，在这个框架内，帮助个人识别并处理原生家庭带来的负面观念和情感。通过这种方式，可以帮助个人更积极地看待未来，而不被过去的经历所束缚。具体来说，治疗师会引导个体反思其早期生活经历，并探讨这些经历如何影响了他们当前的行为模式和思维方式。最终目标是使个体能够在有限的时间内获得足够的洞察力和工具，以应对过去的影响，并对未来保持更加乐观的态度。这种方法强调效率与效果，确保在预定时间内达到预期的心理健康改善。,5,5,5,5,5,4,5
E,56,Chinese,RAG,q4_v56,在职场上如何运用NLP技巧？,a4_v56,"在职场上运用NLP技巧可以帮助我们更好地与同事、上司以及客户进行有效沟通，从而建立良好的关系并获得职业上的成功。以下是一些具体的建议：




1. 肢体语言匹配：通过模仿对方的肢体语言，如点头、微笑等，来展现对对方的认同感，从而建立亲和力。


2. 语言匹配：使用与对方相似的语言风格或词汇，以便更容易引起共鸣。


3. 寻找共同点：尝试找到与对方的共同兴趣或价值观，以此为基础展开对话，有助于拉近彼此的距离。


4. 积极倾听：认真聆听对方的意见和需求，并给予适当的反馈，让对方感受到被尊重和重视。


5. 明确目标：清楚地表达自己的期望和目标，同时也要理解对方的需求，确保双方都朝着同一个方向努力。




这些技巧不仅适用于正式的工作场合，还可以应用在生活中其他需要人际互动的情境中。通过持续练习和实践，我们可以逐渐掌握这些技能，进而提升个人的职业素养和个人魅力。",5,5,5,5,5,5,5
E,56,Chinese,SingleAgent,q4_v56,在职场上如何运用NLP技巧来获得老板的认可？,a4_v56,通过讨论公司的大目标并提出自己的贡献，来获得老板的认可。,5,5,5,5,5,4,4
E,56,Chinese,DualAgent,q4_v56,NLP的主要目的是什么？,a4_v56,NLP的主要目的是通过改变你的想法和行为来改变结果。例如，通过改变一个人拖延的习惯，可以使他专注于需要完成的工作。,5,5,5,5,4,4,4
E,56,Chinese,MultiAgent-LLMChunking,q4_v56,自我暗示的力量如何被用来克服自我否定的想法？,a4_v56,自我暗示的力量在于它能够逐渐改变一个人的内心信念和潜意识。当一个人因为自我否定而感到自己无用或缺乏才能时，通过持续进行积极的自我暗示，例如告诉自己“我可以做到”、“我有能力”，可以帮助他重新建立自信。这个过程可能需要时间，但一旦自我暗示真正进入了潜意识，就会成为一种内在的动力，帮助个体克服内心的消极想法，从而实现个人的成长与进步。,4,4,4,4,4,4,4
E,56,Chinese,SingleAgent,q5_v56,什么是双结困境（Double Bind）？,a5_v56,Double Bind是指无论对方选择什么选项，对提问者都是有利的。,5,5,5,5,5,5,5
E,56,Chinese,RAG,q5_v56,NLP技巧如何帮助提升工作中的表现？,a5_v56,NLP技巧可以帮助提升工作中的表现，因为它提供了一套工具，通过改变人的想法和行为来实现改变结果的目的。例如，在工作中，如果有拖延的习惯，可以通过NLP技巧进行改变，使其专注于手头的任务。在与老板交谈时，NLP技巧可以帮助员工更好地表达自己的价值和贡献，从而争取加薪或其他福利。此外，NLP技巧还可以帮助人们在紧张的工作场合中放松心情，提高表现。总之，NLP技巧在提升工作表现方面有着广泛的应用。,5,4,5,5,4,5,5
E,56,Chinese,MultiAgent-LLMChunking,q5_v56,身体的不适是否总是与心理压力有关？如果是，原因是什么？,a5_v56,身体的 discomfort 并不总是与心理压力有关，但很多时候确实如此。例如，当人们长期面临一些无法消化的心理问题时，这些问题会通过身体的表现形式显现出来，比如胃痛或肩膀酸痛。这是因为人的身体和心灵是紧密相连的，当情绪无法得到释放和处理时，身体会成为这些情绪的“出口”。因此，身体的不适实际上是在向我们发出信号，提醒我们需要面对并解决这些隐藏在内心深处的问题。,5,5,5,5,5,5,5
E,56,Chinese,DualAgent,q5_v56,如何在初次见面时快速建立亲和感？,a5_v56,在初次见面时，可以通过匹配对方的肢体语言、知识以及用词来建立亲和感。比如自然地模仿对方的动作或姿势。,5,5,5,4,5,5,5
F,34,Chinese,MultiAgent-LLMChunking,q7_v34,作為家人或朋友，當更年期者出現情緒變化時，應該如何正確地表達關心？,a7_v34,"作為家人或朋友，當更年期者出現情緒變化時，正確的態度是：




1. 理解與同理心：首先要理解這些情緒變化並非由個人意志決定，而是由於荷爾蒙變化引起的。避免責備或批評，而是從同理心出發。


2. 提供支持而非建議：不要直接告訴對方該做什麼，而應當陪她一起行動，比如邀請她去逛街、調整睡眠等。


3. 鼓勵專業幫助：如果情況嚴重，可以建議尋求醫生幫助，而不僅僅是簡單地指出問題。


4. 保持耐心和包容：更年期帶來的變化是長期的，家人和朋友需要有耐心，包容對方的不完美。




總之，真正的關心是在於理解和支持，而不是一味地責備和施加壓力。",5,5,5,5,5,5,5
F,34,Chinese,SingleAgent,q7_v34,更年期期间为什么要定期检查？,a7_v34,定期检查有助于早期发现疾病，提高治疗效果，同时也能更好地管理更年期症状。,5,5,5,5,5,5,5
F,34,Chinese,DualAgent,q7_v34,医学界为什么在更年期方面之前没有得到足够的重视？,a7_v34,医学界对更年期的重视不足是因为在受训期间医生们讨论更年期的机会很少，而且医学研究和议题更多地集中在男性身上。直到Dr. Mary Haver经历了更年期，并将症状列出后，她才发现自己没有经历热潮红，这让她意识到其他症状可能与更年期有关。因此，直到Dr. Mary Haver意识到这一点，医学界才开始重视这个议题。,2,2,4,4,4,4,4
F,34,Chinese,RAG,q7_v34,如何应对更年期期间的情绪波动？,a7_v34,面对更年期期间的情绪波动，重要的是要理解这些情绪变化并非出于故意，而是由于生理上的荷尔蒙变化所引起的。作为伴侣或身边的人，最重要的是培养相关知识，并且给予支持与陪伴，而不是命令或批评。通过理解和支持，可以帮助更年期女性更好地适应这一阶段的变化，从而开启一段新的、更加健康的互动关系。,4,5,4,5,5,4,5
F,34,Chinese,MultiAgent-LLMChunking,q8_v34,如何面對無法預測的生活狀況？,a8_v34,面对无法预测的生活状况，最重要的是保持积极的心态。正如对话中提到的，有些人的身体状况并不会像其他人那样发生变化，即便如此，他们仍然会感到焦虑和困扰。这提醒我们，健康和体型的变化并不总是能被完全掌控。因此，接受不可控的因素，并且专注于自己能够掌控的部分，比如保持健康的生活习惯和积极的心态，是非常重要的。生活中充满了不确定性，学会适应这些变化并从中找到积极的一面，才能更好地应对未来的挑战。,4,5,4,5,5,4,5
F,34,Chinese,SingleAgent,q8_v34,如何帮助身边正在经历更年期的人？,a8_v34,应该给予理解和支持，鼓励他们记录月经周期、保持健康的生活方式，并提供情感上的陪伴。,4,4,5,5,5,4,4
F,34,Chinese,DualAgent,q8_v34,为什么身体出现疲劳时，人们往往首先会想到心脏或甲状腺的问题？,a8_v34,这是因为当人感到疲劳时，会出现心悸等症状，这可能会让患者认为问题出在心脏；而心悸也可能与甲状腺功能异常有关，因此患者会去心内科和内分泌科检查。这说明当出现身体不适时，我们应该从多个方面考虑，而不是仅仅局限于某一两个症状上。,4,2,4,1,4,4,2
F,34,Chinese,RAG,q8_v34,更年期期间女性的生育能力会如何变化？,a8_v34,更年期期间，女性的生育能力会逐渐下降，并最终停止。通常在停经前的14年左右，女性可能会开始出现卵巢退休的征兆，这标志着女性生育能力的衰退。这种变化不仅影响生理健康，也可能带来心理上的转变，使女性从生育角色向智者或导师的角色过渡。这一过程虽然伴随着一些不适，但也为女性提供了重新掌控自己生活的机会，从而更好地应对生活中的挑战。,4,5,4,5,5,4,5
F,34,Chinese,MultiAgent-LLMChunking,q9_v34,围绝经期期间，雌激素水平的具体变化过程如何描述？,a9_v34,"围绝经期（perimenopause）期间，在初期，黄体酮水平会发生变化。然而，雌激素水平并不会立即减少。真正减少是在围绝经期后期，即月经周期变得不规律时，雌激素的整体分泌才会明显下降。




在35至45岁这个关键时间段内，雌激素水平并非稳定不变。如果用图表表示，雌激素水平的变化曲线更像是纺锤形：先上升再下降，然后再上升再下降。这种波动性非常显著，因此，在这个阶段通过抽血检测雌激素水平可能不够准确。",4,5,4,5,5,4,5
F,34,Chinese,SingleAgent,q9_v34,更年期是否会影响记忆力？,a9_v34,是地，更年期可能会导致短期记忆丧失和其他认知功能障碍，称为“脑雾”。,5,4,5,4,4,5,5
F,34,Chinese,DualAgent,q9_v34,什么是脑雾（Brain fog）？,a9_v34,脑雾是指一种感觉，即你的大脑似乎不属于你，你可能会忘记想要讲的人的名字或想要说的话，或者注意力不集中，感觉大脑里有雾。,4,4,4,4,5,4,4
F,34,Chinese,RAG,q9_v34,如何通过饮食改善更年期期间的症状？,a9_v34,为了缓解更年期症状，可以通过饮食进行调整。首先，确保摄入足够的纤维，这不仅有助于肠道健康，还能支持肠道内的有益菌群。其次，增加富含Omega-3脂肪酸的食物，如鱼类油，这些营养素对大脑功能至关重要，因为它们可以帮助缓解由雌激素减少引起的大脑症状。此外，保持均衡的饮食，确保摄入足够的蛋白质和健康脂肪，对于维持整体健康非常重要。最后，记录月经周期及其相关症状的变化，可以帮助更好地了解自己的身体状况并做出相应的饮食调整。,4,5,4,5,5,4,5
F,36,Chinese,MultiAgent-LLMChunking,q3_v36,教育者在教授文科知识时，应注意哪些方面才能有效防止其成为发展的障碍？,a3_v36,"教育者在教授文科知识时，应注意以下几点以防止其成为发展的障碍：




1. 保持客观性：教师应避免将个人的政治或意识形态观点带入到教学内容中。文科知识应该以学术研究为基础，而不是被特定的意识形态所左右。只有这样，学生才能获得全面、客观的知识体系，而不是受到单一视角的影响。




2. 强调批判性思维：教育者应当鼓励学生培养批判性思维能力，学会质疑和分析信息，而不是盲目接受权威或主流观点。通过这种方式，学生能够更好地理解复杂的概念，并在未来的工作和生活中做出明智的选择。




3. 注重实用性：尽管文科课程可能看起来与现实世界联系不紧密，但它们仍然可以为学生提供宝贵的技能，如沟通技巧、写作能力和逻辑推理等。因此，教育者需要找到方法将这些理论应用于实际情境中，帮助学生看到文科知识的价值所在。




4. 与时俱进：随着社会的发展和技术的进步，许多传统学科也需要不断更新其内容和方法论。教师应及时了解最新的研究成果和发展趋势，并将其融入到自己的教学中，确保学生接触到的是前沿的知识。




5. 促进跨学科交流：现代社会是一个高度互联的世界，在这里，单一领域的专业知识往往不足以解决复杂的问题。因此，教育者应该鼓励学生学习不同领域的知识，并促进他们之间的交流与合作。这不仅有助于提高学生的综合素质，还能增强他们的适应能力和竞争力。




通过以上措施，教育者可以在传授文科知识的同时，有效地防止其成为发展的障碍，而是成为推动个人成长和社会进步的重要力量。",2,4,2,4,4,2,4
F,36,Chinese,SingleAgent,q3_v36,美国2024年失业率最高的10个专业中，有哪些是文科专业？,a3_v36,10个专业中全部是文科专业，包括新闻学、哲学等。,5,5,5,5,5,5,5
F,36,Chinese,DualAgent,q3_v36,在讨论新闻的实际经济价值时，为什么作者提到在美国和日本的企业会因为新闻报道而面临巨额赔偿？,a3_v36,在美国和日本，由于新闻报道揭露了企业的问题，这些企业可能会面临巨额赔偿，甚至导致企业的倒闭。这是因为这两个国家是法治国家，言论自由，新闻媒体可以有效地监督企业和政府行为，从而保护公众利益。,4,4,2,5,4,4,4
F,36,Chinese,RAG,q3_v36,2024年中国就业率最低的两个文科专业是哪些？,a3_v36,根据提供的信息，2024年中国就业率最低的两个文科专业是法学和历史。,4,5,4,5,5,4,4
F,36,Chinese,MultiAgent-LLMChunking,q8_v36,从东吴大学法学院的例子来看，我们可以学到哪些关于专业发展的经验？,a8_v36,"从东吴大学法学院的例子中，我们可以学到以下几点关于专业发展的经验：




1. 突出特色： 东吴大学法学院之所以成为民国时期最著名的法学院之一，是因为它在法学领域具备突出的专业优势。这表明在专业发展中，突出自身的优势和特色是非常重要的。




2. 社会认可度： 法学院在外界具有较高的认可度，说明专业发展需要得到社会的广泛认可和支持。可以通过高质量的教学和研究成果来提升社会影响力。




3. 持续创新： 在一个特定领域内保持领先地位需要不断的创新和进步。东吴大学法学院的成功之处在于其在法学领域的持续卓越表现。




4. 学术环境： 东吴大学法学院的成功还与其良好的学术环境有关。良好的学术氛围和资源支持有助于推动专业的发展。




通过这些经验，可以更好地理解如何在自己的专业领域中取得成功，并为个人的职业发展提供有益的启示。",4,5,4,5,5,4,5
F,36,Chinese,SingleAgent,q8_v36,为什么文科专业在现代社会中遇到一些问题？,a8_v36,文科专业的就业率低、薪资水平不高，且社会对文科的实际经济价值认识不足。,2,4,4,5,4,4,5
F,36,Chinese,DualAgent,q8_v36,文科研究的主要作用是什么？,a8_v36,文科研究的主要作用是探索“我们从哪里来？我们走向何方？我们为何如此？”等抽象问题，这些问题与人生、生命和终极相关，帮助人们理解自身和世界的本质。文科的研究不仅对个人成长有意义，也对社会发展有着不可替代的价值。,4,5,5,5,5,4,5
F,36,Chinese,RAG,q8_v36,新闻学专业在中国是否真的有用？,a8_v36,新闻学专业在中国是否有用，取决于个人的选择和发展的方向。学习新闻学并不意味着一定要进入传统媒体工作，它可以为个人提供一种自由选择的机会，去从事如深度报道等有意义的工作。然而，就业率和薪资水平确实会影响人们对这一专业的选择。从社会层面来看，新闻学专业的毕业生就业情况确实存在挑战，很多毕业生进入企业从事公众号或抖音相关的工作。因此，是否选择学习新闻学应该基于个人的兴趣和职业规划，而不是仅仅因为就业市场的供需状况。,2,2,4,4,1,2,4
F,36,Chinese,MultiAgent-LLMChunking,q10_v36,规则在社会中的主要价值体现在哪些方面？,a10_v36,"规则在社会中的主要价值体现在以下几个方面：




1. 推动投资：规则能够创造稳定的投资环境，使人们对未来充满希望。这种希望促使人们进行投资，进而带动经济发展。




2. 经济发展：法律和规则为经济发展提供了保障和支持，使得经济活动更加有序和可预测。




3. 保护人权与宪法权利：法律不仅服务于经济，还保护个人的政治权利和基本自由。随着社会财富的增长，人们对这些权利的需求日益增加，法律在此过程中扮演了重要角色。




4. 社会秩序维护：虽然法律有时被视为惩罚工具，但它实际上是为了防止混乱和社会崩溃而设立的。在缺乏法律约束的社会中，经济往往难以健康发展。




总之，规则不仅是经济发展的基础，也是社会和谐稳定的重要保障。通过制定和完善合理的规则体系，可以有效地促进社会的进步和发展。",4,4,4,5,4,4,4
F,36,Chinese,SingleAgent,q10_v36,为什么一些大学削减人文社科领域的专业？,a10_v36,为了适应市场需求，削减这些领域以集中资源到其他学科上。,4,4,5,5,5,4,4
F,36,Chinese,DualAgent,q10_v36,导游在讲解中经常会出现哪些问题，这对旅游地的发展有何影响？,a10_v36,在讲解中，导游往往会加入与历史事实无关的神话或个人解读，比如将孙中山买地与梦境联系起来。这种做法不仅损害了游客对真实历史的认知，还可能影响旅游地的整体形象和经济效益。例如，在日本的景点中，导游会详细说明信息来源和文献依据，这样的专业性有助于提升游客满意度并促进经济发展。因此，提高导游的专业素质和市场机制下的招聘与管理对于旅游地的发展至关重要。,4,1,4,1,2,4,2
F,36,Chinese,RAG,q10_v36,如何看待文科对人类价值观根基的作用？,a10_v36,文科对于人类价值观根基有着至关重要的作用。它不仅仅是提供了一些高深的知识，而是从根本上影响着人们如何看待世界、如何与他人相处。尤其是在现代社会，随着科技的发展和经济的压力，人文社会科学往往被忽视，但实际上它们在培养公民意识、促进社会公平正义等方面发挥着不可替代的作用。文科教育所传授的价值观可以帮助个体形成正确的道德判断和社会责任感，这对于构建和谐稳定的社会环境至关重要。因此，重视文科教育，保护并发扬其独特性是非常必要的。,2,5,2,4,4,4,5
F,38,Chinese,MultiAgent-LLMChunking,q1_v38,为什么不应过多关注他人对我们的要求？,a1_v38,不应过多关注他人对我们的要求，因为每个人都有自己想要的生活和方向。正如说话者所说，我们每个人都应该像导演一样，决定自己想要拍摄的人生故事。如果一味地迎合他人的期望，可能会偏离自己真正想要的生活轨迹，导致不必要的委屈和挫折。因此，我们应该坚持自己的信念，勇敢地走自己选择的道路，而不是总是试图满足他人无休止的要求。,5,5,4,5,5,4,5
F,38,Chinese,SingleAgent,q1_v38,为什么[PERSON_NAME] 认为人生的关键是保持平衡？,a1_v38,[PERSON_NAME] 提到，人生不应该只选择极端，而是要在灰色地带找到平衡，这样才能活得充实。,4,2,4,2,2,4,2
F,38,Chinese,DualAgent,q1_v38,如何理解时代的变化对人们行为的影响？,a1_v38,时代的变化并不会使人变得越来越保守或可怕，每个人的时代都充满挑战与恐惧。正如节目中提到的，每个时代的人们都会抱怨自己的时代，这实际上是由于身处时代之中，人们往往无法看清整体。因此，重要的是保持积极的态度，通过询问不同领域的问题来深入了解，从而更好地应对人生中的不确定性。,5,4,4,1,2,4,2
F,38,Chinese,RAG,q1_v38,为什么[PERSON_NAME] 认为情商不仅仅是应对他人，更是经营自己的人生？,a1_v38,[PERSON_NAME] 认为情商不仅是应对他人，更是经营自己的人生，因为一个人如果能通过提升情商来更好地管理自己，规划自己的人生目标，并为之努力奋斗，那么他就能更有效地实现自己的价值和理想。这种自我经营的过程不仅有助于个人的成长和发展，还能使个人在面对生活的挑战时更加从容和自信。,2,2,2,2,4,2,2
F,38,Chinese,MultiAgent-LLMChunking,q11_v38,这段对话中的经历对你有什么启示，特别是在处理人际关系方面？,a11_v38,"这段对话揭示了一个重要的教训：在人际关系中，我们往往会记住那些让我们感到不愉快或尴尬的事情，而忽视那些积极正面的经历。这表明我们在与人交往时，应该更加注重培养积极的互动，多关注他人的优点和贡献，而不是仅仅专注于可能产生的负面印象。




启示：


1. 保持积极心态：在与人相处时，尽量保持乐观和积极的态度，避免让负面情绪主导我们的行为和记忆。


2. 珍惜每一次互动：每一次与他人的交流都可能是宝贵的机会，无论结果如何，都应该以开放和尊重的心态去对待。


3. 自我反思：定期反思自己的行为和记忆模式，意识到哪些事情是我们主动选择忽略的，从而努力改进。


4. 互相尊重：尊重他人，给予他们应有的关注和重视，这样也能建立更深厚、更长久的人际关系。",2,2,2,2,2,2,4
F,38,Chinese,SingleAgent,q11_v38,[PERSON_NAME] 为何认为写书能够帮助他更好地服务他人？,a11_v38,[PERSON_NAME] 认为写书能够让他更高效地分享自己的经验和知识，服务更多的人，同时这也是他在网络上无法做到的。,4,4,4,4,2,4,2
F,38,Chinese,DualAgent,q11_v38,在这部电影制作过程中，编剧的主要任务是什么？,a11_v38,编剧的主要任务是根据导演的要求和期望，精心剪辑预告片，以吸引观众的兴趣并激发他们观看整部电影的愿望。例如，这位编剧通过剪辑预告片成功地展示了电影的魅力，并得到了导演的认可。,5,4,4,4,4,4,1
F,38,Chinese,RAG,q11_v38,[PERSON_NAME] 认为真正的财富是什么？,a11_v38,[PERSON_NAME] 认为真正的财富并非银行里的存款，而是那些能够让他人在某些时候感到开心的事情。这表明他认为真正有价值的财富在于人与人之间的情感连接和社会贡献，而不是单纯的物质财富。,5,2,4,4,5,4,5
F,38,Chinese,MultiAgent-LLMChunking,q12_v38,在回顾过去的经历时，我们应该从中吸取哪些教训？,a12_v38,"在回顾过去的经历时，我们应该从中吸取以下教训：




1. 尊重个人选择：从对话中可以看出，人们对于是否饮酒有不同的看法。我们应当尊重他人的选择，不要强迫他人做不愿意做的事情。


2. 灵活应对变化：[PERSON_NAME]和[PERSON_NAME] 之前的节目中强调了饮酒的重要性，但现在情况有所改变。这提醒我们在面对变化时要保持灵活性，适应新的环境和要求。


3. 珍惜当前的自由：对话中提到今晚不设访酒，说明我们可以享受更多的自由和选择。我们应该珍惜这些机会，积极参与，享受生活中的美好时刻。


4. 保持开放心态：随着新信息的不断涌现，我们应该保持开放的心态，接受新的观点和建议。这样可以帮助我们更好地理解世界，并做出更明智的选择。




通过反思过去的经验，我们可以学到很多宝贵的人生道理，从而更好地规划未来。",2,2,2,2,1,2,1
F,38,Chinese,SingleAgent,q12_v38,如何理解“难得糊涂”在中文中的含义？,a12_v38,“难得糊涂”在中文中并非贬义，而是强调豁达和洒脱，意味着在适当的时候选择宽容和不计较，这有助于更好地处理人际关系和生活中的问题。,5,5,5,5,5,5,5
F,38,Chinese,DualAgent,q12_v38,导演在选择剧本时，应关注什么？,a12_v38,导演应关注剧本是否能帮助实现其心中想要拍摄的电影。如果剧本不能满足导演的创作需求，则不应继续使用该剧本。,4,4,4,4,4,4,2
F,38,Chinese,RAG,q12_v38,为什么[PERSON_NAME] 认为自己更像是15岁而不是35岁？,a12_v38,[PERSON_NAME] 认为自己更像是15岁而不是35岁，因为他觉得自己内心深处仍然保留着15岁时那种对生活的热情与对未来的无限期望。尽管他已经35岁，但他依然感到有许多事情想要去做，不愿意承认自己已经到了50岁的年纪，因为那时一切都将变得无望。他认为自己仍然充满责任感，并且觉得生活还有很多可能性，因此更接近15岁的状态。,4,4,4,4,4,2,2
F,44,Chinese,MultiAgent-LLMChunking,q5_v44,在公司中，研究员与业务所有者之间的角色和影响力有何不同？,a5_v44,"在公司中，研究员（researcher）与业务所有者（business owner）的角色和影响力有着显著的不同。研究员的主要职责是专注于技术研究和技术贡献，他们通常致力于开发新的算法、模型或技术解决方案。研究员的工作目标通常是推动技术创新，并在学术或行业内产生重要影响。研究员往往拥有较高的影响力，尤其是在技术领域，他们可以主导项目的研发方向并提出创新性的想法。研究员的工作环境较为宽松，他们更注重技术深度和个人兴趣，而不必过多关注团队管理和人员激励。




相比之下，业务所有者的主要职责是确保产品的成功推出和市场竞争力。他们需要协调多个部门的合作，确保产品按时交付，并且在市场上取得成功。业务所有者的成功通常依赖于团队的协作和执行力，因此他们需要具备良好的沟通能力和管理技巧。业务所有者的工作重心在于战略规划和资源分配，而不是具体的技术实现。




研究员和业务所有者虽然在工作内容上有很大的差异，但两者并不互相排斥. 事实上，许多成功的研究员也能够胜任业务所有者的角色，因为他们不仅具备深厚的技术背景，还拥有出色的领导能力和沟通技巧. 因此，选择成为研究员还是业务所有者，取决于个人的兴趣和职业发展目标.",2,2,4,2,2,4,2
F,44,Chinese,SingleAgent,q5_v44,如何平衡带实习生与做自己项目的精力？,a5_v44,需要在时间上灵活调整，优先处理紧急任务，同时确保在合理时间内完成项目.,4,4,4,4,2,4,2
F,44,Chinese,DualAgent,q5_v44,在公司中，奖金如何与论文和专利挂钩？,a5_v44,在公司中，奖金与论文和专利挂钩. 例如，一篇论文通常可以带来约1000美元的奖金，而一个专利则约为8000美元，但这些奖励会平均分配给所有合著者. 因此，拥有更多合著者的项目会减少每位作者的实际收益. 公司更倾向于看重专利的数量，而不是论文数量.,2,1,2,2,4,2,2
F,44,Chinese,RAG,q5_v44,如何评价学术界和业界研究之间的自由度差异？,a5_v44,学术界与业界研究的自由度存在显著差异。在学术界，研究人员主要受NSF等国家基金的支持，只要这些基金能够提供资金，研究人员可以在基金支持范围内自由开展研究。而在业界，研究方向的自由度取决于公司是否愿意投资相关研究。公司越大，产品线越多，研究自由度通常越高；反之则越低。此外，在公司内部，研究方向的选择往往是一个双向选择的过程，公司根据需求选择适合的研究人员，而研究员也会考虑组的研究方向是否符合自己的兴趣和专长。总体而言，尽管两者在某些方面存在差异，但从个人兴趣和选择的角度来看，两者其实较为接近。,5,5,4,4,4,4,4
F,44,Chinese,MultiAgent-LLMChunking,q7_v44,为什么失败或探索遥远的研究项目不应该受到惩罚？,a7_v44,失败或探索遥远的研究项目不应该受到惩罚，因为这些研究本质上具有风险性。研究的目的在于探索全新的领域，而探索新领域的本质特性决定了它可能会失败或者偏离预期目标。作为组织，而不是个体研究人员，应该鼓励一种宽容失败的文化，这样能够激励研究人员大胆尝试新的想法，而不必担心因尝试失败而遭受惩罚。这种文化有助于长期创新和突破，即使短期内某些项目未见成效，但它们仍然可能在未来产生重大影响。因此，公司应当奖励那些能够平衡创新与实际应用的恰到好处的研究工作，而不是仅仅关注短期成果。,4,5,4,5,5,4,5
F,44,Chinese,SingleAgent,q7_v44,研究的风险性如何体现？,a7_v44,研究具有风险性，因为它涉及探索全新的领域，可能会导致失败或资源浪费.,2,5,4,5,4,2,4
F,44,Chinese,DualAgent,q7_v44,一家公司对于发布学术论文的态度是怎样的？,a7_v44,根据这段话，一般公司对于发布学术论文的态度并不明确. Adobe Research 在这方面显得较为特别，但具体细节并未详细说明. 这表明不同公司可能有不同的政策和重视程度.,4,1,4,2,2,2,2
F,44,Chinese,RAG,q7_v44,在公司内部，如何评估研究团队或部门的表现？,a7_v44,在公司内部评估研究团队或部门的表现时，应考虑多个因素。首先，研究的深度和广度要适中，既要避免研究过于前瞻以至于产品组看不到其价值，也要防止研究过于贴近现有技术而缺乏创新。理想的状况是研究能够在创新的同时，也能被产品组所采纳和认可。其次，公司应营造一种宽容失败的文化，鼓励探索前沿技术，而不应仅仅奖励那些短期内能带来直接成果的研究。最后，团队和个人的研究能力也应得到重视，例如通过指导实习生来积累经验并促进知识传承，同时个人也有机会参与大型项目或管理实践，以提升综合能力.,5,2,4,2,1,4,2
F,44,Chinese,MultiAgent-LLMChunking,q9_v44,如何应对因人才流失带来的竞争压力？,a9_v44,"面对因人才流失所带来的竞争压力，企业可以从多个方面着手解决：


1. 重视基层员工的满意度：确保团队成员感到被重视和尊重，能够激发他们的忠诚度。正如材料中提到的，如果员工感到被忽视或不开心，他们很可能会寻找更好的机会，甚至选择离职或创业。


2. 提供良好的职业发展机会：鼓励员工按照自己的兴趣和目标发展，无论是研究人员还是工程师，都应该有机会根据个人意愿进行专业成长。这不仅有助于提高员工的积极性，还能增强企业的竞争力。


3. 改善工作环境：营造积极、健康的工作氛围，减少不必要的内耗，鼓励创新和协作精神。良好的工作环境能够让员工感受到归属感，从而降低流动率。


4. 增加薪酬与福利：虽然这不是唯一的解决方案，但在激烈的人才争夺战中，合理的薪酬和优厚的福利待遇仍然是吸引和留住人才的重要因素之一。


5. 加强企业文化建设：建立具有吸引力的企业文化，强调团队合作和个人成长的重要性，帮助员工找到自己的定位，并与组织共同成长。




通过上述措施，企业可以在一定程度上缓解人才流失带来的压力，并保持其在市场中的竞争优势。",5,5,5,5,5,4,5
F,44,Chinese,SingleAgent,q9_v44,研究员是否需要转型为管理者？,a9_v44,研究员是否需要转型为管理者取决于个人兴趣，不一定非要转型.,4,4,4,4,4,4,2
F,44,Chinese,DualAgent,q9_v44,学术界和工业界的科研自由有什么主要区别？,a9_v44,在学术界，科研自由取决于是否有相应的基金支持，只要获得NSF或其他国家基金的支持，研究人员就可以在基金范围内进行研究. 而在工业界，科研自由更多地取决于公司的投资意愿，只要研究内容与公司相关，且公司愿意投资，研究人员就有较大的自由度开展研究. 公司的规模和产品的多样性也会影响科研的自由度.,4,5,4,5,4,4,5
F,44,Chinese,RAG,q9_v44,如何在研究工作中保持创新的同时，确保实际应用的可能性？,a9_v44,为了在研究工作中保持创新同时确保实际应用的可能性，关键在于找到研究与实际应用之间的平衡点。研究不应过于前瞻而脱离实际应用，也不应局限于现有的开源模型或用户需求不足的领域。理想的研究应处于这两者之间，既具前瞻性又贴近实际需求。这意味着研究者需要投入长期的努力，并且要与产品团队紧密合作，理解市场需求和技术可行性. 此外，研究者还应具备灵活调整的能力，根据实际情况适时调整研究方向. 通过这种方式，研究工作不仅能保持创新性，还能提高其实际应用的可能性.,2,5,2,5,5,2,5
F,56,Chinese,MultiAgent-LLMChunking,q2_v56,如何通过时间限制疗法来帮助个人克服原生家庭带来的消极影响？,a2_v56,为了帮助个人克服因原生家庭带来的消极影响，可以通过时间限制疗法（Time-Limited Therapy）来进行干预。这种方法的核心在于设定一个明确的时间框架，在这个框架内，帮助个人识别并处理原生家庭带来的负面观念和情感。通过这种方式，可以帮助个人更积极地看待未来，而不被过去的经历所束缚。具体来说，治疗师会引导个体反思其早期生活经历，并探讨这些经历如何影响了他们当前的行为模式和思维方式。最终目标是使个体能够在有限的时间内获得足够的洞察力和工具，以应对过去的影响，并对未来保持更加乐观的态度。这种方法强调效率与效果，确保在预定时间内达到预期的心理健康改善。,4,5,4,4,5,4,4
F,56,Chinese,SingleAgent,q2_v56,什么是NLP的核心？,a2_v56,NLP的核心在于通过改变想法和行为来改变结果，从而实现个人或团队的改变。,4,5,4,5,5,4,5
F,56,Chinese,DualAgent,q2_v56,在约会中如何巧妙地引导对方进入特定话题？,a2_v56,可以通过提问的方式，比如直接询问对方是否有空，并表示想邀请对方出去。这体现了提问的艺术，使对方在无压力的情况下参与讨论。,4,2,4,2,2,4,2
F,56,Chinese,RAG,q2_v56,如何在初次见面时快速建立好感？,a2_v56,"为了在初次见面时快速建立好感，可以运用NLP技巧中的匹配（matching）策略。这意味着可以通过模仿对方的身体语言、姿势以及使用的词汇来与对方建立共鸣。具体来说：




1. 模仿肢体语言：观察对方的动作，比如他们倾向于坐向哪个方向，或者手的位置，然后无意识地进行模仿。


2. 匹配话题和词汇：当对方谈论某个话题时，使用类似的词汇或表达方式来回应，这会让对方感到被理解和认同。


3. 展现兴趣而非试图印象深刻：与其努力让自己显得吸引人，不如真诚地对对方感兴趣，通过提问来鼓励对方分享更多关于自己的信息。这种方式会让对方更愿意与你互动，并且对你产生积极的好感。




通过这些方法，可以在初次见面时有效地建立良好的第一印象，促进彼此之间的亲和力。",5,5,5,5,5,4,5
F,56,Chinese,MultiAgent-LLMChunking,q4_v56,自我暗示的力量如何被用来克服自我否定的想法？,a4_v56,自我暗示的力量在于它能够逐渐改变一个人的内心信念和潜意识。当一个人因为自我否定而感到自己无用或缺乏才能时，通过持续进行积极的自我暗示，例如告诉自己“我可以做到”、“我有能力”，可以帮助他重新建立自信。这个过程可能需要时间，但一旦自我暗示真正进入了潜意识，就会成为一种内在的动力，帮助个体克服内心的消极想法，从而实现个人的成长与进步。,4,5,4,5,4,4,5
F,56,Chinese,SingleAgent,q4_v56,在职场上如何运用NLP技巧来获得老板的认可？,a4_v56,通过讨论公司的大目标并提出自己的贡献，来获得老板的认可。,4,2,4,2,1,4,2
F,56,Chinese,DualAgent,q4_v56,NLP的主要目的是什么？,a4_v56,NLP的主要目的是通过改变你的想法和行为来改变结果。例如，通过改变一个人拖延的习惯，可以使他专注于需要完成的工作。,4,4,4,4,4,4,4
F,56,Chinese,RAG,q4_v56,在职场上如何运用NLP技巧？,a4_v56,"在职场上运用NLP技巧可以帮助我们更好地与同事、上司以及客户进行有效沟通，从而建立良好的关系并获得职业上的成功。以下是一些具体的建议：




1. 肢体语言匹配：通过模仿对方的肢体语言，如点头、微笑等，来展现对对方的认同感，从而建立亲和力。


2. 语言匹配：使用与对方相似的语言风格或词汇，以便更容易引起共鸣。


3. 寻找共同点：尝试找到与对方的共同兴趣或价值观，以此为基础展开对话，有助于拉近彼此的距离。


4. 积极倾听：认真聆听对方的意见和需求，并给予适当的反馈，让对方感受到被尊重和重视。


5. 明确目标：清楚地表达自己的期望和目标，同时也要理解对方的需求，确保双方都朝着同一个方向努力。




这些技巧不仅适用于正式的工作场合，还可以应用在生活中其他需要人际互动的情境中。通过持续练习和实践，我们可以逐渐掌握这些技能，进而提升个人的职业素养和个人魅力。",4,5,4,5,5,4,5
F,56,Chinese,MultiAgent-LLMChunking,q5_v56,身体的不适是否总是与心理压力有关？如果是，原因是什么？,a5_v56,身体的 discomfort 并不总是与心理压力有关，但很多时候确实如此。例如，当人们长期面临一些无法消化的心理问题时，这些问题会通过身体的表现形式显现出来，比如胃痛或肩膀酸痛。这是因为人的身体和心灵是紧密相连的，当情绪无法得到释放和处理时，身体会成为这些情绪的“出口”。因此，身体的不适实际上是在向我们发出信号，提醒我们需要面对并解决这些隐藏在内心深处的问题。,4,5,4,5,4,4,5
F,56,Chinese,SingleAgent,q5_v56,什么是双结困境（Double Bind）？,a5_v56,Double Bind是指无论对方选择什么选项，对提问者都是有利的。,4,2,4,2,2,4,2
F,56,Chinese,DualAgent,q5_v56,如何在初次见面时快速建立亲和感？,a5_v56,在初次见面时，可以通过匹配对方的肢体语言、知识以及用词来建立亲和感。比如自然地模仿对方的动作或姿势。,5,4,4,4,4,4,5
F,56,Chinese,RAG,q5_v56,NLP技巧如何帮助提升工作中的表现？,a5_v56,NLP技巧可以帮助提升工作中的表现，因为它提供了一套工具，通过改变人的想法和行为来实现改变结果的目的。例如，在工作中，如果有拖延的习惯，可以通过NLP技巧进行改变，使其专注于手头的任务。在与老板交谈时，NLP技巧可以帮助员工更好地表达自己的价值和贡献，从而争取加薪或其他福利。此外，NLP技巧还可以帮助人们在紧张的工作场合中放松心情，提高表现。总之，NLP技巧在提升工作表现方面有着广泛的应用。,2,4,2,4,5,4,5
B,80,Hindi,MultiAgent-LLMChunking,q5_v80,लोगों को अपनी निजीवित्तीय प्रबंधन कैसेसीखाया जा सकता है?,a5_v80,"निजी वित्तीय प्रबंधन को सीखनेके लिए पहला बड़ा तरीका है किछोटे सामान से शुरू करें। छोटेधन से खेलने लगें और इससेआने वाली खुशी और सफलतासे सीखें। यह आपकी जीवन केलिए एक अच्छा शुरुआत होगी।यह बच्चे को नियमित रूप सेधन के बारे में सोचने औरनियंत्रण करने की तलाश करनेके लिए प्रेरित करेगा।


इसके अलावा, लोगों को जाननाचाहिए कि धन के नियंत्रण मेंवित्तीय निष्क्रियता का महत्वक्या है और इससे कैसे लाभउठाया जा सकता है। लोग निजीवित्तीय प्रबंधन को सीख सकतेहैं जब उन्हें अपने खुद के लिएएक सामान्य बजट बनाने कीजानकारी दी जाए। यह उन्हेंअपने खर्चों और बचतों के बीचसंतुलन का ज्ञान देगा और यहउन्हें अपने आपको नियंत्रितरखने में मदद करेगा।",5,5,5,4,5,5,5
B,80,Hindi,MultiAgent-LLMChunking,q10_v80,कैसे अपने कैरियर मेंस्किल्स और तकनीकीजान को बढ़ा सकते हैं?,a10_v80,"स्किल्स और तकनीकी जान कोबढ़ाने के लिए आपकोनिम्नलिखित करना चाहिए:


1. **स्वयंसेवक विश्वास(Self-confidence)**: आपकोअपने कैरियर में अस्तित्व करनेके लिए आवश्यक विश्वास लेनाचाहिए। यह विश्वास आपकेलिए एक नई चीज़ सीखने याएक नया काम लेने के लिए बहुतमहत्वपूर्ण है।


2. **संचार (Networking)**: आपको अपने दोस्तों, या दूसरोंके साथ संपर्क बनाना चाहिए।यह आपको नए सिद्धांतों औरतकनीकों के बारे में जानकारीदेगा और आपको अपने कैरियरमें सफल होने में मदद करेगा।


3. **स्वयंसेवक अध्ययन(Continuous Self-Study)**: आपको अपने जानकारी कोनियमित रूप से बढ़ाना चाहिए।यह आपके लिए एक नई चीज़सीखने या एक नया काम लेने केलिए बहुत महत्वपूर्ण है।


4. **संकीर्ण अभियान(Focused Efforts)**: आपको अपने कैरियर मेंनिश्चित निर्धारित करना चाहिए।आपको निश्चित लक्ष्य निर्धारितकरना चाहिए जिससे आपकेलिए आने वाले स्किल्स औरतकनीकी जान बढ़ सकें।


5. **प्रतिबद्धता(Dedication)**: आपकोअपने कैरियर के लिए प्रतिबद्धरहना चाहिए। यह आपको नएस्किल्स और तकनीकी जान कोअपने जानकारी में शामिल करनेमें मदद करेगा।


आपको याद रखना चाहिए किअपने कैरियर में स्किल्स औरतकनीकी जान को बढ़ाने केलिए नियमित शिक्षा औरअभियान आवश्यक हैं।",5,5,5,5,5,5,5
B,80,Hindi,RAG,q1_v80,आज के विद्यार्थियों केलिए महत्वपूर्ण है कि उन्हेंकैसे अपने करियर केलिए एक योग्य योजनाबनानी चाहिए?,a1_v80,"आज के विद्यार्थियों के लिएअपने करियर के लिए एक योग्ययोजना बनाने के लिए उन्हें पहलेसे ही अपने रुचि क्षेत्रों को पतालगाना चाहिए। उन्हें स्कूल, कॉलेज या अन्य संस्थाओं मेंअवसरों की जांच करनी चाहिएऔर अपने संक्षिप्त समय केउद्देश्यों का निर्धारण करनाचाहिए। उन्हें अपने करियर कीचार्टर बनाने में प्रयास, प्रयोग सेनिपुण होना चाहिए। इसकेअलावा, उन्हें अपने जीवन केउद्देश्यों को स्पष्ट करना चाहिएऔर अगले लाइफस्टेप्स के लिएअधिक जानकारी प्राप्त करनाचाहिए। अंत में, उन्हें अपनेउपायों को नियमित रूप सेसीखने, सीखने से विकसितकरने और अपनी योजना बारबार छोटी छोटी सुधारों सेनियमित रूप से तेजी से बदलावदेना चाहिए।",5,4,5,4,5,5,5
B,70,Hindi,MultiAgent-LLMChunking,q4_v70,योगी ने योग के लिएदेवताओं की श्रद्धा के बारेमें क्या बताया?,a4_v70,"योगी ने योग के लिए देवताओंकी श्रद्धा के बारे में इस प्रकारबताया कि जब हम योग अभ्यासकरते हैं, तो हमारे दिमाग़ औरशरीर की शांति के लिए तरीकेखोजते हैं। इस तरह की शांतिऔर स्थिरता देवताओं की श्रद्धाऔर प्रसन्नता के साथ प्राप्तहोती है। इसलिए योगी ने कहाकि देवताओं को प्रसन्न करने केलिए उनके लिए पूजा करनीचाहिए ताकि वे हमारे अभ्यासको सफल बनाएं।",4,4,5,4,5,4,5
B,72,Hindi,RAG,q6_v72,आपके अनुभव से आपक्या सिखाते हैं कि घर मेंकाम करते हों तो आपकेदिमाग को नियंत्रितकरना बिल्कुल जायजहै?,a6_v72,"हाँ, घर से काम करते हों तोआपके दिमाग को नियंत्रितकरना बिल्कुल जायज है। यहअच्छा हो सकता है लेकिनआपको ध्यान देना चाहिए किआपका दिमाग नहीं तभी भागरहा हो जब आप घर आते हैं।आपको यह सिखाना चाहिए किआपका दिमाग घर के बाहर औरघर में अलग-अलग रूप सेनियंत्रित हो सकता है। आपकोअपने दिमाग को एक ओर रखनाचाहिए जब आप घर में आते हैंऔर आपकी संबंध, रिलेक्सेशनऔर अपनी ताज्ञ भी देखनीचाहिए। अगर आपका दिमागघर में भी तबाह रहा है तोआपकी संबंध और अपनी सारीजीवन की तरह भी तबाह होसकती है। इसलिए, आपको यहसिखाना चाहिए कि आपकादिमाग घर से काम करने के बादभी नियंत्रित रहे।",4,3,4,3,5,5,4
B,72,Hindi,RAG,q10_v72,आपके अनुभव से आपक्या सिखाते हैं किआपके बच्चों के साथसंबंध बनाने में थेरपी काभूमिका क्या है?,a10_v72,"थेरपी का भूमिका बहुतमहत्वपूर्ण है जब हम अपने बच्चोंके साथ संबंध बनाने में हैं। थेरपीएक ऐसा योग्य लोग या थेरपिस्टको लाने में मदद करती है जोबच्चे के ट्राउमा या पसीने कोसमझ सके और उसके जीवन केनक्शे को बनाते हैं। यह बताताहै कि क्या घटनाएँ हुई थीं औरउसके भविष्य में क्या प्रभाव थे।थेरपी बंद करने के बाद, जबवास्तविक चुनाव आते हैं, तबबच्चे को अपने संवाद के बादएक नया दृष्टिकोण दिलायाजाता है जो उन्हें अपने नजरियेको बदलने मदद करता है। यहसमय के साथ होता है औरथेरपी के बाद बच्चे को अच्छीतरह से अपने शारीरिक औरमानसिक स्वास्थ्य को संबंधितकरने में मदद मिलती है।",4,4,4,4,4,5,4
B,77,Hindi,MultiAgent-LLMChunking,q3_v77,क्या आपका मानना हैकि शुरुआत में उनफ़ाइनान्स के नाम केकंपनियों में काम करनासबसे अच्छा विकल्पनहीं हो सकता है?,a3_v77,"हाँ, माना जा सकता है किशुरुआत में फ़ाइनान्स के नामकी कंपनियों में काम करनासबसे अच्छा विकल्प नहीं होसकता है। यह कारण हो सकताहै कि इसमें न काम के रूप मेंतीव्र तनाव हो सकता है, न हीउसमें वास्तविक विशेषज्ञीयताका अभिकार आ सकता है।बच्चे की आखिरियों के वर्षों मेंवास्तविक अनुभव और अपनेख़ास शैली और रूप का निर्माणकरने में मदद मिल सकता हैअन्य कंपनियों में।",4,4,5,4,5,5,4
B,77,Hindi,MultiAgent-LLMChunking,q6_v77,शुरुआती उद्यमी के लिएसफलता का मानदंडक्या हो सकता है?,a6_v77,"शुरुआती उद्यमी के लिएसफलता का मानदंड उस व्यक्तिकी आशा और प्रयास केपरिणाम हो सकता है। अगर वेअच्छी तरह से अपना शुरुआतीकाम करते हैं, तो वह लाभ जैसे[FINANCIAL_DETAILS] या अधिक प्राप्त कर सकते हैं।लेकिन सफलता का वास्तविकमानदंड उनके प्रयास के माध्यमसे लाभ उठाने और संपूर्णव्यवसाय के उद्देश्यों को पूराकरने में हो सकता है।",5,4,5,4,5,5,4
B,80,Hindi,DualAgent,q9_v80,क्या सफलता के लिएप्रारंभिक स्तडियो मेंबातचीत और सेल्स काअधिकार होना जरूरी है?,a9_v80,"जी, सफलता के लिए प्रारंभिकस्तडियो में बातचीत और सेल्सका अधिकार जरूरी होता हैक्योंकि यह आपको लोगों केसाथ संपर्क बनाने और उन्हेंअपनी बात समझने में मददकरता है। यह आपकी विक्रेताकौशल और लोगों के साथसंपर्क बनाने के तरीके में वैश्विकसामाजिक और सांस्कृतिकसंवाद को समझने में मदद करताहै।",4,2,5,4,5,5,4
B,80,Hindi,RAG,q3_v80,विद्यार्थियों के लिए अगलेसाल के रॉल्यूमेन्स केसाथ ख़ासकर भारत मेंकैसे संगत जॉब खोजनासंभव है?,a3_v80,"अगले साल के रॉल्यूमेन्स केसाथ भारत में जॉब खोजने केलिए, विद्यार्थियों कोआधिकारिक और निजी स्रोतोंसे जानकारी प्राप्त करनाचाहिए। वे आपकार्य जॉबसाइटों पर खोज कर सकते हैंऔर संगठित रूप से अपनेशॉपिंग कॉर्स और ट्रेनिंग कोसुरक्षित कर सकते हैं। इसकेअलावा, वे अपने निजी समूहों मेंसंपर्क स्थापित कर सकते हैं औरइस तरह से अपने जानकारी औरतकनीकी समर्थन प्राप्त करसकते हैं। अंत में, वे अपनेशॉर्ट-टर्म गोल्स को स्थापितकरके अपनी क्षमताओं कोविकसित कर सकते हैं जो उनकेलिए उपयुक्त जॉब खोजने मेंमदद कर सकते हैं।",4,2,5,4,5,5,4
B,80,Hindi,DualAgent,q10_v80,क्या जीवन में फेलर कासीखना जरूरी है? अगरहाँ तो फेलर से क्यासीखा जा सकता है?,a10_v80,"जी, जीवन में फेलर का सीखनाजरूरी है क्योंकि यह आपकोअपनी व्यक्तिगत सीमाओं कोसमझने में मदद करता है औरआपको अपने क्षमताओं कोसमझने में मदद करता है। फेलरसे आप सीख सकते हैं कि आपक्या अनिवार्य नहीं, आप क्यानहीं कर सकते, और क्याआपके लिए अनुकूल नहीं है।",4,4,5,4,4,5,4
B,64,Hindi,MultiAgent-LLMChunking,q11_v64,जानकारी प्राप्त करने केलिए ऑनलाइन जर्नीकैसे बनाया जा सकताहै?,a11_v64,"ऑनलाइन जर्नी का बनानाआसान नहीं है, लेकिन इसकेलिए कुछ बुनियादी ब्लॉक्सआवश्यक हैं। आपकोआवश्यक जानकारी प्राप्त करनेके लिए पहले आपको उनविषयों को सीखना होगा जोआपकी आयामों को पूरा करनेमें मदद करेंगे। इस एपिसोड सेआप शुरू कर सकते हैं जहाँआपको दिया गया एक बुनियादीप्रणाली है। आपको इंगित कियाजा रहा है कि आपको विशेषतौर पर स्टाटिस्टिक्स, ऑप्टिमाइजेशन, डेटाएनालिटिक्स और मशीन लर्निंगइत्यादि की जानकारी प्राप्तकरनी चाहिए। यह जर्नी आपकोआगामी अपस्किलिंग के लिएबुनियाद बनाने में मदद करेगी।",4,2,2,4,4,4,4
B,64,Hindi,RAG,q11_v64,आपको एडिटिंग के लिएसबसे अच्छी वेबसाइटया टूल आवश्यक हैजिससे आप अपने शैलीको सुधार सकते हैं?,a11_v64,"आपको एडिटिंग के लिए सबसेअच्छी वेबसाइट या टूल""नापकिन डॉट एडिया"" होनीचाहिए। यह टूल आपकीधारणाओं के बारे में प्रेजेंटेशनबनाने में मदद करता है, आपकोपूरी स्क्रिप्ट लिख सकता है, उसेप्रेजेंटेशन में कन्वर्ट कर सकता हैऔर आप बीच-बीच में इसेएडिट कर सकते हैं। इस टूल काउपयोग करके आप अपने शैलीको सुधार सकते हैं और अपनेकाम को और भी अच्छा बनासकते हैं।",3,2,4,4,4,4,4
B,64,Hindi,MultiAgent-LLMChunking,q15_v64,लर्निंग और सिखाने केबीच अंतर क्या है?,a15_v64,"लर्निंग और सिखाने के बीचअंतर यह है कि लर्निंग एकअकेले का प्रक्रिया है जहाँ एकव्यक्ति अपने ज्ञान कोवैश्विकीकृत करता है और नएज्ञान को अपने अंदर लेता है।इसकी तुलना में, सिखाना एकशिक्षण की प्रक्रिया है जहाँ एकव्यक्ति अपने ज्ञान को दूसरे कोप्रस्तुत करता है और उन्हें उसेसमझने में मदद करता है।सिखाने के दौरान, शिक्षक अपनेज्ञान को संग्रहित करता है औरयह उस तरह व्यक्त करता है जोछात्रों को बुद्धि में आ जाए। इसप्रकार, सिखाने में शिक्षक कोअपने ज्ञान को व्यक्त करने कीआवश्यकता होती है जबकिलर्निंग में व्यक्ति अपने ज्ञान कोवैश्विकीकृत करने में मददमिलती है।",5,4,5,4,4,4,4
B,64,Hindi,MultiAgent-LLMChunking,q18_v64,"आपने बताया किआपको खुद पढ़ाई करनेमें आश्चर्य हुआ किआपको इतनी चीजें नहींपता थीं, तो यह आपकीख्याल क्या है कि यहआपके लिए बेहतर है?",a18_v64,"आश्चर्य हुआ कि इतनी चीजेंनहीं पता थीं, यह बताता है किहमेशा अधिक जानना चाहिए।यह बेहतर है क्योंकि यह हमेंअपनी जानकारी औरसक्षमताओं को सुधारने में मददकरता है। जब भी आपजानकारी की जरूरत असल मेंपता चलती है, तो वही जगहआप उसे खोजने लगते हैं। यहबहुत सफल रहता है जब आपअपनी पढाई और अध्ययन केबारे में सीखने के लिए जानकारीखोजते हैं।",4,4,4,4,4,4,4
B,70,Hindi,MultiAgent-LLMChunking,q2_v70,स्टॉक मार्केट में नियमितघटनाओं के बारे मेंजानकारी लेने के लिएआपको क्या चाहिए?,a2_v70,"स्टॉक मार्केट में नियमितघटनाओं के बारे में जानकारीलेने के लिए, आपको फायदे देनेवाले इंसाइडर की ट्रेडिंग औरस्कैम की जानकारी चाहिए। यहजानकारी आपको ताकत देगीऔर आपको स्टॉक मार्केट मेंनियमित घटनाओं के बारे मेंसमझ देगी। इसके अलावा, आपको भी इतिहास से सीखनाचाहिए, जहाँ ऐसी घटनाएं पहलीबार घटी थीं।",4,4,5,4,4,4,4
B,70,Hindi,RAG,q2_v70,चंद्रगुप्त मौर्य के लिएचानक्या का भूमिका क्याथी?,a2_v70,"चंद्रगुप्त मौर्य के लिए चानक्याका भूमिका गुरु था जो उसेसुनने, सलाह देने और उनकीनीतियों पर विचार करने में मददकी। वह चंद्रगुप्त को लीडरशिपके तकनीकों और नीति के बारे मेंसीखाने में मदद की और उसे बारेमें बताने की जानकारी दी।चानक्या ने अपने जीवन मेंअपनी नीति और लीडरशिप कीतैयारी की और चंद्रगुप्त को एकऐसे राजा के रूप में बनायाजिसने भारत को बहुत बड़ापावरफुल राष्ट्र बनाया।",5,4,5,4,5,4,4
B,70,Hindi,RAG,q4_v70,आप लोगों को बताए गएकि नई लीडरशिप केलिए युवा योग्यता कोकैसे निर्धारित किया जासकता है?,a4_v70,"आप लोगों को बताया गया किनई लीडरशिप के लिए युवायोग्यता को निर्धारित करने केलिए अगले ट्रेनिंग और विकासकी आवश्यकता होती है। युवालोगों को ट्रेन करके उन्हेंलीडरशिप के गुणों पर संकेतदिया जाता है, जिनमें समझ, फेंस और निर्णय शामिल होतेहैं। युवा लोगों को ट्रेनिंग दियाजाता है ताकि वे अपने समूह केलिए एक अच्छा कैप्टन बन सकेंजो अपनी टीम को नेतृत्व देसके। यह निर्धारण अक्सरउनकी इंट्रस्टिंग और इंट्रुक्शन परआधारित होता है जो उन्हेंलीडरशिप के लिए योग्य बनातीहै। युवा लोगों को इस तरह सेट्रेनिंग दिया जाता है कि वे अपनेसमूह के लिए एक अच्छा नेताबन सकें जो अपनी टीम कोनेतृत्व दे सके।",4,4,4,4,4,4,4
B,70,Hindi,MultiAgent-LLMChunking,q8_v70,दिमाग के विभिन्न हिस्सोंको meditation केमाध्यम से कैसे सक्रियबनाया जा सकता है?,a8_v70,"ध्यान के माध्यम से दिमाग केविभिन्न हिस्सों को सक्रिय बनानेके लिए, आपको आरामदायकवातावरण बनाना चाहिए औरनियमित ढंग से ध्यान करना शुरूकरना चाहिए। ध्यान के दौरान, आपका दिमाग शांति काअवस्था प्राप्त कर लेता हैजिससे आपके विभिन्न हिस्सोंकी संपूर्णता और संयोजन मेंसुधार होता है। इससे आपकाध्यान और समझ का क्षेत्र बढ़ताहै और आपके अंदरआवश्यकताओं को समझने मेंसक्षम बनते हैं। यह भी उपयोगीहै कि आप नियमित तौर पर एकशांत समय खींचें और ध्यान करें, जिससे आपके दिमाग केविभिन्न हिस्सों को सक्रिय औरसंयोजित बनाने में मदद मिलेगी।",5,4,5,4,4,4,4
B,72,Hindi,MultiAgent-LLMChunking,q5_v72,मनोरोग और शारीरिकस्वास्थ्य के बीच संबंधको समझने के लिए एकसंसाधन क्या होनाचाहिए?,a5_v72,"संसाधन के लिए आवश्यक होनाचाहिए कि एक मनोरोग औरशारीरिक स्वास्थ्य के संबंध कोसमझने में आपको बोध औरविश्लेषण की क्षमता हो। यहसंबंध बताता है कि शारीरिकस्वास्थ्य और मनोरोग में एकसंधारित्र भूमिका निभाता है।जैसे [PERSON_NAME] नेकहा कि खाना, व्यायाम औरयोगा आपके शारीरिक औरमनोरोग स्वास्थ्य को संयुक्त रूपसे स्थापित करता है। यह संबंधबताता है कि यदि आपकाशारीरिक स्वास्थ्य नहीं सुरक्षितहै तो आपका मनोरोग भी लंबेसमय में स्थायी नहीं रह सकता।इस प्रकार एक संसाधन बननाचाहिए जो यह संबंध समझ सकेऔर इसे लंबे समय तक स्थायीरख सके।",4,4,4,4,4,4,4
B,72,Hindi,SingleAgent,q5_v72,थेरपी के बारे में एकआम त्रांसिशन है किइसकी उपयोगी नहींहोती क्योंकि यह बसदवाओं का इंतजार करनेके लिए है?,a5_v72,"थेरपी की उपयोगी नहीं होतीक्योंकि यह बस दवाओं काइंतजार करने के लिए है, बल्कियह एक विकास रणनीति है जोलोगों को अपनी जीवन के असरोंसे बचने में मदद मिलाती है औरउनकी स्वास्थ्य को सुधारने मेंबांट देती है।",4,2,5,4,5,4,4
B,72,Hindi,MultiAgent-LLMChunking,q6_v72,दुख के बाद आपकोजीवन में गहराई से देखनेकी जरूरत होती है क्या?,a6_v72,"हाँ, दुख के बाद आपको जीवनमें गहराई से देखने की जरूरतहोती है। जब दुख होता है, तोइसका अर्थ देने के लिए आपकोअपने जीवन को गहराई सेदेखना होता है। यह देखनाआपको अपने दिल के गहराईोंको समझने में मदद करता हैऔर आपको दुख के जड़ों कोपता लगाने में मदद करता है।यह देखना आपको अपनी जीवनकी यादगारियों को समझने मेंमदद करता है और आपकोअपनी भावनाओं को समझने मेंमदद करता है। यह देखनाआपको अपनी जीवन केदिन-दिवस को समझने में मददकरता है और आपको अपनीभावनाओं को समझने में मददकरता है। यह देखना आपकोअपनी जीवन के दिन-दिवस कोसमझने में मदद करता है औरआपको अपनी भावनाओं कोसमझने में मदद करता है।",5,4,5,4,5,4,4
B,72,Hindi,SingleAgent,q6_v72,थेरपी के बारे में एकआम संदेह है कि यहजान बचाता है या बसदवाओं का इंतजार करनाहै?,a6_v72,"थेरपी जान बचाता है जो दवाओंका इंतजार करने के लिए नहीं, बल्कि यह लोगों को अपनीजीवन के असरों से बचने में मददमिलाती है और उनकी स्वास्थ्यको सुधारने में बांट देती है।",4,2,5,4,5,4,4
B,72,Hindi,MultiAgent-LLMChunking,q10_v72,"आपने बताया किइंटरसेप्टिव थ्राउमा थेरेपीके तहत यह विश्वास हैकि छह साल के घटनाओंका प्रभाव बारह साल केबाद भी बाकी रहता है, तो यह क्या तात्पर्य है?",a10_v72,"इंटरसेप्टिव थ्राउमा थेरेपी केतहत यह विश्वास है कि छहसाल की उम्र में एक बच्चे को याएक व्यक्ति को परेशान करनेवाली घटनाएं या त्रांसफर किएजाने वाले अनुभव बारीक रूप सेयाद रहते हैं और उन्हें बाद मेंजीवन की वजह से वापस लातेआते हैं। यह तात्पर्य है कि एकछह साल के बच्चे के दिमाग मेंया जानवरी भावों में रखे गएअनुभव जो अपनी जीन्स में छिपेरहते हैं, उन्हें बारह साल की उम्रया बाद में अनुभवों के तहत फिरसे उतार देते आते हैं। यह तात्पर्यहै कि यह छह साल की घटनाएंबाद के अनुभवों को न्यूनतम रूपसे प्रभावित कर सकती हैं औरवह छुटकारा नहीं ले सकती हैं।",4,4,5,4,4,4,4
B,72,Hindi,SingleAgent,q10_v72,थेरपी के बारे में एकआम संदेह है कि यहजान बचाता है या बसदवाओं का इंतजार करनाहै?,a10_v72,"थेरपी जान बचाता है जो दवाओंका इंतजार करने के लिए नहीं, बल्कि यह लोगों को अपनीजीवन के असरों से बचने में मददमिलाती है और उनकी स्वास्थ्यको सुधारने में बांट देती है।",4,2,5,4,5,4,4
B,77,Hindi,MultiAgent-LLMChunking,q4_v77,टीसीएस में पहले 5 सालके लिए आपको क्याउम्मीद रखना चाहिए?,a4_v77,"टीसीएस में पहले 5 साल केलिए आपको उम्मीद रखनाचाहिए कि आपकी कैरियर काशुरुआती भाग ठीक-ठीक चलरहा हो, और आपकी शक्लिकशक्ल में वास्तविक शक्लनिकल रही हो। पहले कुछ सालमें आपकी काम की गुणवत्ताऔर आपकी अनुभव की ग्राफबढ़ती रहेंगी, जो आपकी भविष्यकी सफलता के लिए महत्वपूर्णहोगी। इसके अलावा, आपकोउम्मीद रखना चाहिए कि आपकीसलारी बाद में बढ़ेगी, जैसे किटीसीएस में पहले एक साल केबाद[FINANCIAL_DETAILS]।",4,4,5,4,4,4,4
B,80,Hindi,MultiAgent-LLMChunking,q9_v80,इंगित किया गया है किआपको यह याद रखनाचाहिए कि आपकोजानना चाहिए किआपको जीवन में क्याकरना है?,a9_v80,"हाँ, यहाँ पर सुझाव दिया गया हैकि आपको याद रखना चाहिएकि आपको जीवन में क्या करनाहै। 25 वर्ष की उम्र में आपकोअपने जीवन के उद्देश्य औरलक्ष्य को स्पष्ट करना चाहिए।यह स्पष्टता आपके लिए एकआगे बढ़ने वाला ध्यानदार बिंदुहोगा जो आपको अपनी शैक्षिकऔर निर्माण योग्यताओं कोविकसित करने में मदद करेगा।",3,4,4,4,5,4,4
B,64,Hindi,DualAgent,q15_v64,चैट जीपीटी औरजैमिनाई वाले चैट बॉट्सके बीच एक अंतर क्याहै?,a15_v64,"चैट जीपीटी और जैमिनाई वालेचैट बॉट्स के बीच अंतर यह हैकि चैट जीपीटी बेहतर एक्यूरेसीऔर अधिक वर्सिटाइल हैजबकि जैमिनाई बेहतरएलगोरिदम और डेटा इन्साइंट्रीके साथ वास्तविक समयसमस्याओं को हल करने में कामकरता है। चैट जीपीटी अक्सरबेहतर अक्यूरेसी के साथआपको जवाब देता है, जबकिजैमिनाई बेहतर समय-समय परडेटा विश्लेषण के लिए उपयोगीहै।",5,2,5,4,4,2,4
B,77,Hindi,RAG,q4_v77,आपकी खुद कीएड्युकेशन के बारे मेंबताईए ताकि लोग जानसकें कि आप एकबाइकाइल बनना चाहतेहैं या नहीं?,a4_v77,"मैं एक बाइकाइल बनना चाहताहूँ क्योंकि मेरी खुद कीएड्युकेशन ने मुझे ऐसा तैयारकिया कि मैं अपनी चाह अपनेदृश्य और अपनी इच्छा की दिशामें जा सकूँ। इंजिनियरिंग के बादमैंने एक मेडिकल नॉन-प्रोफाइटके साथ काम किया, जहाँ मैंनेअपनी इच्छा के अनुसार अपनाजीवन बनाया। फिर मैंने एकएमबीए किया और अब मैंबाइकाइल बनने की इच्छा वालाहूँ। यह बताने के लिए एकविशेष शिक्षा और एड्युकेशनदिलाता है कि अगर आपको एकचीज नहीं पसंद हो, तो आप उसेभी पूरा कर सकते हैं और अपनीइच्छा की दिशा में जा सकते हैं।यह बताता है कि एड्युकेशन नहींही आपको जानकारी देता है, बल्कि यह आपको रिसोल्वेंसदेता है जो आपको अपनी इच्छाकी दिशा में जाने में मदद करताहै।",2,2,2,2,4,2,4
B,77,Hindi,DualAgent,q4_v77,आपकी शिक्षा औरकैरियर में एक आधारभूतसंदर्भ क्या था जोआपको अंतिम निर्णयों मेंमदद कर सकता था?,a4_v77,आपके लिए एक आधारभूतसंदर्भ था कि आप आजकल कीवास्तविकता और दुनिया केप्रैक्टिकल वर्ल्ड को समझें।आपको सुनाया गया था किछात्रों के उपयुक्त इन्फॉर्मेशन केअनुसार कैरियर अधिकार लेने केलिए आपको लोगों के इंटेंट औररिस्पेक्ट करना चाहिए जोआपसे छोटी आयु में जुड़े हैं।,4,3,4,3,4,4,3
B,77,Hindi,DualAgent,q6_v77,इंडिया में कौन सी चीजेंसर्वाधिक महत्वपूर्ण हैंजो शिक्षार्थियों को सिर्फविश्वविद्यालय से नहींबल्कि जीवन में भीसफल होने के लिएजरूरी हैं?,a6_v77,"इंडिया में शिक्षार्थियों को सफलबनने के लिए जीवन में सफलहोने के लिए विश्वविद्यालय सेसीखी जाने वाली कई चीजेंजरूरी हैं, लेकिन साथ ही उनकेविश्वविद्यालय से नहीं बल्कि वेअपने जीवन में एक व्यक्तिगतव्यापारिक रूप से स्वास्थ्य केविकास की दृष्टि से तर्कसंगतचुनाव लेने और सेवा के बदलेअंदाज से व्यापारिक विकास काध्यान रखना चाहिए।",5,2,5,2,2,5,2
B,80,Hindi,SingleAgent,q5_v80,एक बच्चे को किस तरहसे अपने विश्वास बनानाचाहिए ताकि वह अपनेजीवन में सफलता प्राप्तकर सके?,a5_v80,बच्चे अपने विश्वास को बनानेके लिए डर के आगे जीत कीदृष्टिकोण ले लेना चाहिए औरडर से नहीं बचाने के लिए कामकरना चाहिए।,5,2,5,2,3,5,2
B,80,Hindi,SingleAgent,q9_v80,एक बच्चे को जो अपनीजीवन की दिशा पता नहींपाता है तो क्या तरीके सेउसे दिशा पता लेने केलिए सहायता दी जासकती है?,a9_v80,बच्चे को अपनी जीवन की दिशापता लेने के लिए संभावितसफलताओं की संभावनाओं कोदेखना और संभावित चुनौतियोंको अनुकूलित करना चाहिए।,5,4,5,2,2,5,2
B,64,Hindi,SingleAgent,q1_v64,आज की बातचीत मेंबताया गया कि किनपाँच जॉब क्षेत्रों में भारतमें अगले दस साल मेंज़्यादा ज़्यादा आवंटनहोगा?,a1_v64,"भारत में अगले दस साल मेंज़्यादा ज़्यादा आवंटन होने वालेपाँच जॉब क्षेत्र इंटरनेटएग्जाइनर्स, साइबर सुरक्षाइंजीनियर्स, रिनेवाबल ऊर्जास्पेशलिस्ट, इंटरनेट ऑफ दथिंग्स (IoT) स्पेशलिस्ट औरहेल्थटेक स्पेशलिस्ट हैं।",2,2,4,4,5,4,2
B,64,Hindi,SingleAgent,q5_v64,दिस बातचीत में बतायागया कि छात्रों कोअकादमिक योग्यताअर्थात अकादमिकअवशोषण के अतिरिक्तक्या अन्य तकनीकीयोग्यताओं भी अर्थातअकादमिक अवशोषणके अतिरिक्त आवश्यकहो सकती हैं?,a5_v64,"दिस बातचीत में बताया गया किछात्रों को अकादमिक योग्यताअर्थात अकादमिक अवशोषणके अतिरिक्त भी टेक्निकलयोग्यताएं जैसे डेटासाइनलेटिक्स, डेटा साइंस, मशीन लर्निंग, डेटासाइनलेटिक्स और डेटा साइंसजैसे अकादमिक अवशोषणअर्थात अकादमिक अवशोषणअर्थात अकादमिक अवशोषणके अतिरिक्त आवश्यक होसकती हैं।",2,1,2,2,4,4,2
B,64,Hindi,RAG,q15_v64,आपको एडिटिंग के लिएसबसे अच्छी बुक या टूलआवश्यक है जिससे आपअपने शैली को सुधारसकते हैं?,a15_v64,"आपको एडिटिंग के लिए सबसेअच्छा बुक या टूल ""नापकिनडॉट एडिया"" है। यह टूल आपकेशैली को सुधारने में बहुतमददगार है और आपको अपनेचार्ट और विजुअल डेटा कोबेहतर ढंग से दर्शाने में मददकरता है।",4,2,5,4,3,4,2
B,64,Hindi,RAG,q18_v64,आपके अनुभव मेंएडिटिंग के लिए सबसेअच्छी रिसर्च साइट याटूल क्या हैं?,a18_v64,नापकिन डॉट एडिया एक बहुतअच्छा टूल है जो एडिटिंग केलिए बहुत मददगार है। यह टूलआपको थॉट्स करने में मददकरता है और आपको एक बेहतरप्रेजेंटेशन बनाने में मदद करताहै। यह एडिटिंग के लिए बहुतअच्छी रिसर्च साइट है।,4,2,5,4,3,4,2
B,70,Hindi,SingleAgent,q2_v70,चानक्या ने चंद्रगुप्ता कोकैसे गाइड किया औरवह किस तरह सीखा?,a2_v70,चानक्या ने चंद्रगुप्ता कोराजनीति और राजदानियों केबारे में सीखाने के लिए गुरु केरूप में काम किया और उसे यहदर्शाया कि व्यवस्था ठीक करनेऔर राष्ट्र को प्रगति में ले जानेके तरीके बीच नीतियों औरस्ट्रैटेजियों का प्रयोग करनाआवश्यक है।,2,2,4,4,4,4,2
B,70,Hindi,DualAgent,q2_v70,भारत की ऐतिहासिकरूप से धनवान था तोउसके व्यापार का क्यारूप था?,a2_v70,भारत ने चानक्य के समय सेबीटा को बोर्ड ट्रेड के एक अच्छेदेश के रूप में जाना था। वहविभिन्न देशों से व्यापार करताथा और धन रखता था। इसकेलिए वह वर्ल्ड मैप ऑजन डाटबिक था जो तब विश्व कीदुनिया का नक्षा था।,4,1,4,2,2,4,2
B,70,Hindi,SingleAgent,q4_v70,"चानक्या ने राजनीति कीजिस शिक्षा दी थी, वहआज के लिए क्या जरूरीहै?",a4_v70,"चानक्या ने राजनीति की शिक्षादी थी जो आज भी जरूरी हैक्योंकि यह उसे भारत के निर्माणमें सफल राजा बनाने में मदद कीहै, लेकिन आगे की पीड़ितों कोभी सिखाना आवश्यक है जिसकेलिए नई पीड़ितों को शिक्षा दीगई थी।",4,2,4,2,2,4,2
B,70,Hindi,DualAgent,q4_v70,चानक्या ने चंद्रगुप्ता कोकैसे गाइड किया औरउसे अच्छा राजा बनाने मेंकैसे मदद की?,a4_v70,चानक्या ने चंद्रगुप्ता कोराजनीति और धर्म संकटों में खुदके मित्रों के बजाय राजगुरु केपास जाने की मदद की। उन्होंनेचंद्रगुप्ता को समझाया कि एकअच्छा राजा बनने के लिएराजनीति के निर्णयों में धर्म कीमान्यताओं को ध्यान में रखनाबहुत महत्वपूर्ण है। चानक्या नेउसे बताया कि राजनीति मेंसमस्याओं को हल करने केजालियाँ खुद के मित्रों से नहींलेकिन राजगुरु से शैक्षिक ढंग सेउठाना चाहिए।,5,2,5,2,4,4,2
B,70,Hindi,SingleAgent,q8_v70,"चानक्या ने राजनीति कीजिस शिक्षा दी थी, वहआज के लिए क्या जरूरीहै?",a8_v70,"चानक्या ने राजनीति की शिक्षादी थी जो आज भी जरूरी हैक्योंकि यह उसे भारत के निर्माणमें सफल राजा बनाने में मदद कीहै, लेकिन आगे की पीड़ितों कोभी सिखाना आवश्यक है जिसकेलिए नई पीड़ितों को शिक्षा दीगई थी।",4,2,5,2,4,4,2
B,70,Hindi,RAG,q8_v70,चानक्या के चंद्रगुप्त केलिए शिक्षण के उद्देश्यक्या थे?,a8_v70,"चानक्या के चंद्रगुप्त के लिएशिक्षण के उद्देश्य के अनुसार, उनका नाता था कि चंद्रगुप्त कोराजनीति और अर्थशास्त्र के बारेमें समायोजित ज्ञान प्राप्त हो, जिससे वह अपने जीवन में इसज्ञान का अनुप्रयोग कर सके।इसके अलावा, चानक्या चंद्रगुप्तको गुरुशिप और लीडरशिप कीअवस्था में रखने के लिए तैयारकरना चाहते थे, जिससे वहभारत को एक बड़े औरपावरफुल राष्ट्र के रूप में बनाएरख सके।",5,4,5,4,5,4,2
B,72,Hindi,DualAgent,q6_v72,आपका दिल कीकैपेसिटी कैसे बढ़ाई गईऔर इसके फ़लस्वरूपक्या हुआ?,a6_v72,"अपने दिल की कैपेसिटी बढ़ानेके लिए जरूरी था कि हममिश्रण खेल समझें, जिससेहमारी सामान्य मानसिकस्थितियों को समझने में मददमिलती है और दिल बड़ा जाताहै। यह बड़ा दिल उसे इसकेस्वभाविक स्टेट को संवेदनशीलनहीं ठहराने में मदद करता हैजैसे डिप्रेशन या बैलन्स ब्रेकजैसे स्टेट्स।",4,2,5,2,2,4,2
B,72,Hindi,DualAgent,q10_v72,आपने उस उदाहरण मेंकिस बात कोaccountable किया है?,a10_v72,आपने उस उदाहरण में आपकीखुद को accountable किया है।यह शामिल था कि आपकोसमझ आई कि आपको अपनीदुविधाओं के साथ संबंधित कुछresponsibility थी। यहआपकी life में आ रही थी औरआपकी एक reaction आ रहीथी जिससे आपको नहीं पता थाकहाँ से आ रही थी।,2,2,2,2,4,4,2
B,77,Hindi,SingleAgent,q6_v77,एक बड़ी कंपनी के साथकाम करने में तुलनात्मकरूप से एक स्टार्टअप मेंकाम करने में क्या अंतरहै?,a6_v77,"एक बड़ी कंपनी में आपको एकफीडबैक दिया जाता है जोआपके बारे में दुनिया के लिएजानबूझ कर दिया जाता है, जबकि एक स्टार्टअप में आपकोएक दूसरे लोग के साथ सीधासीधा वर्गीकरण करना पड़ता है।",5,2,5,2,3,4,2
B,77,Hindi,RAG,q6_v77,आपकी एड्युकेशन केबारे में बताएं ताकि लोगजान सकें कि आप एकबाजार बनना चाहते हैं यानहीं?,a6_v77,आपकी एड्युकेशन आपको बड़ेमात्रा में बाजार बनाने में मददनहीं कर सकती। बल्कि आपकेलिए एक बाजार बनने के लिएआपके अनुभव और अनुभव बहुतसे ज्यादा महत्वपूर्ण हो सकते हैं।आपकी एड्युकेशन आपको नईजगहों पर योग्य बनाती है लेकिनअनुभव और अनुभव आपकोबाजार पर योग्य बनाते हैं।आपकी एड्युकेशन आपकोविश्वास देती है कि आपको कुछबनना सकता है लेकिन अनुभवआपको बताते हैं कि आपकोक्या बनना चाहिए। आपकीएड्युकेशन आपको विश्वासदेती है कि आपको कुछ बननासकता है लेकिन अनुभव आपकोबताते हैं कि आपको क्या बननाचाहिए।,2,2,2,2,2,4,2
B,80,Hindi,DualAgent,q5_v80,"आपका मत के अनुसार, एक भारतीय छात्र कीक्या मनोरंजन चाहिएताकि वह सफल रहें?",a5_v80,एक भारतीय छात्र की मनोरंजनचाहिए जो उसे विश्व के टॉप1% के अनुकूल होने में सक्षमबनाए रखे ताकि वह अपनीशैक्षिक या व्यक्तिगत शैक्षिकशैली के साथ विश्व के टॉप स्तरपर काम कर सकें। उन्हें उसलक्ष्य के लिए तैयार करनाचाहिए जो वह जीने के लिएबुनियादी अध्ययन कर रहा है यावह अपने जीवन के लिए एकस्वतंत्र और नवाचारी करियरबनाना चाहता है।,4,2,4,2,2,4,2
B,80,Hindi,SingleAgent,q10_v80,"कितने बच्चे जिनकायोग्यता पर क्लारिटीनहीं रख पाते, अपनेजीवन में सफलता प्राप्तकर सकते हैं?",a10_v80,"अगर बच्चे अपने योग्यता परक्लारिटी रख पाते हैं तो वे अपनेजीवन में सफलता प्राप्त करसकते हैं, जिसके लिए वे अपनेसंभावित चुनौतियों कोअनुकूलित कर सकते हैं।",4,4,4,2,1,4,2
B,64,Hindi,DualAgent,q11_v64,चार्ट जीपीटी(ChatGPT) और ऑथरके बारे में क्या बात कीजा रही है?,a11_v64,"चार्ट जीपीटी एक घटक है जोन्यूरल नेटवर्क के आधार परबनाया गया है और वास्तविकलोगों की दृष्टि से अधिकांशलोग इसके उपयोग से समानअनुभव रखते हैं। इसकी व्याख्याकी जा रही है कि इसका उपयोगकिस प्रकार के केस के लिएबेहतर हो सकता है, और यह कियह चार्ट जीपीटी के विभिन्नफ़ाइंडिंग में क्या मज़ेदारी औरक्षमताओं की व्याख्या कर रहाहै।",2,2,4,2,2,2,2
B,64,Hindi,DualAgent,q18_v64,ट्रैक यूजर्स द्वारा विजुअलफॉर्म में लिंकेंग किसबात पर बात करते हैं?,a18_v64,ट्रैक यूजर्स द्वारा विजुअल फॉर्ममें लिंकेंग बात करते हैं किविजुअल फॉर्म में लिंकेंगउपयोगकर्ताओं को अच्छी तरहसे बात करने में मदद करता है।यह उपयोगकर्ताओं को बड़ी तरहसे विश्लेषण करने में मददकरता है और विजुअल फॉर्म मेंलिंकेंग बात करने सेउपयोगकर्ताओं को बेहतर तरीकेसे बात करने में मदद मिलती है।,2,2,2,2,4,2,2
B,72,Hindi,RAG,q5_v72,आपको बताना था किआपके देश में मेन्टलहेल्थ सेवाओं कीउपलब्धता क्या है?,a5_v72,"आपके देश में मेन्टल हेल्थसेवाओं की उपलब्धता बहुतसीमित है। इसका कारण इंडियामें बहुत सारी इतिहास के दर्जनोंवर्षों की ऑप्रेस्शन, कोलोनियलट्राउमा और धर्मीय भयानकघटनाओं से गुजरने के कारण है।इसके अतिरिक्त, भारत में मेन्टलहेल्थ सेवाओं के लिए पैसे नहींहोते हैं और मेन्टल हेल्थविशेषज्ञों के जैसे व्यक्तियों कोअपने समुदाय को इस बात परसमझ देने में कठिनाई होती हैकि वे टूट नहीं जाएं। लेकिनदूसरे देशों में यह स्थिति अलगहोती है, जहाँ जाम्मिड, मस्जिद, चर्च, गुर्द्वारे, मEDITATION, जिम और योग आदि नामकचीजें मनोरक्षण के लिए बहुतउपयोगी होती हैं।",4,2,5,2,2,2,2
B,77,Hindi,SingleAgent,q3_v77,आपने एमज़ॉन में किसभूमिका में काम कियाथा?,a3_v77,"मैं एमज़ॉन में सेनियर प्रोडक्टलीडर के रूप में काम किया था, जो उनके हेडक्वार्टर्स के एकनिर्माण में था।",5,2,5,4,5,2,2
B,77,Hindi,DualAgent,q3_v77,आपकी पहली कैरियरके बाद आपने किसप्रकार का शिक्षणअधिकार अर्जित कियाथा?,a3_v77,"आपने पहली कैरियर के बादकेलोक स्कूल ऑफ मैनेजमेंट मेंएक टॉप 10 बिजनेस स्कूल सेएमबीए किया था, जो बहुतों केलिए एक ड्रीम स्कूल है। यहअधिकार आपकी वास्तविककैरियर और विकास मेंमहत्वपूर्ण भूमिका निभाया।",4,2,5,4,5,2,2
B,77,Hindi,RAG,q3_v77,आपकी एड्युकेशन केबारे में बताएं ताकि लोगजान सकें कि आप एकस्काय्डर बनना चाहते हैंया नहीं?,a3_v77,"आई एन एक इंजिनियर जिससेयह आश्चर्यजनक होता है किमेरे जीवन के बाद में यह तैयारकरने में मेरी तैयार कर रहा था।यह नहीं कि मैं इंजिनियर बनगया, बल्कि यह था कि यह नहींबस एक व्यवसाय थी, बल्कियह बनाने वाला एक जीवन थाजो मुझे जीने की तैयारी कर रहाथा। यह नहीं कि मैं एक चीजपसंद नहीं थी लेकिन वह बनानेके लिए तैयार था जो मुझेअस्वीकार नहीं कर सकता था।यह नहीं कि मैं अब एकपुस्तकालय में बैठा हूँ जहांदुनिया लगती होगी कि मैं सबकुछ पसंद कर रहा हूँ। बल्कियह नहीं कि मैं अपने जीवन मेंबहुत सारी चीजें बनाता हूँ जोमुझे बिलकुल पसंद नहीं करतीहैं। लेकिन यह यह कि मैं अपनीअनुभवित शक्ल दिखाता हूँ किमैं अगले दिनों भी अपने जीवन मेंअनुभव कर सकता हूँ और बढ़ताजाता हूँ। यह एक शक्ल है जोआजकल के युवा को दिखानेकी जरूरत है कि अगले दिनों भीअनुभव करने और सीखने केलिए तैयार रहें।",2,1,2,1,2,2,2
B,72,Hindi,DualAgent,q5_v72,यहाँ बताया गया है किएक पेशेवर चिकित्सकके साथ मिलने से पहलेक्या चाहिए?,a5_v72,"एक पेशेवर चिकित्सक के साथमिलने से पहले, आपको अपनेसमस्याओं का समझ नहीं लेनाचाहिए। आपको चिकित्सक कीओर से कुछ नहीं चेक कियाजाएगा और आप उनकी दोस्तनहीं होंगे। चिकित्सक आपकेलिए ही होगा और इससे आपकोअपनी समस्याओं का समझनानहीं चाहिए।",4,2,4,2,2,4,1
B,70,Hindi,DualAgent,q8_v70,बाटर सिस्टम क्या थाऔर इसके लिए क्याअंग्रेजी में उपयोगी शब्दहै?,a8_v70,"बाटर सिस्टम था जो बाटर (bar) या इकाई के रूप में इकाई मात्राकी गणना करने के लिए बनायागया था। इसके लिए अंग्रेजी में""unit"" शब्द का उपयोग कियागया था।",4,2,4,2,1,2,1
B,64,Hindi,SingleAgent,q3_v64,दिस बातचीत में बतायागया कि दिस 2025 से2030 तक भारत मेंवैश्विक न्यूनतमज़्यादातम आवंटन केबीच तुलना में ज़्यादाआवंटन किस जॉब क्षेत्रमें होगा?,a3_v64,दिस 2025 से 2030 तक भारतमें वैश्विक न्यूनतम ज़्यादातमआवंटन के बीच ज़्यादा आवंटनइंटरनेट एग्जाइनर्स जॉब क्षेत्र मेंहोगा।,2,2,2,2,4,1,1
B,77,Hindi,SingleAgent,q4_v77,आपका जातीय शीर्षकथा क्या?,a4_v77,मेरा जातीय शीर्षक था वाशी मेंडांसिंग डांस थी।,2,1,2,1,2,1,1
B,80,Hindi,RAG,q5_v80,आपको कैसे सफल एकटेकनोलॉजी स्कूल केछात्र बनने के लिए तैयारहो सकते हैं जो आगामीवर्षों के लिए बहुत ज़्यादाज़्यादातर ज़्यादातरज़्यादातर ज़्यादातरज़्यादातर ज़्यादातरज़्यादातर ज़्यादातरज़्यादातर ज़्यादातरज़्यादातर ज़्यादातरज़्यादातर ज़्यादातरज़्यादातर ज़्यादातरज़्यादातर ज़्यादातरज़्यादातर ज़्यादातरज़्यादातर ज़्यादातरज़्यादातर ज़्यादातरज़्यादातर ज़्यादातरज़्यादातर ज़्यादातरज़्यादातर ज़्यादातरज़्यादातर ज़्यादातरज़्यादातर ज़्यादातरज़्यादातर ज़्यादातरज़्यादातर ज़्यादातरज़्यादातर ज़्यादातरज़्यादातर ज़्यादातरज़्यादातर ज़्यादातरज़्यादातर ज़्यादातरज़्यादातर ज़्यादातरज़्यादातर ज़्यादातरज़्यादातर ज़्यादातरज़्यादातर ज़्यादातरज़्यादातर ज़्यादातरज़्यादातर ज़्यादातरज़्यादातर ज़्यादातरज़्यादातर ज़्यादातरज़्यादातर ज़्यादातरज़्यादातर ज़्यादातरज़्यादातर ज़्यादातरज़्यादातर ज़्यादातरज़्यादातर ज़्यादातरज़्यादातर ज़्यादातरज़्यादातर ज़्यादातरज़्यादातर ज़्यादातरज़्यादातर ज़्यादातरज़्यादातर ज़्यादातरज़्यादातर ज़्यादातरज़्यादातर ज़्यादातरज़्यादातर ज़्यादातरज़्यादातर ज़्यादातरज़्यादातर ज़्यादातरज़्यादातर ज़्यादातरज़्यादातर ज़्यादातरज़्यादातर ज़्यादातरज़्यादातर ज़्यादातरज़्यादातर ज़्यादातरज़्यादातर ज़्यादातरज़्यादातर ज़्यादातरज़्यादातर ज़्यादातरज़्यादातर ज़्यादातरज़्यादातर ज़्यादातरज़्यादातर ज़्यादातरज़्यादातर ज़्यादातरज़्यादातर ज़्यादातरज़्यादातर ज़्यादातरज़्यादातर ज़्यादातरज़्यादातर ज़्यादातरज़्यादातर ज़्यादातरज़्यादातर ज़्यादातरज़्यादातर ज़्यादातरज़्यादातर ज़्यादातरज़्यादातर ज़्यादातरज़्यादातर ज़्यादातरज़्यादातर ज़्यादातरज़्यादातर ज़्यादातरज़्यादातर ज़्यादातरज़्यादातर ज़्यादातरज़्यादातर ज़्यादा�,a5_v80,"सफल एक टेकनोलॉजी स्कूलके छात्र बनने के लिए तैयार होनेके लिए आपको कुछ महत्वपूर्णचीजें करनी चाहिए। पहला बिन्दुआपको अपने लिए सीधा सिर्फडेटा और कोडिंग के बारे मेंसीखना चाहिए। आज कीदुनिया में डेटा एंजिनियरिंग औरकोडिंग बहुत महत्वपूर्ण हैं।दूसरा बिन्दु आपको अपनीयोग्यता और ज्ञान को नहीं सिर्फजानने से बल्कि अनुभव भीजोड़ना चाहिए। इसके लिएआपको अपनी कोडिंग कीयोग्यता और स्किल्स को बेहतरकरना चाहिए। तीसरा बिन्दुआपको अपनी सीखने की इच्छाऔर अनुभव जारी रखनाचाहिए। यह आपके लिए एकबार बार बार फ्लाइव्हर बनासकता है जो आपको अपनेजीवन की शुरुआत के लिएबेहतर तैयार कर सकता है। अंतमें, आपको अपने लिए सबसेसंगत और सबसे संदेह नहीं लेनेचाहिए। आज की दुनिया मेंतकनीकी जागरूकता औरअनुभव बहुत महत्वपूर्ण हैं।",1,1,1,1,1,1,1
H,64,Hindi,MultiAgent-LLMChunking,q11_v64,जानकारी प्राप्त करने केलिए ऑनलाइन जर्नीकैसे बनाया जा सकताहै?,a11_v64,"ऑनलाइन जर्नी का बनानाआसान नहीं है, लेकिन इसकेलिए कुछ बुनियादी ब्लॉक्सआवश्यक हैं। आपकोआवश्यक जानकारी प्राप्त करनेके लिए पहले आपको उनविषयों को सीखना होगा जोआपकी आयामों को पूरा करनेमें मदद करेंगे। इस एपिसोड सेआप शुरू कर सकते हैं जहाँआपको दिया गया एक बुनियादीप्रणाली है। आपको इंगित कियाजा रहा है कि आपको विशेषतौर पर स्टाटिस्टिक्स, ऑप्टिमाइजेशन, डेटाएनालिटिक्स और मशीन लर्निंगइत्यादि की जानकारी प्राप्तकरनी चाहिए। यह जर्नी आपकोआगामी अपस्किलिंग के लिएबुनियाद बनाने में मदद करेगी।",5,5,1,4,2,1,5
H,64,Hindi,SingleAgent,q1_v64,आज की बातचीत मेंबताया गया कि किनपाँच जॉब क्षेत्रों में भारतमें अगले दस साल मेंज़्यादा ज़्यादा आवंटनहोगा?,a1_v64,"भारत में अगले दस साल मेंज़्यादा ज़्यादा आवंटन होने वालेपाँच जॉब क्षेत्र इंटरनेटएग्जाइनर्स, साइबर सुरक्षाइंजीनियर्स, रिनेवाबल ऊर्जास्पेशलिस्ट, इंटरनेट ऑफ दथिंग्स (IoT) स्पेशलिस्ट औरहेल्थटेक स्पेशलिस्ट हैं।",5,5,5,5,5,5,5
H,64,Hindi,DualAgent,q11_v64,चार्ट जीपीटी(ChatGPT) और ऑथरके बारे में क्या बात कीजा रही है?,a11_v64,"चार्ट जीपीटी एक घटक है जोन्यूरल नेटवर्क के आधार परबनाया गया है और वास्तविकलोगों की दृष्टि से अधिकांशलोग इसके उपयोग से समानअनुभव रखते हैं। इसकी व्याख्याकी जा रही है कि इसका उपयोगकिस प्रकार के केस के लिएबेहतर हो सकता है, और यह कियह चार्ट जीपीटी के विभिन्नफ़ाइंडिंग में क्या मज़ेदारी औरक्षमताओं की व्याख्या कर रहाहै।",2,2,5,2,1,4,2
H,64,Hindi,RAG,q11_v64,आपको एडिटिंग के लिएसबसे अच्छी वेबसाइटया टूल आवश्यक हैजिससे आप अपने शैलीको सुधार सकते हैं?,a11_v64,"आपको एडिटिंग के लिए सबसेअच्छी वेबसाइट या टूल""नापकिन डॉट एडिया"" होनीचाहिए। यह टूल आपकीधारणाओं के बारे में प्रेजेंटेशनबनाने में मदद करता है, आपकोपूरी स्क्रिप्ट लिख सकता है, उसेप्रेजेंटेशन में कन्वर्ट कर सकता हैऔर आप बीच-बीच में इसेएडिट कर सकते हैं। इस टूल काउपयोग करके आप अपने शैलीको सुधार सकते हैं और अपनेकाम को और भी अच्छा बनासकते हैं।",5,2,5,5,5,5,5
H,64,Hindi,MultiAgent-LLMChunking,q15_v64,लर्निंग और सिखाने केबीच अंतर क्या है?,a15_v64,"लर्निंग और सिखाने के बीचअंतर यह है कि लर्निंग एकअकेले का प्रक्रिया है जहाँ एकव्यक्ति अपने ज्ञान कोवैश्विकीकृत करता है और नएज्ञान को अपने अंदर लेता है।इसकी तुलना में, सिखाना एकशिक्षण की प्रक्रिया है जहाँ एकव्यक्ति अपने ज्ञान को दूसरे कोप्रस्तुत करता है और उन्हें उसेसमझने में मदद करता है।सिखाने के दौरान, शिक्षक अपनेज्ञान को संग्रहित करता है औरयह उस तरह व्यक्त करता है जोछात्रों को बुद्धि में आ जाए। इसप्रकार, सिखाने में शिक्षक कोअपने ज्ञान को व्यक्त करने कीआवश्यकता होती है जबकिलर्निंग में व्यक्ति अपने ज्ञान कोवैश्विकीकृत करने में मददमिलती है।",5,5,5,5,5,5,5
H,64,Hindi,SingleAgent,q5_v64,दिस बातचीत में बतायागया कि छात्रों कोअकादमिक योग्यताअर्थात अकादमिकअवशोषण के अतिरिक्तक्या अन्य तकनीकीयोग्यताओं भी अर्थातअकादमिक अवशोषणके अतिरिक्त आवश्यकहो सकती हैं?,a5_v64,"दिस बातचीत में बताया गया किछात्रों को अकादमिक योग्यताअर्थात अकादमिक अवशोषणके अतिरिक्त भी टेक्निकलयोग्यताएं जैसे डेटासाइनलेटिक्स, डेटा साइंस, मशीन लर्निंग, डेटासाइनलेटिक्स और डेटा साइंसजैसे अकादमिक अवशोषणअर्थात अकादमिक अवशोषणअर्थात अकादमिक अवशोषणके अतिरिक्त आवश्यक होसकती हैं।",5,1,5,5,5,5,4
H,64,Hindi,DualAgent,q15_v64,चैट जीपीटी औरजैमिनाई वाले चैट बॉट्सके बीच एक अंतर क्याहै?,a15_v64,"चैट जीपीटी और जैमिनाई वालेचैट बॉट्स के बीच अंतर यह हैकि चैट जीपीटी बेहतर एक्यूरेसीऔर अधिक वर्सिटाइल हैजबकि जैमिनाई बेहतरएलगोरिदम और डेटा इन्साइंट्रीके साथ वास्तविक समयसमस्याओं को हल करने में कामकरता है। चैट जीपीटी अक्सरबेहतर अक्यूरेसी के साथआपको जवाब देता है, जबकिजैमिनाई बेहतर समय-समय परडेटा विश्लेषण के लिए उपयोगीहै।",5,2,5,5,5,5,5
H,64,Hindi,RAG,q15_v64,आपको एडिटिंग के लिएसबसे अच्छी बुक या टूलआवश्यक है जिससे आपअपने शैली को सुधारसकते हैं?,a15_v64,"आपको एडिटिंग के लिए सबसेअच्छा बुक या टूल ""नापकिनडॉट एडिया"" है। यह टूल आपकेशैली को सुधारने में बहुतमददगार है और आपको अपनेचार्ट और विजुअल डेटा कोबेहतर ढंग से दर्शाने में मददकरता है।",5,2,5,2,5,5,5
H,64,Hindi,MultiAgent-LLMChunking,q18_v64,"आपने बताया किआपको खुद पढ़ाई करनेमें आश्चर्य हुआ किआपको इतनी चीजें नहींपता थीं, तो यह आपकीख्याल क्या है कि यहआपके लिए बेहतर है?",a18_v64,"आश्चर्य हुआ कि इतनी चीजेंनहीं पता थीं, यह बताता है किहमेशा अधिक जानना चाहिए।यह बेहतर है क्योंकि यह हमेंअपनी जानकारी औरसक्षमताओं को सुधारने में मददकरता है। जब भी आपजानकारी की जरूरत असल मेंपता चलती है, तो वही जगहआप उसे खोजने लगते हैं। यहबहुत सफल रहता है जब आपअपनी पढाई और अध्ययन केबारे में सीखने के लिए जानकारीखोजते हैं।",1,5,1,4,5,4,4
H,64,Hindi,SingleAgent,q3_v64,दिस बातचीत में बतायागया कि दिस 2025 से2030 तक भारत मेंवैश्विक न्यूनतमज़्यादातम आवंटन केबीच तुलना में ज़्यादाआवंटन किस जॉब क्षेत्रमें होगा?,a3_v64,दिस 2025 से 2030 तक भारतमें वैश्विक न्यूनतम ज़्यादातमआवंटन के बीच ज़्यादा आवंटनइंटरनेट एग्जाइनर्स जॉब क्षेत्र मेंहोगा।,5,5,5,5,5,5,5
H,64,Hindi,DualAgent,q18_v64,ट्रैक यूजर्स द्वारा विजुअलफॉर्म में लिंकेंग किसबात पर बात करते हैं?,a18_v64,ट्रैक यूजर्स द्वारा विजुअल फॉर्ममें लिंकेंग बात करते हैं किविजुअल फॉर्म में लिंकेंगउपयोगकर्ताओं को अच्छी तरहसे बात करने में मदद करता है।यह उपयोगकर्ताओं को बड़ी तरहसे विश्लेषण करने में मददकरता है और विजुअल फॉर्म मेंलिंकेंग बात करने सेउपयोगकर्ताओं को बेहतर तरीकेसे बात करने में मदद मिलती है।,1,2,1,2,5,4,4
H,64,Hindi,RAG,q18_v64,आपके अनुभव मेंएडिटिंग के लिए सबसेअच्छी रिसर्च साइट याटूल क्या हैं?,a18_v64,नापकिन डॉट एडिया एक बहुतअच्छा टूल है जो एडिटिंग केलिए बहुत मददगार है। यह टूलआपको थॉट्स करने में मददकरता है और आपको एक बेहतरप्रेजेंटेशन बनाने में मदद करताहै। यह एडिटिंग के लिए बहुतअच्छी रिसर्च साइट है।,5,2,5,4,4,5,4
H,70,Hindi,MultiAgent-LLMChunking,q2_v70,स्टॉक मार्केट में नियमितघटनाओं के बारे मेंजानकारी लेने के लिएआपको क्या चाहिए?,a2_v70,"स्टॉक मार्केट में नियमितघटनाओं के बारे में जानकारीलेने के लिए, आपको फायदे देनेवाले इंसाइडर की ट्रेडिंग औरस्कैम की जानकारी चाहिए। यहजानकारी आपको ताकत देगीऔर आपको स्टॉक मार्केट मेंनियमित घटनाओं के बारे मेंसमझ देगी। इसके अलावा, आपको भी इतिहास से सीखनाचाहिए, जहाँ ऐसी घटनाएं पहलीबार घटी थीं।",5,5,5,5,5,5,5
H,70,Hindi,SingleAgent,q2_v70,चानक्या ने चंद्रगुप्ता कोकैसे गाइड किया औरवह किस तरह सीखा?,a2_v70,चानक्या ने चंद्रगुप्ता कोराजनीति और राजदानियों केबारे में सीखाने के लिए गुरु केरूप में काम किया और उसे यहदर्शाया कि व्यवस्था ठीक करनेऔर राष्ट्र को प्रगति में ले जानेके तरीके बीच नीतियों औरस्ट्रैटेजियों का प्रयोग करनाआवश्यक है।,5,5,5,5,5,5,5
H,70,Hindi,DualAgent,q2_v70,भारत की ऐतिहासिकरूप से धनवान था तोउसके व्यापार का क्यारूप था?,a2_v70,भारत ने चानक्य के समय सेबीटा को बोर्ड ट्रेड के एक अच्छेदेश के रूप में जाना था। वहविभिन्न देशों से व्यापार करताथा और धन रखता था। इसकेलिए वह वर्ल्ड मैप ऑजन डाटबिक था जो तब विश्व कीदुनिया का नक्षा था।,1,1,5,2,5,5,2
H,70,Hindi,RAG,q2_v70,चंद्रगुप्त मौर्य के लिएचानक्या का भूमिका क्याथी?,a2_v70,"चंद्रगुप्त मौर्य के लिए चानक्याका भूमिका गुरु था जो उसेसुनने, सलाह देने और उनकीनीतियों पर विचार करने में मददकी। वह चंद्रगुप्त को लीडरशिपके तकनीकों और नीति के बारे मेंसीखाने में मदद की और उसे बारेमें बताने की जानकारी दी।चानक्या ने अपने जीवन मेंअपनी नीति और लीडरशिप कीतैयारी की और चंद्रगुप्त को एकऐसे राजा के रूप में बनायाजिसने भारत को बहुत बड़ापावरफुल राष्ट्र बनाया।",5,2,5,5,5,4,5
H,70,Hindi,MultiAgent-LLMChunking,q4_v70,योगी ने योग के लिएदेवताओं की श्रद्धा के बारेमें क्या बताया?,a4_v70,"योगी ने योग के लिए देवताओंकी श्रद्धा के बारे में इस प्रकारबताया कि जब हम योग अभ्यासकरते हैं, तो हमारे दिमाग़ औरशरीर की शांति के लिए तरीकेखोजते हैं। इस तरह की शांतिऔर स्थिरता देवताओं की श्रद्धाऔर प्रसन्नता के साथ प्राप्तहोती है। इसलिए योगी ने कहाकि देवताओं को प्रसन्न करने केलिए उनके लिए पूजा करनीचाहिए ताकि वे हमारे अभ्यासको सफल बनाएं।",5,5,4,5,5,5,5
H,70,Hindi,SingleAgent,q4_v70,"चानक्या ने राजनीति कीजिस शिक्षा दी थी, वहआज के लिए क्या जरूरीहै?",a4_v70,"चानक्या ने राजनीति की शिक्षादी थी जो आज भी जरूरी हैक्योंकि यह उसे भारत के निर्माणमें सफल राजा बनाने में मदद कीहै, लेकिन आगे की पीड़ितों कोभी सिखाना आवश्यक है जिसकेलिए नई पीड़ितों को शिक्षा दीगई थी।",3,3,1,5,1,4,1
H,70,Hindi,DualAgent,q4_v70,चानक्या ने चंद्रगुप्ता कोकैसे गाइड किया औरउसे अच्छा राजा बनाने मेंकैसे मदद की?,a4_v70,चानक्या ने चंद्रगुप्ता कोराजनीति और धर्म संकटों में खुदके मित्रों के बजाय राजगुरु केपास जाने की मदद की। उन्होंनेचंद्रगुप्ता को समझाया कि एकअच्छा राजा बनने के लिएराजनीति के निर्णयों में धर्म कीमान्यताओं को ध्यान में रखनाबहुत महत्वपूर्ण है। चानक्या नेउसे बताया कि राजनीति मेंसमस्याओं को हल करने केजालियाँ खुद के मित्रों से नहींलेकिन राजगुरु से शैक्षिक ढंग सेउठाना चाहिए।,5,1,5,4,5,5,4
H,70,Hindi,RAG,q4_v70,आप लोगों को बताए गएकि नई लीडरशिप केलिए युवा योग्यता कोकैसे निर्धारित किया जासकता है?,a4_v70,"आप लोगों को बताया गया किनई लीडरशिप के लिए युवायोग्यता को निर्धारित करने केलिए अगले ट्रेनिंग और विकासकी आवश्यकता होती है। युवालोगों को ट्रेन करके उन्हेंलीडरशिप के गुणों पर संकेतदिया जाता है, जिनमें समझ, फेंस और निर्णय शामिल होतेहैं। युवा लोगों को ट्रेनिंग दियाजाता है ताकि वे अपने समूह केलिए एक अच्छा कैप्टन बन सकेंजो अपनी टीम को नेतृत्व देसके। यह निर्धारण अक्सरउनकी इंट्रस्टिंग और इंट्रुक्शन परआधारित होता है जो उन्हेंलीडरशिप के लिए योग्य बनातीहै। युवा लोगों को इस तरह सेट्रेनिंग दिया जाता है कि वे अपनेसमूह के लिए एक अच्छा नेताबन सकें जो अपनी टीम कोनेतृत्व दे सके।",1,1,1,2,5,5,5
H,70,Hindi,MultiAgent-LLMChunking,q8_v70,दिमाग के विभिन्न हिस्सोंको meditation केमाध्यम से कैसे सक्रियबनाया जा सकता है?,a8_v70,"ध्यान के माध्यम से दिमाग केविभिन्न हिस्सों को सक्रिय बनानेके लिए, आपको आरामदायकवातावरण बनाना चाहिए औरनियमित ढंग से ध्यान करना शुरूकरना चाहिए। ध्यान के दौरान, आपका दिमाग शांति काअवस्था प्राप्त कर लेता हैजिससे आपके विभिन्न हिस्सोंकी संपूर्णता और संयोजन मेंसुधार होता है। इससे आपकाध्यान और समझ का क्षेत्र बढ़ताहै और आपके अंदरआवश्यकताओं को समझने मेंसक्षम बनते हैं। यह भी उपयोगीहै कि आप नियमित तौर पर एकशांत समय खींचें और ध्यान करें, जिससे आपके दिमाग केविभिन्न हिस्सों को सक्रिय औरसंयोजित बनाने में मदद मिलेगी।",5,2,5,5,5,5,5
H,70,Hindi,SingleAgent,q8_v70,"चानक्या ने राजनीति कीजिस शिक्षा दी थी, वहआज के लिए क्या जरूरीहै?",a8_v70,"चानक्या ने राजनीति की शिक्षादी थी जो आज भी जरूरी हैक्योंकि यह उसे भारत के निर्माणमें सफल राजा बनाने में मदद कीहै, लेकिन आगे की पीड़ितों कोभी सिखाना आवश्यक है जिसकेलिए नई पीड़ितों को शिक्षा दीगई थी।",1,1,4,1,1,4,1
H,70,Hindi,DualAgent,q8_v70,बाटर सिस्टम क्या थाऔर इसके लिए क्याअंग्रेजी में उपयोगी शब्दहै?,a8_v70,"बाटर सिस्टम था जो बाटर (bar) या इकाई के रूप में इकाई मात्राकी गणना करने के लिए बनायागया था। इसके लिए अंग्रेजी में""unit"" शब्द का उपयोग कियागया था।",5,5,5,5,5,5,5
H,70,Hindi,RAG,q8_v70,चानक्या के चंद्रगुप्त केलिए शिक्षण के उद्देश्यक्या थे?,a8_v70,"चानक्या के चंद्रगुप्त के लिएशिक्षण के उद्देश्य के अनुसार, उनका नाता था कि चंद्रगुप्त कोराजनीति और अर्थशास्त्र के बारेमें समायोजित ज्ञान प्राप्त हो, जिससे वह अपने जीवन में इसज्ञान का अनुप्रयोग कर सके।इसके अलावा, चानक्या चंद्रगुप्तको गुरुशिप और लीडरशिप कीअवस्था में रखने के लिए तैयारकरना चाहते थे, जिससे वहभारत को एक बड़े औरपावरफुल राष्ट्र के रूप में बनाएरख सके।",5,5,5,5,5,5,5
H,72,Hindi,MultiAgent-LLMChunking,q5_v72,मनोरोग और शारीरिकस्वास्थ्य के बीच संबंधको समझने के लिए एकसंसाधन क्या होनाचाहिए?,a5_v72,"संसाधन के लिए आवश्यक होनाचाहिए कि एक मनोरोग औरशारीरिक स्वास्थ्य के संबंध कोसमझने में आपको बोध औरविश्लेषण की क्षमता हो। यहसंबंध बताता है कि शारीरिकस्वास्थ्य और मनोरोग में एकसंधारित्र भूमिका निभाता है।जैसे [PERSON_NAME] नेकहा कि खाना, व्यायाम औरयोगा आपके शारीरिक औरमनोरोग स्वास्थ्य को संयुक्त रूपसे स्थापित करता है। यह संबंधबताता है कि यदि आपकाशारीरिक स्वास्थ्य नहीं सुरक्षितहै तो आपका मनोरोग भी लंबेसमय में स्थायी नहीं रह सकता।इस प्रकार एक संसाधन बननाचाहिए जो यह संबंध समझ सकेऔर इसे लंबे समय तक स्थायीरख सके।",5,5,5,1,5,5,5
H,72,Hindi,SingleAgent,q5_v72,थेरपी के बारे में एकआम त्रांसिशन है किइसकी उपयोगी नहींहोती क्योंकि यह बसदवाओं का इंतजार करनेके लिए है?,a5_v72,"थेरपी की उपयोगी नहीं होतीक्योंकि यह बस दवाओं काइंतजार करने के लिए है, बल्कियह एक विकास रणनीति है जोलोगों को अपनी जीवन के असरोंसे बचने में मदद मिलाती है औरउनकी स्वास्थ्य को सुधारने मेंबांट देती है।",5,5,5,1,2,5,1
H,72,Hindi,DualAgent,q5_v72,यहाँ बताया गया है किएक पेशेवर चिकित्सकके साथ मिलने से पहलेक्या चाहिए?,a5_v72,"एक पेशेवर चिकित्सक के साथमिलने से पहले, आपको अपनेसमस्याओं का समझ नहीं लेनाचाहिए। आपको चिकित्सक कीओर से कुछ नहीं चेक कियाजाएगा और आप उनकी दोस्तनहीं होंगे। चिकित्सक आपकेलिए ही होगा और इससे आपकोअपनी समस्याओं का समझनानहीं चाहिए।",1,4,1,1,4,1,4
H,72,Hindi,RAG,q5_v72,आपको बताना था किआपके देश में मेन्टलहेल्थ सेवाओं कीउपलब्धता क्या है?,a5_v72,"आपके देश में मेन्टल हेल्थसेवाओं की उपलब्धता बहुतसीमित है। इसका कारण इंडियामें बहुत सारी इतिहास के दर्जनोंवर्षों की ऑप्रेस्शन, कोलोनियलट्राउमा और धर्मीय भयानकघटनाओं से गुजरने के कारण है।इसके अतिरिक्त, भारत में मेन्टलहेल्थ सेवाओं के लिए पैसे नहींहोते हैं और मेन्टल हेल्थविशेषज्ञों के जैसे व्यक्तियों कोअपने समुदाय को इस बात परसमझ देने में कठिनाई होती हैकि वे टूट नहीं जाएं। लेकिनदूसरे देशों में यह स्थिति अलगहोती है, जहाँ जाम्मिड, मस्जिद, चर्च, गुर्द्वारे, मEDITATION, जिम और योग आदि नामकचीजें मनोरक्षण के लिए बहुतउपयोगी होती हैं।",1,1,5,1,5,5,1
H,72,Hindi,MultiAgent-LLMChunking,q6_v72,दुख के बाद आपकोजीवन में गहराई से देखनेकी जरूरत होती है क्या?,a6_v72,"हाँ, दुख के बाद आपको जीवनमें गहराई से देखने की जरूरतहोती है। जब दुख होता है, तोइसका अर्थ देने के लिए आपकोअपने जीवन को गहराई सेदेखना होता है। यह देखनाआपको अपने दिल के गहराईोंको समझने में मदद करता हैऔर आपको दुख के जड़ों कोपता लगाने में मदद करता है।यह देखना आपको अपनी जीवनकी यादगारियों को समझने मेंमदद करता है और आपकोअपनी भावनाओं को समझने मेंमदद करता है। यह देखनाआपको अपनी जीवन केदिन-दिवस को समझने में मददकरता है और आपको अपनीभावनाओं को समझने में मददकरता है। यह देखना आपकोअपनी जीवन के दिन-दिवस कोसमझने में मदद करता है औरआपको अपनी भावनाओं कोसमझने में मदद करता है।",5,1,4,1,4,5,1
H,72,Hindi,SingleAgent,q6_v72,थेरपी के बारे में एकआम संदेह है कि यहजान बचाता है या बसदवाओं का इंतजार करनाहै?,a6_v72,"थेरपी जान बचाता है जो दवाओंका इंतजार करने के लिए नहीं, बल्कि यह लोगों को अपनीजीवन के असरों से बचने में मददमिलाती है और उनकी स्वास्थ्यको सुधारने में बांट देती है।",5,5,5,5,5,5,5
H,72,Hindi,DualAgent,q6_v72,आपका दिल कीकैपेसिटी कैसे बढ़ाई गईऔर इसके फ़लस्वरूपक्या हुआ?,a6_v72,"अपने दिल की कैपेसिटी बढ़ानेके लिए जरूरी था कि हममिश्रण खेल समझें, जिससेहमारी सामान्य मानसिकस्थितियों को समझने में मददमिलती है और दिल बड़ा जाताहै। यह बड़ा दिल उसे इसकेस्वभाविक स्टेट को संवेदनशीलनहीं ठहराने में मदद करता हैजैसे डिप्रेशन या बैलन्स ब्रेकजैसे स्टेट्स।",2,4,5,4,5,5,5
H,72,Hindi,RAG,q6_v72,आपके अनुभव से आपक्या सिखाते हैं कि घर मेंकाम करते हों तो आपकेदिमाग को नियंत्रितकरना बिल्कुल जायजहै?,a6_v72,"हाँ, घर से काम करते हों तोआपके दिमाग को नियंत्रितकरना बिल्कुल जायज है। यहअच्छा हो सकता है लेकिनआपको ध्यान देना चाहिए किआपका दिमाग नहीं तभी भागरहा हो जब आप घर आते हैं।आपको यह सिखाना चाहिए किआपका दिमाग घर के बाहर औरघर में अलग-अलग रूप सेनियंत्रित हो सकता है। आपकोअपने दिमाग को एक ओर रखनाचाहिए जब आप घर में आते हैंऔर आपकी संबंध, रिलेक्सेशनऔर अपनी ताज्ञ भी देखनीचाहिए। अगर आपका दिमागघर में भी तबाह रहा है तोआपकी संबंध और अपनी सारीजीवन की तरह भी तबाह होसकती है। इसलिए, आपको यहसिखाना चाहिए कि आपकादिमाग घर से काम करने के बादभी नियंत्रित रहे।",1,5,5,4,5,5,4
H,72,Hindi,MultiAgent-LLMChunking,q10_v72,"आपने बताया किइंटरसेप्टिव थ्राउमा थेरेपीके तहत यह विश्वास हैकि छह साल के घटनाओंका प्रभाव बारह साल केबाद भी बाकी रहता है, तो यह क्या तात्पर्य है?",a10_v72,"इंटरसेप्टिव थ्राउमा थेरेपी केतहत यह विश्वास है कि छहसाल की उम्र में एक बच्चे को याएक व्यक्ति को परेशान करनेवाली घटनाएं या त्रांसफर किएजाने वाले अनुभव बारीक रूप सेयाद रहते हैं और उन्हें बाद मेंजीवन की वजह से वापस लातेआते हैं। यह तात्पर्य है कि एकछह साल के बच्चे के दिमाग मेंया जानवरी भावों में रखे गएअनुभव जो अपनी जीन्स में छिपेरहते हैं, उन्हें बारह साल की उम्रया बाद में अनुभवों के तहत फिरसे उतार देते आते हैं। यह तात्पर्यहै कि यह छह साल की घटनाएंबाद के अनुभवों को न्यूनतम रूपसे प्रभावित कर सकती हैं औरवह छुटकारा नहीं ले सकती हैं।",5,5,5,5,5,5,5
H,72,Hindi,SingleAgent,q10_v72,थेरपी के बारे में एकआम संदेह है कि यहजान बचाता है या बसदवाओं का इंतजार करनाहै?,a10_v72,"थेरपी जान बचाता है जो दवाओंका इंतजार करने के लिए नहीं, बल्कि यह लोगों को अपनीजीवन के असरों से बचने में मददमिलाती है और उनकी स्वास्थ्यको सुधारने में बांट देती है।",5,5,5,5,5,5,5
H,72,Hindi,DualAgent,q10_v72,आपने उस उदाहरण मेंकिस बात कोaccountable किया है?,a10_v72,आपने उस उदाहरण में आपकीखुद को accountable किया है।यह शामिल था कि आपकोसमझ आई कि आपको अपनीदुविधाओं के साथ संबंधित कुछresponsibility थी। यहआपकी life में आ रही थी औरआपकी एक reaction आ रहीथी जिससे आपको नहीं पता थाकहाँ से आ रही थी।,5,4,1,1,2,1,1
H,72,Hindi,RAG,q10_v72,आपके अनुभव से आपक्या सिखाते हैं किआपके बच्चों के साथसंबंध बनाने में थेरपी काभूमिका क्या है?,a10_v72,"थेरपी का भूमिका बहुतमहत्वपूर्ण है जब हम अपने बच्चोंके साथ संबंध बनाने में हैं। थेरपीएक ऐसा योग्य लोग या थेरपिस्टको लाने में मदद करती है जोबच्चे के ट्राउमा या पसीने कोसमझ सके और उसके जीवन केनक्शे को बनाते हैं। यह बताताहै कि क्या घटनाएँ हुई थीं औरउसके भविष्य में क्या प्रभाव थे।थेरपी बंद करने के बाद, जबवास्तविक चुनाव आते हैं, तबबच्चे को अपने संवाद के बादएक नया दृष्टिकोण दिलायाजाता है जो उन्हें अपने नजरियेको बदलने मदद करता है। यहसमय के साथ होता है औरथेरपी के बाद बच्चे को अच्छीतरह से अपने शारीरिक औरमानसिक स्वास्थ्य को संबंधितकरने में मदद मिलती है।",1,5,5,2,5,5,4
H,77,Hindi,MultiAgent-LLMChunking,q3_v77,क्या आपका मानना हैकि शुरुआत में उनफ़ाइनान्स के नाम केकंपनियों में काम करनासबसे अच्छा विकल्पनहीं हो सकता है?,a3_v77,"हाँ, माना जा सकता है किशुरुआत में फ़ाइनान्स के नामकी कंपनियों में काम करनासबसे अच्छा विकल्प नहीं होसकता है। यह कारण हो सकताहै कि इसमें न काम के रूप मेंतीव्र तनाव हो सकता है, न हीउसमें वास्तविक विशेषज्ञीयताका अभिकार आ सकता है।बच्चे की आखिरियों के वर्षों मेंवास्तविक अनुभव और अपनेख़ास शैली और रूप का निर्माणकरने में मदद मिल सकता हैअन्य कंपनियों में।",2,4,1,4,5,4,4
H,77,Hindi,SingleAgent,q3_v77,आपने एमज़ॉन में किसभूमिका में काम कियाथा?,a3_v77,"मैं एमज़ॉन में सेनियर प्रोडक्टलीडर के रूप में काम किया था, जो उनके हेडक्वार्टर्स के एकनिर्माण में था।",5,5,5,5,5,1,1
H,77,Hindi,DualAgent,q3_v77,आपकी पहली कैरियरके बाद आपने किसप्रकार का शिक्षणअधिकार अर्जित कियाथा?,a3_v77,"आपने पहली कैरियर के बादकेलोक स्कूल ऑफ मैनेजमेंट मेंएक टॉप 10 बिजनेस स्कूल सेएमबीए किया था, जो बहुतों केलिए एक ड्रीम स्कूल है। यहअधिकार आपकी वास्तविककैरियर और विकास मेंमहत्वपूर्ण भूमिका निभाया।",5,5,2,2,5,1,1
H,77,Hindi,RAG,q3_v77,आपकी एड्युकेशन केबारे में बताएं ताकि लोगजान सकें कि आप एकस्काय्डर बनना चाहते हैंया नहीं?,a3_v77,"आई एन एक इंजिनियर जिससेयह आश्चर्यजनक होता है किमेरे जीवन के बाद में यह तैयारकरने में मेरी तैयार कर रहा था।यह नहीं कि मैं इंजिनियर बनगया, बल्कि यह था कि यह नहींबस एक व्यवसाय थी, बल्कियह बनाने वाला एक जीवन थाजो मुझे जीने की तैयारी कर रहाथा। यह नहीं कि मैं एक चीजपसंद नहीं थी लेकिन वह बनानेके लिए तैयार था जो मुझेअस्वीकार नहीं कर सकता था।यह नहीं कि मैं अब एकपुस्तकालय में बैठा हूँ जहांदुनिया लगती होगी कि मैं सबकुछ पसंद कर रहा हूँ। बल्कियह नहीं कि मैं अपने जीवन मेंबहुत सारी चीजें बनाता हूँ जोमुझे बिलकुल पसंद नहीं करतीहैं। लेकिन यह यह कि मैं अपनीअनुभवित शक्ल दिखाता हूँ किमैं अगले दिनों भी अपने जीवन मेंअनुभव कर सकता हूँ और बढ़ताजाता हूँ। यह एक शक्ल है जोआजकल के युवा को दिखानेकी जरूरत है कि अगले दिनों भीअनुभव करने और सीखने केलिए तैयार रहें।",1,1,1,5,4,4,5
H,77,Hindi,MultiAgent-LLMChunking,q4_v77,टीसीएस में पहले 5 सालके लिए आपको क्याउम्मीद रखना चाहिए?,a4_v77,"टीसीएस में पहले 5 साल केलिए आपको उम्मीद रखनाचाहिए कि आपकी कैरियर काशुरुआती भाग ठीक-ठीक चलरहा हो, और आपकी शक्लिकशक्ल में वास्तविक शक्लनिकल रही हो। पहले कुछ सालमें आपकी काम की गुणवत्ताऔर आपकी अनुभव की ग्राफबढ़ती रहेंगी, जो आपकी भविष्यकी सफलता के लिए महत्वपूर्णहोगी। इसके अलावा, आपकोउम्मीद रखना चाहिए कि आपकीसलारी बाद में बढ़ेगी, जैसे किटीसीएस में पहले एक साल केबाद[FINANCIAL_DETAILS]।",5,4,5,4,5,5,5
H,77,Hindi,SingleAgent,q4_v77,आपका जातीय शीर्षकथा क्या?,a4_v77,मेरा जातीय शीर्षक था वाशी मेंडांसिंग डांस थी।,2,5,2,1,5,1,1
H,77,Hindi,DualAgent,q4_v77,आपकी शिक्षा औरकैरियर में एक आधारभूतसंदर्भ क्या था जोआपको अंतिम निर्णयों मेंमदद कर सकता था?,a4_v77,आपके लिए एक आधारभूतसंदर्भ था कि आप आजकल कीवास्तविकता और दुनिया केप्रैक्टिकल वर्ल्ड को समझें।आपको सुनाया गया था किछात्रों के उपयुक्त इन्फॉर्मेशन केअनुसार कैरियर अधिकार लेने केलिए आपको लोगों के इंटेंट औररिस्पेक्ट करना चाहिए जोआपसे छोटी आयु में जुड़े हैं।,5,5,4,4,4,4,4
H,77,Hindi,RAG,q4_v77,आपकी खुद कीएड्युकेशन के बारे मेंबताईए ताकि लोग जानसकें कि आप एकबाइकाइल बनना चाहतेहैं या नहीं?,a4_v77,"मैं एक बाइकाइल बनना चाहताहूँ क्योंकि मेरी खुद कीएड्युकेशन ने मुझे ऐसा तैयारकिया कि मैं अपनी चाह अपनेदृश्य और अपनी इच्छा की दिशामें जा सकूँ। इंजिनियरिंग के बादमैंने एक मेडिकल नॉन-प्रोफाइटके साथ काम किया, जहाँ मैंनेअपनी इच्छा के अनुसार अपनाजीवन बनाया। फिर मैंने एकएमबीए किया और अब मैंबाइकाइल बनने की इच्छा वालाहूँ। यह बताने के लिए एकविशेष शिक्षा और एड्युकेशनदिलाता है कि अगर आपको एकचीज नहीं पसंद हो, तो आप उसेभी पूरा कर सकते हैं और अपनीइच्छा की दिशा में जा सकते हैं।यह बताता है कि एड्युकेशन नहींही आपको जानकारी देता है, बल्कि यह आपको रिसोल्वेंसदेता है जो आपको अपनी इच्छाकी दिशा में जाने में मदद करताहै।",1,2,5,5,5,5,5
H,77,Hindi,MultiAgent-LLMChunking,q6_v77,शुरुआती उद्यमी के लिएसफलता का मानदंडक्या हो सकता है?,a6_v77,"शुरुआती उद्यमी के लिएसफलता का मानदंड उस व्यक्तिकी आशा और प्रयास केपरिणाम हो सकता है। अगर वेअच्छी तरह से अपना शुरुआतीकाम करते हैं, तो वह लाभ जैसे[FINANCIAL_DETAILS] या अधिक प्राप्त कर सकते हैं।लेकिन सफलता का वास्तविकमानदंड उनके प्रयास के माध्यमसे लाभ उठाने और संपूर्णव्यवसाय के उद्देश्यों को पूराकरने में हो सकता है।",5,5,5,5,5,5,5
H,77,Hindi,SingleAgent,q6_v77,एक बड़ी कंपनी के साथकाम करने में तुलनात्मकरूप से एक स्टार्टअप मेंकाम करने में क्या अंतरहै?,a6_v77,"एक बड़ी कंपनी में आपको एकफीडबैक दिया जाता है जोआपके बारे में दुनिया के लिएजानबूझ कर दिया जाता है, जबकि एक स्टार्टअप में आपकोएक दूसरे लोग के साथ सीधासीधा वर्गीकरण करना पड़ता है।",5,5,5,5,5,5,4
H,77,Hindi,DualAgent,q6_v77,इंडिया में कौन सी चीजेंसर्वाधिक महत्वपूर्ण हैंजो शिक्षार्थियों को सिर्फविश्वविद्यालय से नहींबल्कि जीवन में भीसफल होने के लिएजरूरी हैं?,a6_v77,"इंडिया में शिक्षार्थियों को सफलबनने के लिए जीवन में सफलहोने के लिए विश्वविद्यालय सेसीखी जाने वाली कई चीजेंजरूरी हैं, लेकिन साथ ही उनकेविश्वविद्यालय से नहीं बल्कि वेअपने जीवन में एक व्यक्तिगतव्यापारिक रूप से स्वास्थ्य केविकास की दृष्टि से तर्कसंगतचुनाव लेने और सेवा के बदलेअंदाज से व्यापारिक विकास काध्यान रखना चाहिए।",5,2,5,2,2,5,2
H,77,Hindi,RAG,q6_v77,आपकी एड्युकेशन केबारे में बताएं ताकि लोगजान सकें कि आप एकबाजार बनना चाहते हैं यानहीं?,a6_v77,आपकी एड्युकेशन आपको बड़ेमात्रा में बाजार बनाने में मददनहीं कर सकती। बल्कि आपकेलिए एक बाजार बनने के लिएआपके अनुभव और अनुभव बहुतसे ज्यादा महत्वपूर्ण हो सकते हैं।आपकी एड्युकेशन आपको नईजगहों पर योग्य बनाती है लेकिनअनुभव और अनुभव आपकोबाजार पर योग्य बनाते हैं।आपकी एड्युकेशन आपकोविश्वास देती है कि आपको कुछबनना सकता है लेकिन अनुभवआपको बताते हैं कि आपकोक्या बनना चाहिए। आपकीएड्युकेशन आपको विश्वासदेती है कि आपको कुछ बननासकता है लेकिन अनुभव आपकोबताते हैं कि आपको क्या बननाचाहिए।,1,4,1,1,1,1,1
H,80,Hindi,MultiAgent-LLMChunking,q5_v80,लोगों को अपनी निजीवित्तीय प्रबंधन कैसेसीखाया जा सकता है?,a5_v80,"निजी वित्तीय प्रबंधन को सीखनेके लिए पहला बड़ा तरीका है किछोटे सामान से शुरू करें। छोटेधन से खेलने लगें और इससेआने वाली खुशी और सफलतासे सीखें। यह आपकी जीवन केलिए एक अच्छा शुरुआत होगी।यह बच्चे को नियमित रूप सेधन के बारे में सोचने औरनियंत्रण करने की तलाश करनेके लिए प्रेरित करेगा।


इसके अलावा, लोगों को जाननाचाहिए कि धन के नियंत्रण मेंवित्तीय निष्क्रियता का महत्वक्या है और इससे कैसे लाभउठाया जा सकता है। लोग निजीवित्तीय प्रबंधन को सीख सकतेहैं जब उन्हें अपने खुद के लिएएक सामान्य बजट बनाने कीजानकारी दी जाए। यह उन्हेंअपने खर्चों और बचतों के बीचसंतुलन का ज्ञान देगा और यहउन्हें अपने आपको नियंत्रितरखने में मदद करेगा।",5,4,5,5,5,5,5
H,80,Hindi,SingleAgent,q5_v80,एक बच्चे को किस तरहसे अपने विश्वास बनानाचाहिए ताकि वह अपनेजीवन में सफलता प्राप्तकर सके?,a5_v80,बच्चे अपने विश्वास को बनानेके लिए डर के आगे जीत कीदृष्टिकोण ले लेना चाहिए औरडर से नहीं बचाने के लिए कामकरना चाहिए।,1,4,5,5,4,5,5
H,80,Hindi,DualAgent,q5_v80,"आपका मत के अनुसार, एक भारतीय छात्र कीक्या मनोरंजन चाहिएताकि वह सफल रहें?",a5_v80,एक भारतीय छात्र की मनोरंजनचाहिए जो उसे विश्व के टॉप1% के अनुकूल होने में सक्षमबनाए रखे ताकि वह अपनीशैक्षिक या व्यक्तिगत शैक्षिकशैली के साथ विश्व के टॉप स्तरपर काम कर सकें। उन्हें उसलक्ष्य के लिए तैयार करनाचाहिए जो वह जीने के लिएबुनियादी अध्ययन कर रहा है यावह अपने जीवन के लिए एकस्वतंत्र और नवाचारी करियरबनाना चाहता है।,4,4,4,4,4,5,4
H,80,Hindi,RAG,q5_v80,आपको कैसे सफल एकटेकनोलॉजी स्कूल केछात्र बनने के लिए तैयारहो सकते हैं जो आगामीवर्षों के लिए बहुत ज़्यादाज़्यादातर ज़्यादातरज़्यादातर ज़्यादातरज़्यादातर ज़्यादातरज़्यादातर ज़्यादातरज़्यादातर ज़्यादातरज़्यादातर ज़्यादातरज़्यादातर ज़्यादातरज़्यादातर ज़्यादातरज़्यादातर ज़्यादातरज़्यादातर ज़्यादातरज़्यादातर ज़्यादातरज़्यादातर ज़्यादातरज़्यादातर ज़्यादातरज़्यादातर ज़्यादातरज़्यादातर ज़्यादातरज़्यादातर ज़्यादातरज़्यादातर ज़्यादातरज़्यादातर ज़्यादातरज़्यादातर ज़्यादातरज़्यादातर ज़्यादातरज़्यादातर ज़्यादातरज़्यादातर ज़्यादातरज़्यादातर ज़्यादातरज़्यादातर ज़्यादातरज़्यादातर ज़्यादातरज़्यादातर ज़्यादातरज़्यादातर ज़्यादातरज़्यादातर ज़्यादातरज़्यादातर ज़्यादातरज़्यादातर ज़्यादातरज़्यादातर ज़्यादातरज़्यादातर ज़्यादातरज़्यादातर ज़्यादातरज़्यादातर ज़्यादातरज़्यादातर ज़्यादातरज़्यादातर ज़्यादातरज़्यादातर ज़्यादातरज़्यादातर ज़्यादातरज़्यादातर ज़्यादातरज़्यादातर ज़्यादातरज़्यादातर ज़्यादातरज़्यादातर ज़्यादातरज़्यादातर ज़्यादातरज़्यादातर ज़्यादातरज़्यादातर ज़्यादातरज़्यादातर ज़्यादातरज़्यादातर ज़्यादातरज़्यादातर ज़्यादातरज़्यादातर ज़्यादातरज़्यादातर ज़्यादातरज़्यादातर ज़्यादातरज़्यादातर ज़्यादातरज़्यादातर ज़्यादातरज़्यादातर ज़्यादातरज़्यादातर ज़्यादातरज़्यादातर ज़्यादातरज़्यादातर ज़्यादातरज़्यादातर ज़्यादातरज़्यादातर ज़्यादातरज़्यादातर ज़्यादातरज़्यादातर ज़्यादातरज़्यादातर ज़्यादातरज़्यादातर ज़्यादातरज़्यादातर ज़्यादातरज़्यादातर ज़्यादातरज़्यादातर ज़्यादातरज़्यादातर ज़्यादातरज़्यादातर ज़्यादातरज़्यादातर ज़्यादातरज़्यादातर ज़्यादातरज़्यादातर ज़्यादातरज़्यादातर ज़्यादातरज़्यादातर ज़्यादा�,a5_v80,"सफल एक टेकनोलॉजी स्कूलके छात्र बनने के लिए तैयार होनेके लिए आपको कुछ महत्वपूर्णचीजें करनी चाहिए। पहला बिन्दुआपको अपने लिए सीधा सिर्फडेटा और कोडिंग के बारे मेंसीखना चाहिए। आज कीदुनिया में डेटा एंजिनियरिंग औरकोडिंग बहुत महत्वपूर्ण हैं।दूसरा बिन्दु आपको अपनीयोग्यता और ज्ञान को नहीं सिर्फजानने से बल्कि अनुभव भीजोड़ना चाहिए। इसके लिएआपको अपनी कोडिंग कीयोग्यता और स्किल्स को बेहतरकरना चाहिए। तीसरा बिन्दुआपको अपनी सीखने की इच्छाऔर अनुभव जारी रखनाचाहिए। यह आपके लिए एकबार बार बार फ्लाइव्हर बनासकता है जो आपको अपनेजीवन की शुरुआत के लिएबेहतर तैयार कर सकता है। अंतमें, आपको अपने लिए सबसेसंगत और सबसे संदेह नहीं लेनेचाहिए। आज की दुनिया मेंतकनीकी जागरूकता औरअनुभव बहुत महत्वपूर्ण हैं।",1,2,1,5,1,1,4
H,80,Hindi,MultiAgent-LLMChunking,q9_v80,इंगित किया गया है किआपको यह याद रखनाचाहिए कि आपकोजानना चाहिए किआपको जीवन में क्याकरना है?,a9_v80,"हाँ, यहाँ पर सुझाव दिया गया हैकि आपको याद रखना चाहिएकि आपको जीवन में क्या करनाहै। 25 वर्ष की उम्र में आपकोअपने जीवन के उद्देश्य औरलक्ष्य को स्पष्ट करना चाहिए।यह स्पष्टता आपके लिए एकआगे बढ़ने वाला ध्यानदार बिंदुहोगा जो आपको अपनी शैक्षिकऔर निर्माण योग्यताओं कोविकसित करने में मदद करेगा।",5,5,2,4,5,4,5
H,80,Hindi,SingleAgent,q9_v80,एक बच्चे को जो अपनीजीवन की दिशा पता नहींपाता है तो क्या तरीके सेउसे दिशा पता लेने केलिए सहायता दी जासकती है?,a9_v80,बच्चे को अपनी जीवन की दिशापता लेने के लिए संभावितसफलताओं की संभावनाओं कोदेखना और संभावित चुनौतियोंको अनुकूलित करना चाहिए।,2,5,1,5,5,5,5
H,80,Hindi,DualAgent,q9_v80,क्या सफलता के लिएप्रारंभिक स्तडियो मेंबातचीत और सेल्स काअधिकार होना जरूरी है?,a9_v80,"जी, सफलता के लिए प्रारंभिकस्तडियो में बातचीत और सेल्सका अधिकार जरूरी होता हैक्योंकि यह आपको लोगों केसाथ संपर्क बनाने और उन्हेंअपनी बात समझने में मददकरता है। यह आपकी विक्रेताकौशल और लोगों के साथसंपर्क बनाने के तरीके में वैश्विकसामाजिक और सांस्कृतिकसंवाद को समझने में मदद करताहै।",5,5,3,5,5,5,5
H,80,Hindi,RAG,q3_v80,विद्यार्थियों के लिए अगलेसाल के रॉल्यूमेन्स केसाथ ख़ासकर भारत मेंकैसे संगत जॉब खोजनासंभव है?,a3_v80,"अगले साल के रॉल्यूमेन्स केसाथ भारत में जॉब खोजने केलिए, विद्यार्थियों कोआधिकारिक और निजी स्रोतोंसे जानकारी प्राप्त करनाचाहिए। वे आपकार्य जॉबसाइटों पर खोज कर सकते हैंऔर संगठित रूप से अपनेशॉपिंग कॉर्स और ट्रेनिंग कोसुरक्षित कर सकते हैं। इसकेअलावा, वे अपने निजी समूहों मेंसंपर्क स्थापित कर सकते हैं औरइस तरह से अपने जानकारी औरतकनीकी समर्थन प्राप्त करसकते हैं। अंत में, वे अपनेशॉर्ट-टर्म गोल्स को स्थापितकरके अपनी क्षमताओं कोविकसित कर सकते हैं जो उनकेलिए उपयुक्त जॉब खोजने मेंमदद कर सकते हैं।",1,4,1,2,1,1,4
H,80,Hindi,MultiAgent-LLMChunking,q10_v80,कैसे अपने कैरियर मेंस्किल्स और तकनीकीजान को बढ़ा सकते हैं?,a10_v80,"स्किल्स और तकनीकी जान कोबढ़ाने के लिए आपकोनिम्नलिखित करना चाहिए:


1. **स्वयंसेवक विश्वास(Self-confidence)**: आपकोअपने कैरियर में अस्तित्व करनेके लिए आवश्यक विश्वास लेनाचाहिए। यह विश्वास आपकेलिए एक नई चीज़ सीखने याएक नया काम लेने के लिए बहुतमहत्वपूर्ण है।


2. **संचार (Networking)**: आपको अपने दोस्तों, या दूसरोंके साथ संपर्क बनाना चाहिए।यह आपको नए सिद्धांतों औरतकनीकों के बारे में जानकारीदेगा और आपको अपने कैरियरमें सफल होने में मदद करेगा।


3. **स्वयंसेवक अध्ययन(Continuous Self-Study)**: आपको अपने जानकारी कोनियमित रूप से बढ़ाना चाहिए।यह आपके लिए एक नई चीज़सीखने या एक नया काम लेने केलिए बहुत महत्वपूर्ण है।


4. **संकीर्ण अभियान(Focused Efforts)**: आपको अपने कैरियर मेंनिश्चित निर्धारित करना चाहिए।आपको निश्चित लक्ष्य निर्धारितकरना चाहिए जिससे आपकेलिए आने वाले स्किल्स औरतकनीकी जान बढ़ सकें।


5. **प्रतिबद्धता(Dedication)**: आपकोअपने कैरियर के लिए प्रतिबद्धरहना चाहिए। यह आपको नएस्किल्स और तकनीकी जान कोअपने जानकारी में शामिल करनेमें मदद करेगा।


आपको याद रखना चाहिए किअपने कैरियर में स्किल्स औरतकनीकी जान को बढ़ाने केलिए नियमित शिक्षा औरअभियान आवश्यक हैं।",5,5,5,5,5,5,5
H,80,Hindi,SingleAgent,q10_v80,"कितने बच्चे जिनकायोग्यता पर क्लारिटीनहीं रख पाते, अपनेजीवन में सफलता प्राप्तकर सकते हैं?",a10_v80,"अगर बच्चे अपने योग्यता परक्लारिटी रख पाते हैं तो वे अपनेजीवन में सफलता प्राप्त करसकते हैं, जिसके लिए वे अपनेसंभावित चुनौतियों कोअनुकूलित कर सकते हैं।",5,5,5,5,4,5,2
H,80,Hindi,DualAgent,q10_v80,क्या जीवन में फेलर कासीखना जरूरी है? अगरहाँ तो फेलर से क्यासीखा जा सकता है?,a10_v80,"जी, जीवन में फेलर का सीखनाजरूरी है क्योंकि यह आपकोअपनी व्यक्तिगत सीमाओं कोसमझने में मदद करता है औरआपको अपने क्षमताओं कोसमझने में मदद करता है। फेलरसे आप सीख सकते हैं कि आपक्या अनिवार्य नहीं, आप क्यानहीं कर सकते, और क्याआपके लिए अनुकूल नहीं है।",2,2,5,4,5,5,5
H,80,Hindi,RAG,q1_v80,आज के विद्यार्थियों केलिए महत्वपूर्ण है कि उन्हेंकैसे अपने करियर केलिए एक योग्य योजनाबनानी चाहिए?,a1_v80,"आज के विद्यार्थियों के लिएअपने करियर के लिए एक योग्ययोजना बनाने के लिए उन्हें पहलेसे ही अपने रुचि क्षेत्रों को पतालगाना चाहिए। उन्हें स्कूल, कॉलेज या अन्य संस्थाओं मेंअवसरों की जांच करनी चाहिएऔर अपने संक्षिप्त समय केउद्देश्यों का निर्धारण करनाचाहिए। उन्हें अपने करियर कीचार्टर बनाने में प्रयास, प्रयोग सेनिपुण होना चाहिए। इसकेअलावा, उन्हें अपने जीवन केउद्देश्यों को स्पष्ट करना चाहिएऔर अगले लाइफस्टेप्स के लिएअधिक जानकारी प्राप्त करनाचाहिए। अंत में, उन्हें अपनेउपायों को नियमित रूप सेसीखने, सीखने से विकसितकरने और अपनी योजना बारबार छोटी छोटी सुधारों सेनियमित रूप से तेजी से बदलावदेना चाहिए।",4,5,1,5,5,5,5
I,64,Hindi,MultiAgent-LLMChunking,q11_v64,जानकारी प्राप्त करने केलिए ऑनलाइन जर्नीकैसे बनाया जा सकताहै?,a11_v64,"ऑनलाइन जर्नी का बनानाआसान नहीं है, लेकिन इसकेलिए कुछ बुनियादी ब्लॉक्सआवश्यक हैं। आपकोआवश्यक जानकारी प्राप्त करनेके लिए पहले आपको उनविषयों को सीखना होगा जोआपकी आयामों को पूरा करनेमें मदद करेंगे। इस एपिसोड सेआप शुरू कर सकते हैं जहाँआपको दिया गया एक बुनियादीप्रणाली है। आपको इंगित कियाजा रहा है कि आपको विशेषतौर पर स्टाटिस्टिक्स, ऑप्टिमाइजेशन, डेटाएनालिटिक्स और मशीन लर्निंगइत्यादि की जानकारी प्राप्तकरनी चाहिए। यह जर्नी आपकोआगामी अपस्किलिंग के लिएबुनियाद बनाने में मदद करेगी।",5,5,5,5,5,5,5
I,64,Hindi,SingleAgent,q1_v64,आज की बातचीत मेंबताया गया कि किनपाँच जॉब क्षेत्रों में भारतमें अगले दस साल मेंज़्यादा ज़्यादा आवंटनहोगा?,a1_v64,"भारत में अगले दस साल मेंज़्यादा ज़्यादा आवंटन होने वालेपाँच जॉब क्षेत्र इंटरनेटएग्जाइनर्स, साइबर सुरक्षाइंजीनियर्स, रिनेवाबल ऊर्जास्पेशलिस्ट, इंटरनेट ऑफ दथिंग्स (IoT) स्पेशलिस्ट औरहेल्थटेक स्पेशलिस्ट हैं।",5,5,5,5,5,5,5
I,64,Hindi,DualAgent,q11_v64,चार्ट जीपीटी(ChatGPT) और ऑथरके बारे में क्या बात कीजा रही है?,a11_v64,"चार्ट जीपीटी एक घटक है जोन्यूरल नेटवर्क के आधार परबनाया गया है और वास्तविकलोगों की दृष्टि से अधिकांशलोग इसके उपयोग से समानअनुभव रखते हैं। इसकी व्याख्याकी जा रही है कि इसका उपयोगकिस प्रकार के केस के लिएबेहतर हो सकता है, और यह कियह चार्ट जीपीटी के विभिन्नफ़ाइंडिंग में क्या मज़ेदारी औरक्षमताओं की व्याख्या कर रहाहै।",4,4,5,4,4,5,4
I,64,Hindi,RAG,q11_v64,आपको एडिटिंग के लिएसबसे अच्छी वेबसाइटया टूल आवश्यक हैजिससे आप अपने शैलीको सुधार सकते हैं?,a11_v64,"आपको एडिटिंग के लिए सबसेअच्छी वेबसाइट या टूल""नापकिन डॉट एडिया"" होनीचाहिए। यह टूल आपकीधारणाओं के बारे में प्रेजेंटेशनबनाने में मदद करता है, आपकोपूरी स्क्रिप्ट लिख सकता है, उसेप्रेजेंटेशन में कन्वर्ट कर सकता हैऔर आप बीच-बीच में इसेएडिट कर सकते हैं। इस टूल काउपयोग करके आप अपने शैलीको सुधार सकते हैं और अपनेकाम को और भी अच्छा बनासकते हैं।",2,4,4,5,4,5,5
I,64,Hindi,MultiAgent-LLMChunking,q15_v64,लर्निंग और सिखाने केबीच अंतर क्या है?,a15_v64,"लर्निंग और सिखाने के बीचअंतर यह है कि लर्निंग एकअकेले का प्रक्रिया है जहाँ एकव्यक्ति अपने ज्ञान कोवैश्विकीकृत करता है और नएज्ञान को अपने अंदर लेता है।इसकी तुलना में, सिखाना एकशिक्षण की प्रक्रिया है जहाँ एकव्यक्ति अपने ज्ञान को दूसरे कोप्रस्तुत करता है और उन्हें उसेसमझने में मदद करता है।सिखाने के दौरान, शिक्षक अपनेज्ञान को संग्रहित करता है औरयह उस तरह व्यक्त करता है जोछात्रों को बुद्धि में आ जाए। इसप्रकार, सिखाने में शिक्षक कोअपने ज्ञान को व्यक्त करने कीआवश्यकता होती है जबकिलर्निंग में व्यक्ति अपने ज्ञान कोवैश्विकीकृत करने में मददमिलती है।",5,5,5,5,5,5,5
I,64,Hindi,SingleAgent,q5_v64,दिस बातचीत में बतायागया कि छात्रों कोअकादमिक योग्यताअर्थात अकादमिकअवशोषण के अतिरिक्तक्या अन्य तकनीकीयोग्यताओं भी अर्थातअकादमिक अवशोषणके अतिरिक्त आवश्यकहो सकती हैं?,a5_v64,"दिस बातचीत में बताया गया किछात्रों को अकादमिक योग्यताअर्थात अकादमिक अवशोषणके अतिरिक्त भी टेक्निकलयोग्यताएं जैसे डेटासाइनलेटिक्स, डेटा साइंस, मशीन लर्निंग, डेटासाइनलेटिक्स और डेटा साइंसजैसे अकादमिक अवशोषणअर्थात अकादमिक अवशोषणअर्थात अकादमिक अवशोषणके अतिरिक्त आवश्यक होसकती हैं।",4,2,4,2,2,5,4
I,64,Hindi,DualAgent,q15_v64,चैट जीपीटी औरजैमिनाई वाले चैट बॉट्सके बीच एक अंतर क्याहै?,a15_v64,"चैट जीपीटी और जैमिनाई वालेचैट बॉट्स के बीच अंतर यह हैकि चैट जीपीटी बेहतर एक्यूरेसीऔर अधिक वर्सिटाइल हैजबकि जैमिनाई बेहतरएलगोरिदम और डेटा इन्साइंट्रीके साथ वास्तविक समयसमस्याओं को हल करने में कामकरता है। चैट जीपीटी अक्सरबेहतर अक्यूरेसी के साथआपको जवाब देता है, जबकिजैमिनाई बेहतर समय-समय परडेटा विश्लेषण के लिए उपयोगीहै।",5,5,5,5,5,5,5
I,64,Hindi,RAG,q15_v64,आपको एडिटिंग के लिएसबसे अच्छी बुक या टूलआवश्यक है जिससे आपअपने शैली को सुधारसकते हैं?,a15_v64,"आपको एडिटिंग के लिए सबसेअच्छा बुक या टूल ""नापकिनडॉट एडिया"" है। यह टूल आपकेशैली को सुधारने में बहुतमददगार है और आपको अपनेचार्ट और विजुअल डेटा कोबेहतर ढंग से दर्शाने में मददकरता है।",2,4,4,5,4,5,5
I,64,Hindi,MultiAgent-LLMChunking,q18_v64,"आपने बताया किआपको खुद पढ़ाई करनेमें आश्चर्य हुआ किआपको इतनी चीजें नहींपता थीं, तो यह आपकीख्याल क्या है कि यहआपके लिए बेहतर है?",a18_v64,"आश्चर्य हुआ कि इतनी चीजेंनहीं पता थीं, यह बताता है किहमेशा अधिक जानना चाहिए।यह बेहतर है क्योंकि यह हमेंअपनी जानकारी औरसक्षमताओं को सुधारने में मददकरता है। जब भी आपजानकारी की जरूरत असल मेंपता चलती है, तो वही जगहआप उसे खोजने लगते हैं। यहबहुत सफल रहता है जब आपअपनी पढाई और अध्ययन केबारे में सीखने के लिए जानकारीखोजते हैं।",2,4,4,4,4,5,4
I,64,Hindi,SingleAgent,q3_v64,दिस बातचीत में बतायागया कि दिस 2025 से2030 तक भारत मेंवैश्विक न्यूनतमज़्यादातम आवंटन केबीच तुलना में ज़्यादाआवंटन किस जॉब क्षेत्रमें होगा?,a3_v64,दिस 2025 से 2030 तक भारतमें वैश्विक न्यूनतम ज़्यादातमआवंटन के बीच ज़्यादा आवंटनइंटरनेट एग्जाइनर्स जॉब क्षेत्र मेंहोगा।,4,5,4,5,5,5,5
I,64,Hindi,DualAgent,q18_v64,ट्रैक यूजर्स द्वारा विजुअलफॉर्म में लिंकेंग किसबात पर बात करते हैं?,a18_v64,ट्रैक यूजर्स द्वारा विजुअल फॉर्ममें लिंकेंग बात करते हैं किविजुअल फॉर्म में लिंकेंगउपयोगकर्ताओं को अच्छी तरहसे बात करने में मदद करता है।यह उपयोगकर्ताओं को बड़ी तरहसे विश्लेषण करने में मददकरता है और विजुअल फॉर्म मेंलिंकेंग बात करने सेउपयोगकर्ताओं को बेहतर तरीकेसे बात करने में मदद मिलती है।,4,4,4,4,4,4,4
I,64,Hindi,RAG,q18_v64,आपके अनुभव मेंएडिटिंग के लिए सबसेअच्छी रिसर्च साइट याटूल क्या हैं?,a18_v64,नापकिन डॉट एडिया एक बहुतअच्छा टूल है जो एडिटिंग केलिए बहुत मददगार है। यह टूलआपको थॉट्स करने में मददकरता है और आपको एक बेहतरप्रेजेंटेशन बनाने में मदद करताहै। यह एडिटिंग के लिए बहुतअच्छी रिसर्च साइट है।,5,5,5,5,5,5,4
I,70,Hindi,MultiAgent-LLMChunking,q2_v70,स्टॉक मार्केट में नियमितघटनाओं के बारे मेंजानकारी लेने के लिएआपको क्या चाहिए?,a2_v70,"स्टॉक मार्केट में नियमितघटनाओं के बारे में जानकारीलेने के लिए, आपको फायदे देनेवाले इंसाइडर की ट्रेडिंग औरस्कैम की जानकारी चाहिए। यहजानकारी आपको ताकत देगीऔर आपको स्टॉक मार्केट मेंनियमित घटनाओं के बारे मेंसमझ देगी। इसके अलावा, आपको भी इतिहास से सीखनाचाहिए, जहाँ ऐसी घटनाएं पहलीबार घटी थीं।",5,5,5,5,5,5,5
I,70,Hindi,SingleAgent,q2_v70,चानक्या ने चंद्रगुप्ता कोकैसे गाइड किया औरवह किस तरह सीखा?,a2_v70,चानक्या ने चंद्रगुप्ता कोराजनीति और राजदानियों केबारे में सीखाने के लिए गुरु केरूप में काम किया और उसे यहदर्शाया कि व्यवस्था ठीक करनेऔर राष्ट्र को प्रगति में ले जानेके तरीके बीच नीतियों औरस्ट्रैटेजियों का प्रयोग करनाआवश्यक है।,5,5,5,5,5,5,5
I,70,Hindi,DualAgent,q2_v70,भारत की ऐतिहासिकरूप से धनवान था तोउसके व्यापार का क्यारूप था?,a2_v70,भारत ने चानक्य के समय सेबीटा को बोर्ड ट्रेड के एक अच्छेदेश के रूप में जाना था। वहविभिन्न देशों से व्यापार करताथा और धन रखता था। इसकेलिए वह वर्ल्ड मैप ऑजन डाटबिक था जो तब विश्व कीदुनिया का नक्षा था।,4,2,4,4,2,4,4
I,70,Hindi,RAG,q2_v70,चंद्रगुप्त मौर्य के लिएचानक्या का भूमिका क्याथी?,a2_v70,"चंद्रगुप्त मौर्य के लिए चानक्याका भूमिका गुरु था जो उसेसुनने, सलाह देने और उनकीनीतियों पर विचार करने में मददकी। वह चंद्रगुप्त को लीडरशिपके तकनीकों और नीति के बारे मेंसीखाने में मदद की और उसे बारेमें बताने की जानकारी दी।चानक्या ने अपने जीवन मेंअपनी नीति और लीडरशिप कीतैयारी की और चंद्रगुप्त को एकऐसे राजा के रूप में बनायाजिसने भारत को बहुत बड़ापावरफुल राष्ट्र बनाया।",4,4,4,4,5,5,5
I,70,Hindi,MultiAgent-LLMChunking,q4_v70,योगी ने योग के लिएदेवताओं की श्रद्धा के बारेमें क्या बताया?,a4_v70,"योगी ने योग के लिए देवताओंकी श्रद्धा के बारे में इस प्रकारबताया कि जब हम योग अभ्यासकरते हैं, तो हमारे दिमाग़ औरशरीर की शांति के लिए तरीकेखोजते हैं। इस तरह की शांतिऔर स्थिरता देवताओं की श्रद्धाऔर प्रसन्नता के साथ प्राप्तहोती है। इसलिए योगी ने कहाकि देवताओं को प्रसन्न करने केलिए उनके लिए पूजा करनीचाहिए ताकि वे हमारे अभ्यासको सफल बनाएं।",5,4,5,4,4,5,4
I,70,Hindi,SingleAgent,q4_v70,"चानक्या ने राजनीति कीजिस शिक्षा दी थी, वहआज के लिए क्या जरूरीहै?",a4_v70,"चानक्या ने राजनीति की शिक्षादी थी जो आज भी जरूरी हैक्योंकि यह उसे भारत के निर्माणमें सफल राजा बनाने में मदद कीहै, लेकिन आगे की पीड़ितों कोभी सिखाना आवश्यक है जिसकेलिए नई पीड़ितों को शिक्षा दीगई थी।",4,2,4,2,2,4,2
I,70,Hindi,DualAgent,q4_v70,चानक्या ने चंद्रगुप्ता कोकैसे गाइड किया औरउसे अच्छा राजा बनाने मेंकैसे मदद की?,a4_v70,चानक्या ने चंद्रगुप्ता कोराजनीति और धर्म संकटों में खुदके मित्रों के बजाय राजगुरु केपास जाने की मदद की। उन्होंनेचंद्रगुप्ता को समझाया कि एकअच्छा राजा बनने के लिएराजनीति के निर्णयों में धर्म कीमान्यताओं को ध्यान में रखनाबहुत महत्वपूर्ण है। चानक्या नेउसे बताया कि राजनीति मेंसमस्याओं को हल करने केजालियाँ खुद के मित्रों से नहींलेकिन राजगुरु से शैक्षिक ढंग सेउठाना चाहिए।,5,5,5,5,5,5,5
I,70,Hindi,RAG,q4_v70,आप लोगों को बताए गएकि नई लीडरशिप केलिए युवा योग्यता कोकैसे निर्धारित किया जासकता है?,a4_v70,"आप लोगों को बताया गया किनई लीडरशिप के लिए युवायोग्यता को निर्धारित करने केलिए अगले ट्रेनिंग और विकासकी आवश्यकता होती है। युवालोगों को ट्रेन करके उन्हेंलीडरशिप के गुणों पर संकेतदिया जाता है, जिनमें समझ, फेंस और निर्णय शामिल होतेहैं। युवा लोगों को ट्रेनिंग दियाजाता है ताकि वे अपने समूह केलिए एक अच्छा कैप्टन बन सकेंजो अपनी टीम को नेतृत्व देसके। यह निर्धारण अक्सरउनकी इंट्रस्टिंग और इंट्रुक्शन परआधारित होता है जो उन्हेंलीडरशिप के लिए योग्य बनातीहै। युवा लोगों को इस तरह सेट्रेनिंग दिया जाता है कि वे अपनेसमूह के लिए एक अच्छा नेताबन सकें जो अपनी टीम कोनेतृत्व दे सके।",4,4,3,4,4,4,4
I,70,Hindi,MultiAgent-LLMChunking,q8_v70,दिमाग के विभिन्न हिस्सोंको meditation केमाध्यम से कैसे सक्रियबनाया जा सकता है?,a8_v70,"ध्यान के माध्यम से दिमाग केविभिन्न हिस्सों को सक्रिय बनानेके लिए, आपको आरामदायकवातावरण बनाना चाहिए औरनियमित ढंग से ध्यान करना शुरूकरना चाहिए। ध्यान के दौरान, आपका दिमाग शांति काअवस्था प्राप्त कर लेता हैजिससे आपके विभिन्न हिस्सोंकी संपूर्णता और संयोजन मेंसुधार होता है। इससे आपकाध्यान और समझ का क्षेत्र बढ़ताहै और आपके अंदरआवश्यकताओं को समझने मेंसक्षम बनते हैं। यह भी उपयोगीहै कि आप नियमित तौर पर एकशांत समय खींचें और ध्यान करें, जिससे आपके दिमाग केविभिन्न हिस्सों को सक्रिय औरसंयोजित बनाने में मदद मिलेगी।",5,4,5,4,4,5,5
I,70,Hindi,SingleAgent,q8_v70,"चानक्या ने राजनीति कीजिस शिक्षा दी थी, वहआज के लिए क्या जरूरीहै?",a8_v70,"चानक्या ने राजनीति की शिक्षादी थी जो आज भी जरूरी हैक्योंकि यह उसे भारत के निर्माणमें सफल राजा बनाने में मदद कीहै, लेकिन आगे की पीड़ितों कोभी सिखाना आवश्यक है जिसकेलिए नई पीड़ितों को शिक्षा दीगई थी।",4,4,4,4,2,4,2
I,70,Hindi,DualAgent,q8_v70,बाटर सिस्टम क्या थाऔर इसके लिए क्याअंग्रेजी में उपयोगी शब्दहै?,a8_v70,"बाटर सिस्टम था जो बाटर (bar) या इकाई के रूप में इकाई मात्राकी गणना करने के लिए बनायागया था। इसके लिए अंग्रेजी में""unit"" शब्द का उपयोग कियागया था।",2,2,4,4,2,4,4
I,70,Hindi,RAG,q8_v70,चानक्या के चंद्रगुप्त केलिए शिक्षण के उद्देश्यक्या थे?,a8_v70,"चानक्या के चंद्रगुप्त के लिएशिक्षण के उद्देश्य के अनुसार, उनका नाता था कि चंद्रगुप्त कोराजनीति और अर्थशास्त्र के बारेमें समायोजित ज्ञान प्राप्त हो, जिससे वह अपने जीवन में इसज्ञान का अनुप्रयोग कर सके।इसके अलावा, चानक्या चंद्रगुप्तको गुरुशिप और लीडरशिप कीअवस्था में रखने के लिए तैयारकरना चाहते थे, जिससे वहभारत को एक बड़े औरपावरफुल राष्ट्र के रूप में बनाएरख सके।",5,4,5,4,4,5,5
I,72,Hindi,MultiAgent-LLMChunking,q5_v72,मनोरोग और शारीरिकस्वास्थ्य के बीच संबंधको समझने के लिए एकसंसाधन क्या होनाचाहिए?,a5_v72,"संसाधन के लिए आवश्यक होनाचाहिए कि एक मनोरोग औरशारीरिक स्वास्थ्य के संबंध कोसमझने में आपको बोध औरविश्लेषण की क्षमता हो। यहसंबंध बताता है कि शारीरिकस्वास्थ्य और मनोरोग में एकसंधारित्र भूमिका निभाता है।जैसे [PERSON_NAME] नेकहा कि खाना, व्यायाम औरयोगा आपके शारीरिक औरमनोरोग स्वास्थ्य को संयुक्त रूपसे स्थापित करता है। यह संबंधबताता है कि यदि आपकाशारीरिक स्वास्थ्य नहीं सुरक्षितहै तो आपका मनोरोग भी लंबेसमय में स्थायी नहीं रह सकता।इस प्रकार एक संसाधन बननाचाहिए जो यह संबंध समझ सकेऔर इसे लंबे समय तक स्थायीरख सके।",4,2,4,2,2,4,4
I,72,Hindi,SingleAgent,q5_v72,थेरपी के बारे में एकआम त्रांसिशन है किइसकी उपयोगी नहींहोती क्योंकि यह बसदवाओं का इंतजार करनेके लिए है?,a5_v72,"थेरपी की उपयोगी नहीं होतीक्योंकि यह बस दवाओं काइंतजार करने के लिए है, बल्कियह एक विकास रणनीति है जोलोगों को अपनी जीवन के असरोंसे बचने में मदद मिलाती है औरउनकी स्वास्थ्य को सुधारने मेंबांट देती है।",4,4,4,4,4,5,4
I,72,Hindi,DualAgent,q5_v72,यहाँ बताया गया है किएक पेशेवर चिकित्सकके साथ मिलने से पहलेक्या चाहिए?,a5_v72,"एक पेशेवर चिकित्सक के साथमिलने से पहले, आपको अपनेसमस्याओं का समझ नहीं लेनाचाहिए। आपको चिकित्सक कीओर से कुछ नहीं चेक कियाजाएगा और आप उनकी दोस्तनहीं होंगे। चिकित्सक आपकेलिए ही होगा और इससे आपकोअपनी समस्याओं का समझनानहीं चाहिए।",4,2,4,4,4,4,4
I,72,Hindi,RAG,q5_v72,आपको बताना था किआपके देश में मेन्टलहेल्थ सेवाओं कीउपलब्धता क्या है?,a5_v72,"आपके देश में मेन्टल हेल्थसेवाओं की उपलब्धता बहुतसीमित है। इसका कारण इंडियामें बहुत सारी इतिहास के दर्जनोंवर्षों की ऑप्रेस्शन, कोलोनियलट्राउमा और धर्मीय भयानकघटनाओं से गुजरने के कारण है।इसके अतिरिक्त, भारत में मेन्टलहेल्थ सेवाओं के लिए पैसे नहींहोते हैं और मेन्टल हेल्थविशेषज्ञों के जैसे व्यक्तियों कोअपने समुदाय को इस बात परसमझ देने में कठिनाई होती हैकि वे टूट नहीं जाएं। लेकिनदूसरे देशों में यह स्थिति अलगहोती है, जहाँ जाम्मिड, मस्जिद, चर्च, गुर्द्वारे, मEDITATION, जिम और योग आदि नामकचीजें मनोरक्षण के लिए बहुतउपयोगी होती हैं।",5,4,5,4,4,5,4
I,72,Hindi,MultiAgent-LLMChunking,q6_v72,दुख के बाद आपकोजीवन में गहराई से देखनेकी जरूरत होती है क्या?,a6_v72,"हाँ, दुख के बाद आपको जीवनमें गहराई से देखने की जरूरतहोती है। जब दुख होता है, तोइसका अर्थ देने के लिए आपकोअपने जीवन को गहराई सेदेखना होता है। यह देखनाआपको अपने दिल के गहराईोंको समझने में मदद करता हैऔर आपको दुख के जड़ों कोपता लगाने में मदद करता है।यह देखना आपको अपनी जीवनकी यादगारियों को समझने मेंमदद करता है और आपकोअपनी भावनाओं को समझने मेंमदद करता है। यह देखनाआपको अपनी जीवन केदिन-दिवस को समझने में मददकरता है और आपको अपनीभावनाओं को समझने में मददकरता है। यह देखना आपकोअपनी जीवन के दिन-दिवस कोसमझने में मदद करता है औरआपको अपनी भावनाओं कोसमझने में मदद करता है।",4,4,4,4,4,4,4
I,72,Hindi,SingleAgent,q6_v72,थेरपी के बारे में एकआम संदेह है कि यहजान बचाता है या बसदवाओं का इंतजार करनाहै?,a6_v72,"थेरपी जान बचाता है जो दवाओंका इंतजार करने के लिए नहीं, बल्कि यह लोगों को अपनीजीवन के असरों से बचने में मददमिलाती है और उनकी स्वास्थ्यको सुधारने में बांट देती है।",4,2,4,2,2,4,4
I,72,Hindi,DualAgent,q6_v72,आपका दिल कीकैपेसिटी कैसे बढ़ाई गईऔर इसके फ़लस्वरूपक्या हुआ?,a6_v72,"अपने दिल की कैपेसिटी बढ़ानेके लिए जरूरी था कि हममिश्रण खेल समझें, जिससेहमारी सामान्य मानसिकस्थितियों को समझने में मददमिलती है और दिल बड़ा जाताहै। यह बड़ा दिल उसे इसकेस्वभाविक स्टेट को संवेदनशीलनहीं ठहराने में मदद करता हैजैसे डिप्रेशन या बैलन्स ब्रेकजैसे स्टेट्स।",2,2,2,2,2,2,2
I,72,Hindi,RAG,q6_v72,आपके अनुभव से आपक्या सिखाते हैं कि घर मेंकाम करते हों तो आपकेदिमाग को नियंत्रितकरना बिल्कुल जायजहै?,a6_v72,"हाँ, घर से काम करते हों तोआपके दिमाग को नियंत्रितकरना बिल्कुल जायज है। यहअच्छा हो सकता है लेकिनआपको ध्यान देना चाहिए किआपका दिमाग नहीं तभी भागरहा हो जब आप घर आते हैं।आपको यह सिखाना चाहिए किआपका दिमाग घर के बाहर औरघर में अलग-अलग रूप सेनियंत्रित हो सकता है। आपकोअपने दिमाग को एक ओर रखनाचाहिए जब आप घर में आते हैंऔर आपकी संबंध, रिलेक्सेशनऔर अपनी ताज्ञ भी देखनीचाहिए। अगर आपका दिमागघर में भी तबाह रहा है तोआपकी संबंध और अपनी सारीजीवन की तरह भी तबाह होसकती है। इसलिए, आपको यहसिखाना चाहिए कि आपकादिमाग घर से काम करने के बादभी नियंत्रित रहे।",4,4,4,4,4,5,4
I,72,Hindi,MultiAgent-LLMChunking,q10_v72,"आपने बताया किइंटरसेप्टिव थ्राउमा थेरेपीके तहत यह विश्वास हैकि छह साल के घटनाओंका प्रभाव बारह साल केबाद भी बाकी रहता है, तो यह क्या तात्पर्य है?",a10_v72,"इंटरसेप्टिव थ्राउमा थेरेपी केतहत यह विश्वास है कि छहसाल की उम्र में एक बच्चे को याएक व्यक्ति को परेशान करनेवाली घटनाएं या त्रांसफर किएजाने वाले अनुभव बारीक रूप सेयाद रहते हैं और उन्हें बाद मेंजीवन की वजह से वापस लातेआते हैं। यह तात्पर्य है कि एकछह साल के बच्चे के दिमाग मेंया जानवरी भावों में रखे गएअनुभव जो अपनी जीन्स में छिपेरहते हैं, उन्हें बारह साल की उम्रया बाद में अनुभवों के तहत फिरसे उतार देते आते हैं। यह तात्पर्यहै कि यह छह साल की घटनाएंबाद के अनुभवों को न्यूनतम रूपसे प्रभावित कर सकती हैं औरवह छुटकारा नहीं ले सकती हैं।",5,2,5,4,4,5,4
I,72,Hindi,SingleAgent,q10_v72,थेरपी के बारे में एकआम संदेह है कि यहजान बचाता है या बसदवाओं का इंतजार करनाहै?,a10_v72,"थेरपी जान बचाता है जो दवाओंका इंतजार करने के लिए नहीं, बल्कि यह लोगों को अपनीजीवन के असरों से बचने में मददमिलाती है और उनकी स्वास्थ्यको सुधारने में बांट देती है।",2,2,2,2,2,4,2
I,72,Hindi,DualAgent,q10_v72,आपने उस उदाहरण मेंकिस बात कोaccountable किया है?,a10_v72,आपने उस उदाहरण में आपकीखुद को accountable किया है।यह शामिल था कि आपकोसमझ आई कि आपको अपनीदुविधाओं के साथ संबंधित कुछresponsibility थी। यहआपकी life में आ रही थी औरआपकी एक reaction आ रहीथी जिससे आपको नहीं पता थाकहाँ से आ रही थी।,4,2,4,2,4,5,4
I,72,Hindi,RAG,q10_v72,आपके अनुभव से आपक्या सिखाते हैं किआपके बच्चों के साथसंबंध बनाने में थेरपी काभूमिका क्या है?,a10_v72,"थेरपी का भूमिका बहुतमहत्वपूर्ण है जब हम अपने बच्चोंके साथ संबंध बनाने में हैं। थेरपीएक ऐसा योग्य लोग या थेरपिस्टको लाने में मदद करती है जोबच्चे के ट्राउमा या पसीने कोसमझ सके और उसके जीवन केनक्शे को बनाते हैं। यह बताताहै कि क्या घटनाएँ हुई थीं औरउसके भविष्य में क्या प्रभाव थे।थेरपी बंद करने के बाद, जबवास्तविक चुनाव आते हैं, तबबच्चे को अपने संवाद के बादएक नया दृष्टिकोण दिलायाजाता है जो उन्हें अपने नजरियेको बदलने मदद करता है। यहसमय के साथ होता है औरथेरपी के बाद बच्चे को अच्छीतरह से अपने शारीरिक औरमानसिक स्वास्थ्य को संबंधितकरने में मदद मिलती है।",4,4,4,4,4,5,4
I,77,Hindi,MultiAgent-LLMChunking,q3_v77,क्या आपका मानना हैकि शुरुआत में उनफ़ाइनान्स के नाम केकंपनियों में काम करनासबसे अच्छा विकल्पनहीं हो सकता है?,a3_v77,"हाँ, माना जा सकता है किशुरुआत में फ़ाइनान्स के नामकी कंपनियों में काम करनासबसे अच्छा विकल्प नहीं होसकता है। यह कारण हो सकताहै कि इसमें न काम के रूप मेंतीव्र तनाव हो सकता है, न हीउसमें वास्तविक विशेषज्ञीयताका अभिकार आ सकता है।बच्चे की आखिरियों के वर्षों मेंवास्तविक अनुभव और अपनेख़ास शैली और रूप का निर्माणकरने में मदद मिल सकता हैअन्य कंपनियों में।",4,2,4,2,2,4,4
I,77,Hindi,SingleAgent,q3_v77,आपने एमज़ॉन में किसभूमिका में काम कियाथा?,a3_v77,"मैं एमज़ॉन में सेनियर प्रोडक्टलीडर के रूप में काम किया था, जो उनके हेडक्वार्टर्स के एकनिर्माण में था।",5,5,5,5,5,4,4
I,77,Hindi,DualAgent,q3_v77,आपकी पहली कैरियरके बाद आपने किसप्रकार का शिक्षणअधिकार अर्जित कियाथा?,a3_v77,"आपने पहली कैरियर के बादकेलोक स्कूल ऑफ मैनेजमेंट मेंएक टॉप 10 बिजनेस स्कूल सेएमबीए किया था, जो बहुतों केलिए एक ड्रीम स्कूल है। यहअधिकार आपकी वास्तविककैरियर और विकास मेंमहत्वपूर्ण भूमिका निभाया।",4,4,4,4,4,4,2
I,77,Hindi,RAG,q3_v77,आपकी एड्युकेशन केबारे में बताएं ताकि लोगजान सकें कि आप एकस्काय्डर बनना चाहते हैंया नहीं?,a3_v77,"आई एन एक इंजिनियर जिससेयह आश्चर्यजनक होता है किमेरे जीवन के बाद में यह तैयारकरने में मेरी तैयार कर रहा था।यह नहीं कि मैं इंजिनियर बनगया, बल्कि यह था कि यह नहींबस एक व्यवसाय थी, बल्कियह बनाने वाला एक जीवन थाजो मुझे जीने की तैयारी कर रहाथा। यह नहीं कि मैं एक चीजपसंद नहीं थी लेकिन वह बनानेके लिए तैयार था जो मुझेअस्वीकार नहीं कर सकता था।यह नहीं कि मैं अब एकपुस्तकालय में बैठा हूँ जहांदुनिया लगती होगी कि मैं सबकुछ पसंद कर रहा हूँ। बल्कियह नहीं कि मैं अपने जीवन मेंबहुत सारी चीजें बनाता हूँ जोमुझे बिलकुल पसंद नहीं करतीहैं। लेकिन यह यह कि मैं अपनीअनुभवित शक्ल दिखाता हूँ किमैं अगले दिनों भी अपने जीवन मेंअनुभव कर सकता हूँ और बढ़ताजाता हूँ। यह एक शक्ल है जोआजकल के युवा को दिखानेकी जरूरत है कि अगले दिनों भीअनुभव करने और सीखने केलिए तैयार रहें।",4,2,4,2,2,4,2
I,77,Hindi,MultiAgent-LLMChunking,q4_v77,टीसीएस में पहले 5 सालके लिए आपको क्याउम्मीद रखना चाहिए?,a4_v77,"टीसीएस में पहले 5 साल केलिए आपको उम्मीद रखनाचाहिए कि आपकी कैरियर काशुरुआती भाग ठीक-ठीक चलरहा हो, और आपकी शक्लिकशक्ल में वास्तविक शक्लनिकल रही हो। पहले कुछ सालमें आपकी काम की गुणवत्ताऔर आपकी अनुभव की ग्राफबढ़ती रहेंगी, जो आपकी भविष्यकी सफलता के लिए महत्वपूर्णहोगी। इसके अलावा, आपकोउम्मीद रखना चाहिए कि आपकीसलारी बाद में बढ़ेगी, जैसे किटीसीएस में पहले एक साल केबाद[FINANCIAL_DETAILS]।",5,4,5,4,4,5,5
I,77,Hindi,SingleAgent,q4_v77,आपका जातीय शीर्षकथा क्या?,a4_v77,मेरा जातीय शीर्षक था वाशी मेंडांसिंग डांस थी।,4,2,4,2,2,4,2
I,77,Hindi,DualAgent,q4_v77,आपकी शिक्षा औरकैरियर में एक आधारभूतसंदर्भ क्या था जोआपको अंतिम निर्णयों मेंमदद कर सकता था?,a4_v77,आपके लिए एक आधारभूतसंदर्भ था कि आप आजकल कीवास्तविकता और दुनिया केप्रैक्टिकल वर्ल्ड को समझें।आपको सुनाया गया था किछात्रों के उपयुक्त इन्फॉर्मेशन केअनुसार कैरियर अधिकार लेने केलिए आपको लोगों के इंटेंट औररिस्पेक्ट करना चाहिए जोआपसे छोटी आयु में जुड़े हैं।,5,4,5,4,4,5,4
I,77,Hindi,RAG,q4_v77,आपकी खुद कीएड्युकेशन के बारे मेंबताईए ताकि लोग जानसकें कि आप एकबाइकाइल बनना चाहतेहैं या नहीं?,a4_v77,"मैं एक बाइकाइल बनना चाहताहूँ क्योंकि मेरी खुद कीएड्युकेशन ने मुझे ऐसा तैयारकिया कि मैं अपनी चाह अपनेदृश्य और अपनी इच्छा की दिशामें जा सकूँ। इंजिनियरिंग के बादमैंने एक मेडिकल नॉन-प्रोफाइटके साथ काम किया, जहाँ मैंनेअपनी इच्छा के अनुसार अपनाजीवन बनाया। फिर मैंने एकएमबीए किया और अब मैंबाइकाइल बनने की इच्छा वालाहूँ। यह बताने के लिए एकविशेष शिक्षा और एड्युकेशनदिलाता है कि अगर आपको एकचीज नहीं पसंद हो, तो आप उसेभी पूरा कर सकते हैं और अपनीइच्छा की दिशा में जा सकते हैं।यह बताता है कि एड्युकेशन नहींही आपको जानकारी देता है, बल्कि यह आपको रिसोल्वेंसदेता है जो आपको अपनी इच्छाकी दिशा में जाने में मदद करताहै।",4,4,4,4,5,5,4
I,77,Hindi,MultiAgent-LLMChunking,q6_v77,शुरुआती उद्यमी के लिएसफलता का मानदंडक्या हो सकता है?,a6_v77,"शुरुआती उद्यमी के लिएसफलता का मानदंड उस व्यक्तिकी आशा और प्रयास केपरिणाम हो सकता है। अगर वेअच्छी तरह से अपना शुरुआतीकाम करते हैं, तो वह लाभ जैसे[FINANCIAL_DETAILS] या अधिक प्राप्त कर सकते हैं।लेकिन सफलता का वास्तविकमानदंड उनके प्रयास के माध्यमसे लाभ उठाने और संपूर्णव्यवसाय के उद्देश्यों को पूराकरने में हो सकता है।",5,2,5,2,2,5,2
I,77,Hindi,SingleAgent,q6_v77,एक बड़ी कंपनी के साथकाम करने में तुलनात्मकरूप से एक स्टार्टअप मेंकाम करने में क्या अंतरहै?,a6_v77,"एक बड़ी कंपनी में आपको एकफीडबैक दिया जाता है जोआपके बारे में दुनिया के लिएजानबूझ कर दिया जाता है, जबकि एक स्टार्टअप में आपकोएक दूसरे लोग के साथ सीधासीधा वर्गीकरण करना पड़ता है।",5,5,5,4,4,5,4
I,77,Hindi,DualAgent,q6_v77,इंडिया में कौन सी चीजेंसर्वाधिक महत्वपूर्ण हैंजो शिक्षार्थियों को सिर्फविश्वविद्यालय से नहींबल्कि जीवन में भीसफल होने के लिएजरूरी हैं?,a6_v77,"इंडिया में शिक्षार्थियों को सफलबनने के लिए जीवन में सफलहोने के लिए विश्वविद्यालय सेसीखी जाने वाली कई चीजेंजरूरी हैं, लेकिन साथ ही उनकेविश्वविद्यालय से नहीं बल्कि वेअपने जीवन में एक व्यक्तिगतव्यापारिक रूप से स्वास्थ्य केविकास की दृष्टि से तर्कसंगतचुनाव लेने और सेवा के बदलेअंदाज से व्यापारिक विकास काध्यान रखना चाहिए।",5,4,5,4,4,5,4
I,77,Hindi,RAG,q6_v77,आपकी एड्युकेशन केबारे में बताएं ताकि लोगजान सकें कि आप एकबाजार बनना चाहते हैं यानहीं?,a6_v77,आपकी एड्युकेशन आपको बड़ेमात्रा में बाजार बनाने में मददनहीं कर सकती। बल्कि आपकेलिए एक बाजार बनने के लिएआपके अनुभव और अनुभव बहुतसे ज्यादा महत्वपूर्ण हो सकते हैं।आपकी एड्युकेशन आपको नईजगहों पर योग्य बनाती है लेकिनअनुभव और अनुभव आपकोबाजार पर योग्य बनाते हैं।आपकी एड्युकेशन आपकोविश्वास देती है कि आपको कुछबनना सकता है लेकिन अनुभवआपको बताते हैं कि आपकोक्या बनना चाहिए। आपकीएड्युकेशन आपको विश्वासदेती है कि आपको कुछ बननासकता है लेकिन अनुभव आपकोबताते हैं कि आपको क्या बननाचाहिए।,5,5,5,5,4,5,5
I,80,Hindi,MultiAgent-LLMChunking,q5_v80,लोगों को अपनी निजीवित्तीय प्रबंधन कैसेसीखाया जा सकता है?,a5_v80,"निजी वित्तीय प्रबंधन को सीखनेके लिए पहला बड़ा तरीका है किछोटे सामान से शुरू करें। छोटेधन से खेलने लगें और इससेआने वाली खुशी और सफलतासे सीखें। यह आपकी जीवन केलिए एक अच्छा शुरुआत होगी।यह बच्चे को नियमित रूप सेधन के बारे में सोचने औरनियंत्रण करने की तलाश करनेके लिए प्रेरित करेगा।


इसके अलावा, लोगों को जाननाचाहिए कि धन के नियंत्रण मेंवित्तीय निष्क्रियता का महत्वक्या है और इससे कैसे लाभउठाया जा सकता है। लोग निजीवित्तीय प्रबंधन को सीख सकतेहैं जब उन्हें अपने खुद के लिएएक सामान्य बजट बनाने कीजानकारी दी जाए। यह उन्हेंअपने खर्चों और बचतों के बीचसंतुलन का ज्ञान देगा और यहउन्हें अपने आपको नियंत्रितरखने में मदद करेगा।",5,4,5,4,4,5,4
I,80,Hindi,SingleAgent,q5_v80,एक बच्चे को किस तरहसे अपने विश्वास बनानाचाहिए ताकि वह अपनेजीवन में सफलता प्राप्तकर सके?,a5_v80,बच्चे अपने विश्वास को बनानेके लिए डर के आगे जीत कीदृष्टिकोण ले लेना चाहिए औरडर से नहीं बचाने के लिए कामकरना चाहिए।,4,4,4,4,4,5,4
I,80,Hindi,DualAgent,q5_v80,"आपका मत के अनुसार, एक भारतीय छात्र कीक्या मनोरंजन चाहिएताकि वह सफल रहें?",a5_v80,एक भारतीय छात्र की मनोरंजनचाहिए जो उसे विश्व के टॉप1% के अनुकूल होने में सक्षमबनाए रखे ताकि वह अपनीशैक्षिक या व्यक्तिगत शैक्षिकशैली के साथ विश्व के टॉप स्तरपर काम कर सकें। उन्हें उसलक्ष्य के लिए तैयार करनाचाहिए जो वह जीने के लिएबुनियादी अध्ययन कर रहा है यावह अपने जीवन के लिए एकस्वतंत्र और नवाचारी करियरबनाना चाहता है।,2,4,2,4,4,4,4
I,80,Hindi,RAG,q5_v80,आपको कैसे सफल एकटेकनोलॉजी स्कूल केछात्र बनने के लिए तैयारहो सकते हैं जो आगामीवर्षों के लिए बहुत ज़्यादाज़्यादातर ज़्यादातरज़्यादातर ज़्यादातरज़्यादातर ज़्यादातरज़्यादातर ज़्यादातरज़्यादातर ज़्यादातरज़्यादातर ज़्यादातरज़्यादातर ज़्यादातरज़्यादातर ज़्यादातरज़्यादातर ज़्यादातरज़्यादातर ज़्यादातरज़्यादातर ज़्यादातरज़्यादातर ज़्यादातरज़्यादातर ज़्यादातरज़्यादातर ज़्यादातरज़्यादातर ज़्यादातरज़्यादातर ज़्यादातरज़्यादातर ज़्यादातरज़्यादातर ज़्यादातरज़्यादातर ज़्यादातरज़्यादातर ज़्यादातरज़्यादातर ज़्यादातरज़्यादातर ज़्यादातरज़्यादातर ज़्यादातरज़्यादातर ज़्यादातरज़्यादातर ज़्यादातरज़्यादातर ज़्यादातरज़्यादातर ज़्यादातरज़्यादातर ज़्यादातरज़्यादातर ज़्यादातरज़्यादातर ज़्यादातरज़्यादातर ज़्यादातरज़्यादातर ज़्यादातरज़्यादातर ज़्यादातरज़्यादातर ज़्यादातरज़्यादातर ज़्यादातरज़्यादातर ज़्यादातरज़्यादातर ज़्यादातरज़्यादातर ज़्यादातरज़्यादातर ज़्यादातरज़्यादातर ज़्यादातरज़्यादातर ज़्यादातरज़्यादातर ज़्यादातरज़्यादातर ज़्यादातरज़्यादातर ज़्यादातरज़्यादातर ज़्यादातरज़्यादातर ज़्यादातरज़्यादातर ज़्यादातरज़्यादातर ज़्यादातरज़्यादातर ज़्यादातरज़्यादातर ज़्यादातरज़्यादातर ज़्यादातरज़्यादातर ज़्यादातरज़्यादातर ज़्यादातरज़्यादातर ज़्यादातरज़्यादातर ज़्यादातरज़्यादातर ज़्यादातरज़्यादातर ज़्यादातरज़्यादातर ज़्यादातरज़्यादातर ज़्यादातरज़्यादातर ज़्यादातरज़्यादातर ज़्यादातरज़्यादातर ज़्यादातरज़्यादातर ज़्यादातरज़्यादातर ज़्यादातरज़्यादातर ज़्यादातरज़्यादातर ज़्यादातरज़्यादातर ज़्यादातरज़्यादातर ज़्यादातरज़्यादातर ज़्यादातरज़्यादातर ज़्यादातरज़्यादातर ज़्यादातरज़्यादातर ज़्यादातरज़्यादातर ज़्यादा�,a5_v80,"सफल एक टेकनोलॉजी स्कूलके छात्र बनने के लिए तैयार होनेके लिए आपको कुछ महत्वपूर्णचीजें करनी चाहिए। पहला बिन्दुआपको अपने लिए सीधा सिर्फडेटा और कोडिंग के बारे मेंसीखना चाहिए। आज कीदुनिया में डेटा एंजिनियरिंग औरकोडिंग बहुत महत्वपूर्ण हैं।दूसरा बिन्दु आपको अपनीयोग्यता और ज्ञान को नहीं सिर्फजानने से बल्कि अनुभव भीजोड़ना चाहिए। इसके लिएआपको अपनी कोडिंग कीयोग्यता और स्किल्स को बेहतरकरना चाहिए। तीसरा बिन्दुआपको अपनी सीखने की इच्छाऔर अनुभव जारी रखनाचाहिए। यह आपके लिए एकबार बार बार फ्लाइव्हर बनासकता है जो आपको अपनेजीवन की शुरुआत के लिएबेहतर तैयार कर सकता है। अंतमें, आपको अपने लिए सबसेसंगत और सबसे संदेह नहीं लेनेचाहिए। आज की दुनिया मेंतकनीकी जागरूकता औरअनुभव बहुत महत्वपूर्ण हैं।",2,2,2,2,2,2,4
I,80,Hindi,MultiAgent-LLMChunking,q9_v80,इंगित किया गया है किआपको यह याद रखनाचाहिए कि आपकोजानना चाहिए किआपको जीवन में क्याकरना है?,a9_v80,"हाँ, यहाँ पर सुझाव दिया गया हैकि आपको याद रखना चाहिएकि आपको जीवन में क्या करनाहै। 25 वर्ष की उम्र में आपकोअपने जीवन के उद्देश्य औरलक्ष्य को स्पष्ट करना चाहिए।यह स्पष्टता आपके लिए एकआगे बढ़ने वाला ध्यानदार बिंदुहोगा जो आपको अपनी शैक्षिकऔर निर्माण योग्यताओं कोविकसित करने में मदद करेगा।",4,4,4,4,4,5,4
I,80,Hindi,SingleAgent,q9_v80,एक बच्चे को जो अपनीजीवन की दिशा पता नहींपाता है तो क्या तरीके सेउसे दिशा पता लेने केलिए सहायता दी जासकती है?,a9_v80,बच्चे को अपनी जीवन की दिशापता लेने के लिए संभावितसफलताओं की संभावनाओं कोदेखना और संभावित चुनौतियोंको अनुकूलित करना चाहिए।,4,4,4,4,4,5,4
I,80,Hindi,DualAgent,q9_v80,क्या सफलता के लिएप्रारंभिक स्तडियो मेंबातचीत और सेल्स काअधिकार होना जरूरी है?,a9_v80,"जी, सफलता के लिए प्रारंभिकस्तडियो में बातचीत और सेल्सका अधिकार जरूरी होता हैक्योंकि यह आपको लोगों केसाथ संपर्क बनाने और उन्हेंअपनी बात समझने में मददकरता है। यह आपकी विक्रेताकौशल और लोगों के साथसंपर्क बनाने के तरीके में वैश्विकसामाजिक और सांस्कृतिकसंवाद को समझने में मदद करताहै।",5,5,5,5,5,5,5
I,80,Hindi,RAG,q3_v80,विद्यार्थियों के लिए अगलेसाल के रॉल्यूमेन्स केसाथ ख़ासकर भारत मेंकैसे संगत जॉब खोजनासंभव है?,a3_v80,"अगले साल के रॉल्यूमेन्स केसाथ भारत में जॉब खोजने केलिए, विद्यार्थियों कोआधिकारिक और निजी स्रोतोंसे जानकारी प्राप्त करनाचाहिए। वे आपकार्य जॉबसाइटों पर खोज कर सकते हैंऔर संगठित रूप से अपनेशॉपिंग कॉर्स और ट्रेनिंग कोसुरक्षित कर सकते हैं। इसकेअलावा, वे अपने निजी समूहों मेंसंपर्क स्थापित कर सकते हैं औरइस तरह से अपने जानकारी औरतकनीकी समर्थन प्राप्त करसकते हैं। अंत में, वे अपनेशॉर्ट-टर्म गोल्स को स्थापितकरके अपनी क्षमताओं कोविकसित कर सकते हैं जो उनकेलिए उपयुक्त जॉब खोजने मेंमदद कर सकते हैं।",4,4,4,4,4,4,4
I,80,Hindi,MultiAgent-LLMChunking,q10_v80,कैसे अपने कैरियर मेंस्किल्स और तकनीकीजान को बढ़ा सकते हैं?,a10_v80,"स्किल्स और तकनीकी जान कोबढ़ाने के लिए आपकोनिम्नलिखित करना चाहिए:


1. **स्वयंसेवक विश्वास(Self-confidence)**: आपकोअपने कैरियर में अस्तित्व करनेके लिए आवश्यक विश्वास लेनाचाहिए। यह विश्वास आपकेलिए एक नई चीज़ सीखने याएक नया काम लेने के लिए बहुतमहत्वपूर्ण है।


2. **संचार (Networking)**: आपको अपने दोस्तों, या दूसरोंके साथ संपर्क बनाना चाहिए।यह आपको नए सिद्धांतों औरतकनीकों के बारे में जानकारीदेगा और आपको अपने कैरियरमें सफल होने में मदद करेगा।


3. **स्वयंसेवक अध्ययन(Continuous Self-Study)**: आपको अपने जानकारी कोनियमित रूप से बढ़ाना चाहिए।यह आपके लिए एक नई चीज़सीखने या एक नया काम लेने केलिए बहुत महत्वपूर्ण है।


4. **संकीर्ण अभियान(Focused Efforts)**: आपको अपने कैरियर मेंनिश्चित निर्धारित करना चाहिए।आपको निश्चित लक्ष्य निर्धारितकरना चाहिए जिससे आपकेलिए आने वाले स्किल्स औरतकनीकी जान बढ़ सकें।


5. **प्रतिबद्धता(Dedication)**: आपकोअपने कैरियर के लिए प्रतिबद्धरहना चाहिए। यह आपको नएस्किल्स और तकनीकी जान कोअपने जानकारी में शामिल करनेमें मदद करेगा।


आपको याद रखना चाहिए किअपने कैरियर में स्किल्स औरतकनीकी जान को बढ़ाने केलिए नियमित शिक्षा औरअभियान आवश्यक हैं।",2,4,2,4,4,5,4
I,80,Hindi,SingleAgent,q10_v80,"कितने बच्चे जिनकायोग्यता पर क्लारिटीनहीं रख पाते, अपनेजीवन में सफलता प्राप्तकर सकते हैं?",a10_v80,"अगर बच्चे अपने योग्यता परक्लारिटी रख पाते हैं तो वे अपनेजीवन में सफलता प्राप्त करसकते हैं, जिसके लिए वे अपनेसंभावित चुनौतियों कोअनुकूलित कर सकते हैं।",2,4,2,4,2,4,4
I,80,Hindi,DualAgent,q10_v80,क्या जीवन में फेलर कासीखना जरूरी है? अगरहाँ तो फेलर से क्यासीखा जा सकता है?,a10_v80,"जी, जीवन में फेलर का सीखनाजरूरी है क्योंकि यह आपकोअपनी व्यक्तिगत सीमाओं कोसमझने में मदद करता है औरआपको अपने क्षमताओं कोसमझने में मदद करता है। फेलरसे आप सीख सकते हैं कि आपक्या अनिवार्य नहीं, आप क्यानहीं कर सकते, और क्याआपके लिए अनुकूल नहीं है।",5,5,5,4,4,5,4
I,80,Hindi,RAG,q1_v80,आज के विद्यार्थियों केलिए महत्वपूर्ण है कि उन्हेंकैसे अपने करियर केलिए एक योग्य योजनाबनानी चाहिए?,a1_v80,"आज के विद्यार्थियों के लिएअपने करियर के लिए एक योग्ययोजना बनाने के लिए उन्हें पहलेसे ही अपने रुचि क्षेत्रों को पतालगाना चाहिए। उन्हें स्कूल, कॉलेज या अन्य संस्थाओं मेंअवसरों की जांच करनी चाहिएऔर अपने संक्षिप्त समय केउद्देश्यों का निर्धारण करनाचाहिए। उन्हें अपने करियर कीचार्टर बनाने में प्रयास, प्रयोग सेनिपुण होना चाहिए। इसकेअलावा, उन्हें अपने जीवन केउद्देश्यों को स्पष्ट करना चाहिएऔर अगले लाइफस्टेप्स के लिएअधिक जानकारी प्राप्त करनाचाहिए। अंत में, उन्हें अपनेउपायों को नियमित रूप सेसीखने, सीखने से विकसितकरने और अपनी योजना बारबार छोटी छोटी सुधारों सेनियमित रूप से तेजी से बदलावदेना चाहिए।",2,4,2,4,2,4,4
J,91,Romanian,MultiAgent-LLMChunking,q3_v91,În care fel se formează claritatea la intersecția dintre ceea ce face bine și ceea ce contează pentru fiecare individ?,a3_v91,"Claritatea la intersecția dintre ceea ce face bine și ceea ce contează pentru fiecare individ se formează prin un proces activ și profund personal. Este un rezultat al testării, reflexiei, primirii feedback-urilor și a acțiunilor. Această claritate ne ajută să ne aliniam cu ADN-ul vocațional, dar trebuie să avem în vedere că și efortul, frustrările și riscul burnout pot fi parte a acestei călătorii.",5,5,2,4,5,4,4
J,91,Romanian,SingleAgent,q1_v91,Ce model este menționat ca o metodă structurată pentru a-și găsi vocația și construi o carieră?,a1_v91,"Modelul TPVNP (Talente, Pasiuni, Valorii, Motivații și Personalitate) este menționat ca o metodă structurată pentru a-și găsi vocația și construi o carieră.",5,5,5,5,5,4,2
J,91,Romanian,DualAgent,q3_v91,Ce este mai important pentru a construi o carieră în jurul vocației?,a3_v91,"Mai important este perseverența și găsirea unei oameni potriviți alături de noi, deoarece, deși exemplele de succes pare reușite individual, fiecare dintre ele este în realitate o construcție colectivă.",5,4,5,4,4,4,3
J,91,Romanian,RAG,q3_v91,"Ce sunt talente, pasiuni, valori, motivații și personalitatea în modelul TPVNP?",a3_v91,"Talente, pasiuni, valori, motivații și personalitatea în modelul TPVNP reprezintă elementele esențiale care formează o bună orientare personală și profesională. Talente sunt abilitățile naturale pe care le avem și care ne fac bine într-un domeniu. Pasiunile sunt interesele și activitățile care ne plimbă spre realizare și care ne fac să ne uităm la timpul de lucru ca la o activitate plină de interes. Valorile sunt credințele și principiile noastre care guvernează deciziile și acțiunile noastre, iar motivații sunt motivele care ne sprijină în realizarea obiectivelor noastre personale și profesionale. Personalitatea, în cele din urmă, reprezintă setul de trăsături înnăscute și dobândite care au o stabilitate semnificativă în timp și care ne identifică ca individ. Toate aceste elemente se alinează pentru a ne oferi o claritate și o direcție în calea de realizare a potențialelor noastre.",5,5,5,5,5,5,5
J,91,Romanian,MultiAgent-LLMChunking,q4_v91,Cum se pot identifica oportunitățile necesare pentru a se îmbină pasiunile și abilitățile personale într-o carieră?,a4_v91,"Oportunitățile necesare pentru a se îmbină pasiunile și abilitățile personale într-o carieră pot fi identificate prin explorarea mediului extern și a contextelor în care se locuiește persoana. Este important să se identifice comunități, întâlniri și situații de viață care oferă posibilități de creștere și aplicare a abilităților. Situațiile politice și economice pot oferi stimulente pentru noue împreună cu oportunități de schimb și colaborare. Prin urmare, oportunitatea nu vine doar ca o mereu accesibilă resursă, ci este un proces de descoperire și explorare, unde fiecare element - de la pasiunea personală până la situațiile externe - contribuie la formarea unei traiectorii profesionale echilibrate și durabile.",4,2,4,4,4,5,5
J,91,Romanian,SingleAgent,q2_v91,Ce sunt pasiunile în contextul modelului TPVNP?,a2_v91,Pasiiunile sunt elementele care ne interesează foarte tare și care pot include lucruri care ne captează atenția și ne vine să petrecem timp și să investim energie.,5,5,5,5,5,4,4
J,91,Romanian,DualAgent,q4_v91,"Care este procesul de orientare vocațională, conform descoperirilor din acest sezon?",a4_v91,"Procesul de orientare vocațională este un proces durat, nonliniar și structurat, care implica găsirea vocației, clarificarea pașilor necesarilor și a schimbărilor necesare, precum și utilizarea șanselor, mentorului, comunității și a contextului.",5,2,4,2,4,4,3
J,91,Romanian,RAG,q4_v91,Cum se intersecțiază talentele cu pasiunile pentru a găsi vocația?,a4_v91,"Talentele se intersecțiază cu pasiunile la intersecția între capacitățile personale și interesurile noastre, unde apare o mulțime de potențiale traiectorii profesionale. Pentru a găsi vocația, recomandăm să facem o listă a talentelor și pasiunilor noastre, să le intersecăm și să le filtrăm prin valorile și motivările cele mai puternice. Astfel, după eliminarea celor meniște relevante, rămânem cu câteva opt traiectorii profesionale. În cele din urmă, este important să avem atitudinea de a dori acestea și personalitatea necesară pentru a le realiza. De asemenea, sprijinul unui coach sau a unui consilier vocațional poate fi util în acest proces.",4,2,4,2,4,5,5
J,91,Romanian,MultiAgent-LLMChunking,q9_v91,Cum se pot intersecta talentele cu pasiunile și să se aplice acest filtru de valori și motive?,a9_v91,"Talentele și pasiunile pot fi intersectate folosind un abordare sistematică și reflexivă. Primul pas este identificarea propriilor talente, adică abilităților și competențelor pe care le avem. Apoi, este necesar să analizăm pasiunile noastre, cele activități pe care ne place să le facem și care ne inspiră. 


După aceea, trebuie să ne asigurăm că am înțeles valoarea și motivele pentru care facem acel lucru, ca să ne asigurăm că acestea sunt în aliniere cu ce ne importă în viața noastră. Fiecare dintre aceste elemente trebuie filtrată și combinată, înțelegând cum se pot suplementa reciproc pentru a ne conduce spre o vocație mai clare și mai satisfacționantă. 


Prin refacerea acestui proces de când în când, putem asigura că ne rămânem în aliniere cu noi înșiși și cu ceea ce ne este esențial în viața profesională.",5,2,4,4,5,5,5
J,91,Romanian,SingleAgent,q4_v91,Cum arată un proces de găsire a vocației conform modelului discutat?,a4_v91,"Un proces de găsire a vocației arată ca se identifică talente, pasiuni, valori și motivații, se intersectează acestea și se filtră pentru a determina opțiunile potențiale de cariere.",5,2,4,4,4,2,2
J,91,Romanian,DualAgent,q9_v91,Cum poate un individ reconfigura profesia sa și cum poate ajuta acest proces?,a9_v91,"Un individ poate reconfigura profesia sa prin utilizarea unor instrumente precum Excel, unde se listează talente, pasiuni, valori și motivații. Prin compararea acestor elemente, individul poate identifica zonele în care poate face diferență și începe să le dezvolte în mod mai intens. Processul de reconfigurare poate fi un proces personal și individual, dar poate beneficia de un coach care oferă perspective noi și sprijinul necesar pentru a ajunge la o traiectorie profesională mai clară și mai alinată cu valorile și pasiunile personale.",5,4,5,4,5,5,5
J,91,Romanian,RAG,q9_v91,Care este importanța unui proces structurat în găsirea vocației?,a9_v91,"Importanța unui proces structurat în găsirea vocației este mare, deoarece permite claritatea și reducerea confuziei în ceea ce privește identificarea propriei pasiuni și talente. Un astfel de proces oferă resurse interioare și ajută la restrângerea opțiunilor, menținând în minte personalitatea și valorile personale. Construirea unei cariere în jurul vocației necesită timp, perseverență și un sprijin colectiv, iar procesul de căutare a vocației este doar începutul, fiind essential să ne răbdăm și să fim deschizăriți la schimbările necesare.",5,2,5,4,5,5,5
J,92,Romanian,MultiAgent-LLMChunking,q1_v92,"În ceea ce privește procesul de începere a unui proiect, cum ar putea fi abordat pentru a reduce consumul de energie și obosița?",a1_v92,"În ceea ce privește procesul de începere a unui proiect, pentru a reduce consumul de energie și obosița, este important să se organizeze mai bine etapele proiectului. Antreprenorii sau soloprenorii ar trebui să se asigure că au o planificare clară și strukturală a activităților. În plus, delegarea responsabilităților și angajarea unor echipe poate contribui la îmbunătățirea eficienței și reducerea obosiței personale. În schimb, lucrați pe scurt și concentrați-vă pe lucruri importante, ceea ce va ajuta la menținerea energiei și mărirea eficienței.",2,2,4,4,5,5,5
J,92,Romanian,SingleAgent,q1_v92,Ce motivare a condus [PERSON_NAME] să pune capăt carierelor full time și să își asume riscurile pentru a porni pe cont propriu?,a1_v92,"[PERSON_NAME] simțea lipsa de pasiune și energie în zonă de publicitate și marketing, unde simțea că ajutarea oamenilor era limitată, în schimb de a ajuta la vinerea de bere.",4,2,5,1,5,4,2
J,92,Romanian,DualAgent,q1_v92,"Cum a început [PERSON_NAME] să se alinie cu punctele sale forțe, pasiunea, valorile și motivele?",a1_v92,"[PERSON_NAME] a început să se alinie cu punctele sale forțe, pasiunea, valorile și motivele când s-a renunțat la publicitate, s-a asumat riscurile financiare și a pornit în domeniul trainingului și coachingului pe calea soloprenoriatului. Această decizie l-a pus într-o perioadă de efort susținut, conxietate, entuziasm și mii de ore de muncă, dar a fost și momentul în care s-a simțit tot mai clar aliniert.",2,2,4,4,5,4,5
J,92,Romanian,RAG,q1_v92,"Ce înseamnă punctele forte, pasiunile, valori și motivațiile în ceea ce privește alinierea personală?",a1_v92,"Punctele forte, pasiunile, valori și motivațiile reprezintă elemente cheie care contribuiesc la alinierea personală. Punctele forte sunt abilități și caracteristici care ne pot face să fim eficiente și productive în anumite domenii. Pasiiunile sunt interesele și domeniile care ne inspiră și ne aduc plină satisfacție. Valori sunt credințele și principiile pe care le aderăm, care guvernează comportamentul nostru și deciziale noastre. Motivațiile ne propulsă în direcția unei mărci sau unui scop specific. La intersecția acestor factori, găsim calea noastră unică, ADN-ul vocațional, care ne permite să ne aliniamem cu activitatea noastră și să ne exprimem potențialul cel mai bun. Această aliniere este rezultatul unui efort susținut, consciencios și entuziasmat, care ne permite să realizăm obiectivele personale și profesionale.",5,2,4,2,5,4,5
J,92,Romanian,MultiAgent-LLMChunking,q3_v92,De ce este important să existe o nevoie de impact și de valorizare în procesul de formare?,a3_v92,"Există o nevoie de impact și de valorizare în procesul de formare pentru că aceasta oferă un sens mai profund activităților noastre. Când avem o cauză de care să fim orgulloși și o impactăm cu succes, am cunoștința că lucrurile noastre au fost folosite în mod eficient. Această sensibilitate de recunoaștere și valorizare ne ajută să ne confirmăm că muntea noastră este esențială și amănească noi cu o motivare suplimentară. Astfel, nevoia de sens și de valorizare ne conduce spre realizarea personajelor noastre și spre o mai mare satisfacție generală în ceea ce fac.",5,2,5,2,4,4,4
J,92,Romanian,SingleAgent,q3_v92,Ce rol a jucat structură și organizare în procesul de construire a resurselor virtuale ale lui [PERSON_NAME]?,a3_v92,"Structura și organizarea au jucat un rol crucial în construirea resurselor virtuale, cum ar fi slide-uri și prezentări de marketing, prin folosirea aplicației Evernote pentru gestionarea notițelor și informațiilor.",4,4,4,4,5,4,4
J,92,Romanian,DualAgent,q3_v92,Care sunt cele mai importante relații și formări pe care le-a avut [PERSON_NAME] și cum au influențat cariera sa?,a3_v92,[PERSON_NAME] menționează că relațiile profesionale și formările l-au dat orii și au rafinat competențele sale. Aceste elemente au fost fundamentale pentru a-l ajuta să construiască o carieră cu succes și să câștige premii precum Gold Awards pentru cel mai bun trainer din România și Silver pentru coach în 2019.,5,2,5,2,2,5,2
J,92,Romanian,RAG,q3_v92,Ce rol a jucat disciplina și prezența online în a ajuta primii clienți mari?,a3_v92,"Disciplina și prezența online au jucat un rol crucial în a ajuta primii clienți mari, contribuind la construirea unei reputații solide și deosebite online. Prin angajamentul constant și efortul depus în SEO și în crearea de conținut de calitate, [PERSON_NAME] a reușit să se facă cunoscut în spațiul online, ceea ce a atrăgit atenția primelor companii importante. Această visibilitate și competența demonstrată au fost determinante în a convoca primele contracte și în a începe ascensiunea profesională și personală.",5,4,4,4,4,5,5
J,92,Romanian,MultiAgent-LLMChunking,q7_v92,"În ceea ce privește nevoile personale, cum se pot combina pasiunea cu competențele necesare pentru a realiza un proiect?",a7_v92,"In ceea ce privește nevoile personale, pasiunea și competențele pot fi combinate prin integrarea personală și profesională a unui individ. Pasiunea oferă energie și impulz pentru a realiza un proiect, în timp ce competențele asigură structura și metodele necesare pentru a-l aduce la realizare. Nevoia de a fi competenți pe munca pe care o depun este esențială pentru a menține calitatea și perfeccionarea proiectului. În plus, valoarea puternică a autonomiei permite individualului să-și exprime pasiunea și să ia decizii care să-i ajungă mai aproape de obiectivele sale personale și profesionale.",5,2,4,2,4,5,5
J,92,Romanian,SingleAgent,q7_v92,Cum a influențat personalitatea lui [PERSON_NAME] la structurarea și organizarea resurselor pe care le a construit?,a7_v92,"Personalitatea lui [PERSON_NAME], caracterizată de etajul de thinker, a contribuit la structură și organizare prin utilizarea aplicației Evernote și gestionarea notițelor și informațiilor.",5,2,5,1,2,2,2
J,92,Romanian,DualAgent,q7_v92,Câte episoade are sezonul actual al seriei?,a7_v92,"Sezonul actual al seriei are 13 episoade, ceea ce este considerat un număr special pentru echipa producătorilor.",5,5,5,5,5,1,1
J,92,Romanian,RAG,q7_v92,Cum a ajuns [PERSON_NAME] la decizia de a participa la Gold Awards pentru cel mai bun trainer din România?,a7_v92,"[PERSON_NAME] a ajuns la decizia de a participa la Gold Awards pentru cel mai bun trainer din România prin aplicarea unei abordări consistente și de lungă durată în domeniul trainingului și coachingului. A îmbunătățit în continuare competențele prin relațiile profesionale și formările, iar acestea au contribuit la un grind constant în timpul anilor, cu peste 180 de zile de curs pe an. Această dedicație și perseverența au fost clucubul pentru obținerea acestui premiu în 2019.",5,2,5,4,5,4,4
J,105,Romanian,MultiAgent-LLMChunking,q5_v105,Cum poate un specialist din domeniul tehnologiei contribui la creșterea performanței echipei lui?,a5_v105,"Un specialist din domeniul tehnologiei poate contribui la creșterea performanței echipei lui prin inspirare și mobilizare a tuturor membrilor, asigurându-se că fiecare membru afluț în echipea lui se simtă motivat și implicat în proiectul comun. Este important să lucreze la alinierea celorlalte stakeholders, pentru a se asigura că toate angajamentele sunt în concordanță și că cadrul de lucru este eficient. În plus, un specialist trebuie să fie și manager al resurselor umane, oferind sprijin și formare continuă membrilor echipei, împotriva unei perspective strict tehnice. Astfel, specialistul poate nu doar să își aducă cunoștințele tehnice pe o nivel superior, ci și să contribuie la dezvoltarea echipei într-un mod mai om-orientat.",5,2,5,2,4,4,4
J,105,Romanian,SingleAgent,q5_v105,Ce este important în ceea ce privește alinierea rolului profesional cu punctele noastre de forță?,a5_v105,"Alinierea rolului cu punctele noastre de forță ne dă un avantaj competitiv, ca și cum plecăm din pole position într-o competiție.",4,5,4,4,3,2,2
J,105,Romanian,DualAgent,q5_v105,"Care sunt factorii cheie pentru a realiza o performanță cognitive bună, conform transcriției?",a5_v105,"Performanța cognitive buna se asigură prin o combinație de dopamină și adrenalină pentru energie și motivare, precum și prin funcționarea cortei prefrontale, care este esențială pentru imaginație, creativitate și decisii complexe. Aceste elemente sunt fundamentale pentru a fi într-un spațiu de tonus mental ridicat și de a putea rezolva probleme și colabora eficient cu alți oameni.",4,4,5,4,4,5,2
J,105,Romanian,RAG,q5_v105,"În cadrul unui proiect, cum arată un proiect, cum arată o activitate, cum se vede treaba pe la voi?",a5_v105,"În cadrul unui proiect, cum arată un proiect, cum arată o activitate, cum se vede treaba pe la voi? În cadrul unui proiect, cum arată un proiect, cum arată o activitate, cum se vede treaba pe la voi? În cadrul unui proiect, cum arată un proiect, cum arată o activitate, cum se vede treaba pe la voi? În cadrul unui proiect, cum arată un proiect, cum arată o activitate, cum se vede treaba pe la voi? În cadrul unui proiect, cum arată un proiect, cum arată o activitate, cum se vede treaba pe la voi? În cadrul unui proiect, cum arată un proiect, cum arată o activitate, cum se vede treaba pe la voi? În cadrul unui proiect, cum arată un proiect, cum arată o activitate, cum se vede treaba pe la voi? În cadrul unui proiect, cum arată un proiect, cum arată o activitate, cum se vede treaba pe la voi? În cadrul unui proiect, cum arată un proiect, cum arată o activitate, cum se vede treaba pe la voi? În cadrul unui proiect, cum arată un proiect, cum arată o activitate, cum se vede treaba pe la voi? În cadrul unui proiect, cum arată un proiect, cum arată o activitate, cum se vede treaba pe la voi? În cadrul unui proiect, cum arată un proiect, cum arată o activitate, cum se vede treaba pe la voi? În cadrul unui proiect, cum arată un proiect, cum arată o activitate, cum se vede treaba pe la voi? În cadrul unui proiect, cum arată un proiect, cum arată o activitate, cum se vede treaba pe la voi? În cadrul unui proiect, cum arată un proiect, cum arată o activitate, cum se vede treaba pe la voi? În cadrul unui proiect, cum arată un proiect, cum arată o activitate, cum se vede treaba pe la voi? În cadrul unui proiect, cum arată un proiect, cum arată o activitate, cum se vede treaba pe la voi? În cadrul unui proiect, cum arată un proiect, cum arată o activitate, cum se vede treaba pe la voi? În cadrul unui proiect, cum arată un proiect, cum arată o activitate, cum se vede treaba pe la voi? În cadrul unui proiect, cum arată un proiect, cum arată o activitate, cum se vede treaba pe la voi? În cadrul unui proiect, cum arată un proiect, cum arată o activitate, cum se vede treaba pe la voi? În cadrul unui proiect, cum arată un proiect, cum arată o activitate, cum se vede treaba pe la voi? În cadrul unui proiect, cum arată un proiect, cum arată o activitate, cum se vede treaba pe la voi? În cadrul unui proiect, cum arată un proiect, cum arată o activitate, cum se vede treaba pe la voi? În cadrul unui proiect, cum arată un proiect, cum arată o activitate, cum se vede treaba pe la voi? În cadrul unui proiect, cum arată un proiect, cum arată o activitate, cum se vede treaba pe la voi? În cadrul unui proiect, cum arată un proiect, cum arată o activitate, cum se vede treaba pe la voi? În cadrul unui proiect, cum arată un proiect, cum arată o activitate, cum se vede treaba pe la voi? În cadrul unui proiect, cum arată un proiect, cum arată o activitate, cum se vede treaba pe la voi? În cadrul unui proiect, cum arată un proiect, cum arată o activitate, cum se vede treaba pe la voi? În cadrul unui proiect, cum arată un proiect, cum arată o activitate, cum se vede treaba pe la voi? În cadrul unui proiect, cum arată un proiect, cum arată o activitate, cum se vede treaba pe la voi? În cadrul unui proiect, cum arată un proiect, cum arată o activitate, cum se vede treaba pe la voi? În cadrul unui proiect, cum arată un proiect, cum arată o activitate, cum se vede treaba pe la voi? În cadrul unui proiect, cum arată un proiect, cum arată o activitate, cum se vede treaba pe la voi? În cadr",5,1,4,1,1,1,1
J,105,Romanian,MultiAgent-LLMChunking,q6_v105,În ce fel valorile personale pot afecta relațiile de muncă și performanța profesională?,a6_v105,"Valorile personale pot afecta relațiile de muncă și performanța profesională în mod puternic, deoarece funcționează ca poli energetice în interiorul noastrului psihism. Dacă valorile noastre se înconjoară cu cerințe de muncă care conflictează cu acestea, cum ar fi obligarea la obediene în cazul unei valori precum libertatea, acest conflict poate duce la disconfort și eventual la părăsirea mediului de lucru. 


La fel, valorile noastre pot influența decizia de a rămâne sau de a pleca de la un angajator sau o companie. Dacă un manager este considerat necompetent și acest lucru contrazice valorile noastre privind competența, acesta poate duce la o percepție negativă și la o reducere a motivării personale pentru continuarea muncii.


În plus, valorile noastre nu sunt statice; ele se formează și se schimbă în timp, în funcție de experiențe și interacțiuni. Dacă, în timpul procesului de formare, o persoană a suferit lipsa de o anumită valoare, cum ar fi siguranța financiară, acest lucru poate duce la o atitudine extrem de protecționistă în această domeniu, chiar și atunci când situația a fost rezolvată.


Prin urmare, valorile personale pot avea un impact direct asupra relațiilor de muncă și performanței profesionale, deoarece sunt fundamentale în ceea ce privește satisfacția personală și a legăturilor cu colegii și managerii noștri.",5,3,5,5,5,5,5
J,105,Romanian,SingleAgent,q6_v105,Cum pot pasiunile noastre evolua în timp?,a6_v105,Pasiunile noastre pot evolua în funcție de circunstanțele și valorile contextuale.,5,4,5,2,3,4,1
J,105,Romanian,DualAgent,q6_v105,Cum poate modelul de Mind Architect ajuta indivizilor să găsească drumul profesional lor?,a6_v105,"Modelul de Mind Architect, menționat în transcriția, poate asigura că oamenii pot găsi drumul profesional lor, probabil prin stimularea abilităților de a rezolva probleme, entuziasmul față de subiect și creativitatea. Acestea sunt considerate aspecte importante pentru a intra într-un spațiu de tonus mental ridicat și pentru a avea o performanță cognitivă eficientă, care este esențială pentru a face progrese profesionale.",2,2,2,2,4,2,2
J,105,Romanian,RAG,q6_v105,Ce ar fi o potențială intersecție între comunicarea liberă și pasiunea pentru psihologie și neuroștiință?,a6_v105,"O potențială intersecție între comunicarea liberă și pasiunea pentru psihologie și neuroștiință ar putea fi crearea de conținut educațional și informativ, cum ar fi articole, podcasturi sau prezentări care abordează temele legate de psihologie și neuroștiință. Aceasta permite utilizatorului să își dezvolte abilitățile de comunicare într-un domeniu care îi interesează profund, alături de posibilitatea de a contribui în mod semnificativ la înțelegerea și popularizarea acestor domenii. Prin urmare, acesta poate combina talentul de a comunica eficient și pasiunea pentru a învăța și să împărtășească cunoștințele în acest spațiu, realizând o carieră interesantă și satisfăcătoare.",4,5,5,5,5,3,4
J,105,Romanian,MultiAgent-LLMChunking,q10_v105,"În ceea ce privește modelul, care dintre cele două caracteristici (talente sau puncte forte) este mai importantă?",a10_v105,"In ceea ce privește modelul, în mod normal, punctele forțe sunt mai importante decât talente. Talente pot fi dezvoltate și îmbunătățite prin efort și practică, dar dacă nu ai o punctă de forță, atunci dificultățile pot fi mult mai mari în procesul de dezvoltare.",5,4,4,5,5,4,4
J,105,Romanian,SingleAgent,q10_v105,Cum se pot schimba valorile noastre în timp?,a10_v105,"Valorile noastre se formează pe parcursul vieții, fie prin modelare, fie prin viduri, și pot evolua în funcție de valorile care prețuim.",5,5,5,1,2,4,1
J,105,Romanian,DualAgent,q10_v105,Cum ar trebui să se facă filtrarea pentru a se asigura că o carieră profesională este aliniată cu valorile noastre și pasiunile?,a10_v105,"Pentru a se asigura că o carieră este aliniată cu valorile și pasiunile, trebuie să se efectueze un filtrare care să ia în considerare pasiunile, talentele și valorile personale. Astfel, o decizie profesională va fi mai echilibrată și mai înalțată de succes.",5,2,2,2,2,4,2
J,105,Romanian,RAG,q10_v105,Cum se pot evalua valorile și motivațiile în alegerile profesionale?,a10_v105,"Valorile și motivațiile pot fi evaluate prin identificarea celor ce mă pasionează și ce valori am în perioada actuală a vieții. Primul pas este conștientizare, ceea ce înseamnă a identifica propriile talente, pașii și valorile pe care le avem. Valorile sunt pilonul mai constant și profunz, în timp ce motivațiile sunt mai variabile, dar pot schimba în cursul anilor. Este important să ținem cont de valorile noastre atunci când facem alegerile profesionale și când ne schimbăm de la o organizație la alta, pentru a ne asigura că suntem în aliniere cu ce prețuim. Acest proces este iterativ și trebuie continuat în fiecare etapă a carierii noastre.",5,4,5,5,5,5,5
J,111,Romanian,MultiAgent-LLMChunking,q3_v111,Cum se potriveau angajații cu imaginea și imaginea generală a brandului în timpul interviurilor?,a3_v111,"Angajații trebuiau să se potrivesc cu imaginea și imaginea generală a brandului, precum Bosch și Blaupunkt, și acest lucru se reflecta în modul în care se îmbrăcau, se purtau și participau la evenimente. Era esențial ca fiecare interviu să fie un reprezentant al brandului, aducând în aplicare principiile și valorile companiei.",5,5,4,5,5,4,4
J,111,Romanian,SingleAgent,q3_v111,Cum a început [PERSON_NAME] să lucreze la Robert Bosch SRL?,a3_v111,[PERSON_NAME] a început să lucreze la Robert Bosch SRL ca vicepreședinte și director general al firmei.,5,5,5,5,3,1,1
J,111,Romanian,DualAgent,q3_v111,Cum arată cercetarea privind beneficiile sportului în contextul performanței cognitive și a sănătății?,a3_v111,"Cercetarea menționează că sportul este benefic nu numai pentru reducerea încărcării mentale și îmbunătățirea memoriei, ci și pentru performanța cognitive, care este esențială în contextul businessului.",4,3,2,3,3,5,3
J,111,Romanian,RAG,q3_v111,Cum arată liderul care poate aduce oamenii împreună într-o organizație?,a3_v111,"Liderul care poate aduce oamenii împreună într-o organizație trebuie să aibă capacitatea de a interacționa rapid și eficient fără să creadă o barieră. Ar trebui să fie dispus să concilieze conflicte, să arbitreze dispute și să ia decizii rapide când e necesar. De asemenea, acest lider ar trebui să aibă încredere în membrii echipei și să le susțină, oferindu-le posibilitatea de a aduce direct contribuția lor la soluționarea problemelor. Este esențial că acest tip de liderage promovează inclusivitatea și diversitatea în toate formele sale, inclusiv între generații și genuri.",5,2,5,2,4,5,4
J,111,Romanian,MultiAgent-LLMChunking,q7_v111,Cum ar trebui să se gestioneze primele zile într-un nou loc de muncă?,a7_v111,"Primele zile într-un nou loc de muncă sunt cruciale și necesită o abordare structurată. Pentru a gestiona aceste zile eficient, trebuie să te pregătești atât pe plan personal, cât și pe plan administrativ. Începeți cu preluarea tuturor documentelor necesare, cum ar fi permisiile de serviciu și de muncă. Este important să te ducă în locul de muncă pentru a-ți face față cu birou, locuință și celelalte resurse disponibile. 


Însă, nu doar asta. Este esențial să te așezi terenul și să pregătești locul pe care te duci. Familiile, dacă sunt cu tine, trebuie să aibă un loc unde să se așeze și să funcționeze confortabil. În plus, este recomandabil să faci o excursie de orientare, pentru a-ți permite să te familiarizezi cu localitatea și să poți evalua dacă locul este potrivit pentru tine și pentru familia ta.


De asemenea, citiți documentele oferite de compania ta, cum ar fi buletinul informativ, pentru a-ți primi informații utilizabile. În cele din urmă, primele zile sunt o oportunitate de a te adapta și de a-ți construi relații, astfel încât să poți începe activul cu pielea băgată în noaptea întâia.",5,2,5,3,5,5,3
J,111,Romanian,SingleAgent,q7_v111,Cum a ajuns [PERSON_NAME] la Robert Bosch SRL?,a7_v111,[PERSON_NAME] a ajuns la Robert Bosch SRL prin intermediul unui joint venture cu o firmă germană.,5,5,4,3,4,2,1
J,111,Romanian,DualAgent,q7_v111,Cât de importanta era atitudinea pozitivă și relaxată în timpul unui interviu de locuitie?,a7_v111,"Atitudinea pozitivă și relaxată, precum și păsarea contactului vizual, au fost considerate factori cheie pentru a face o impresie bună în timpul unui interviu. În acest caz, interviuatoarea a menționat că a fost foarte naturală și relaxată, răspunzând prompt întrebărilor, fără stres și cu o atitudine transparentă, ceea ce a fost valoarea sa principală în interviul respectiv.",3,3,2,5,5,4,4
J,111,Romanian,RAG,q7_v111,Care este impactul unui environnement multicultural și divers pe dezvoltarea unei cariere?,a7_v111,"Impactul unui environnement multicultural și divers pe dezvoltarea unei cariere este considerabil. Diversitatea ajută la gestionarea din punct de vedere al liderării unei organizații, deoarece oferă o perspectivă unică și o abordare diversă la problemele organizatorice. Într-un mediu divers, se pot învăța multe lucruri de la colegii de diferite generații, cum ar fi Gen Y și Gen X, care au experiențe și perspective unice. Baby boomers, la care și eu fac parte, au fost cunoscute pentru răbdarea lor în construirea carierelor lor, dar astăzi toată lumea vrea să se îmbunătățească rapid și să vede rezultatele imediate. Acest lucru subliniază importanța adaptabilității și flexibilității în managementul carierei. Sportul și practica sporturilor pot ajuta la menținerea echilibriului mental și fizic necesar pentru succes într-o carieră lungă și complexă.",2,2,2,4,3,4,3
J,111,Romanian,MultiAgent-LLMChunking,q8_v111,În ce consistă cultura de feedback bine implementată într-o organizare?,a8_v111,"Culturea de feedback bine implementată într-o organizare implică un proces în care feedback-ul este considerat o parte normală și construcțivă a procesului de lucru. În această abordare, nimeni nu este judecat sau responsabilizat pe termen lung pentru greșeli, ci se valorizează învățarea și ajustarea. În plus, această cultură promovează o încredere reciprocă, în care angajații sunt stimulați să se exprime liber și să facă propria contribuție la proiectele comune.


Într-o astfel de organizare, se respectă principiile urmărite:


1. **Încredere:** Angajații sunt încredințați că greșelile sunt o parte normală a procesului de învățare și nu necesită pedepse sau punerea la zid.
2. **Feedback constructiv:** Feedback-ul este oferit în mod constructiv și în scopul de îmbunătățire, nu de critică.
3. **Abordarea greșelilor ca o lecție:** Greșelile sunt văzute ca oportunități de învățare și nu ca echivalente de calitate.
4. **Supravegherea continuă:** În loc să așteptăm la momentul adecvat pentru feedback, se promovează o abordare continuă și directă.
5. **Adoptarea culturii învățării vieții întregi:** Angajații sunt motivați să se apropie de un statut de învățător perpetu, unde feedback-ul este o resursă esențială pentru creșterea personală și profesională.


Practicând această abordare, organizarea își creează un mediu favorabil pentru inovație și dezvoltarea angajaților, în care fiecare membru așteaptă oportunități pentru a învăța și să contribuie eficient.",5,5,5,5,5,5,5
J,111,Romanian,SingleAgent,q8_v111,Care sunt principalele proiecte pe care [PERSON_NAME] le-a luat în timpul carierii sale la Robert Bosch SRL?,a8_v111,"Principalele proiecte pe care [PERSON_NAME] le-a luat în timpul carierii sale la Robert Bosch SRL includ proiectele pentru România, Egipt, țările din Golf, Iran, și alte locații din zonă.",5,5,5,5,2,1,1
J,111,Romanian,DualAgent,q8_v111,Care era rolul companiei în pregătirea angajaților înainte de înaintarea lor în piață?,a8_v111,"Compania se asigură că angajații erau bineșcolitați în teoria și practica activităților comerciale, înțelegând toate aspectele produselor, ofertei și rețelei de distribuție, pentru a le pregăti eficient pentru activitatea lor în piață.",5,4,5,4,5,3,2
J,111,Romanian,RAG,q8_v111,Cum arată o atitudine de înțelegere și empatie în contextul unui loc de muncă și cariere lungă?,a8_v111,"O atitudine de înțelegere și empatie în contextul unui loc de muncă și cariere lungă ar arăta prin susținerea colegilor și creșterea încredérii reciproce. Într-un loc de muncă, un lider empatic oferă sprijin și oarecare orientare, iar oamenii trebuie să se simtă încredințați că liderii țin spatele lor și le ascultă atent. Este esențial să fie dispus să concilieze dispute și să ia decizii rapide când este necesar. În plus, oamenii trebuie să simtă că pot lucra autonom, cunoscând faptul că liderii le ascultă și le înțelege. Într-o carieră lungă, susținerea continuă și investirea în dezvoltarea personală a colegilor sunt fundamentale. Un lider eficient știe să promoveze o interacțiune continuă și să asculte cu atenție opinii și preocupări, stabilind un echilibru între rolul profesional și personal.",4,3,4,4,5,5,4
J,120,Romanian,MultiAgent-LLMChunking,q2_v120,Cînd ai înțeles că abilitatea ta de a comunica era un factor cheie în succesul tău?,a2_v120,"Cînd am devenit manager în publicitate într-un departament de strategie, acum vreo 8 ani, 8 ani și ceva, am înțeles că abilitatea mea de a comunica era un factor cheie în succesul meu. Toate activitățile pe care le-am menționat se bazează pe această abilitate, fiind esențială pentru a comunica ușor și eficient în fața altora.",5,5,5,5,5,5,5
J,120,Romanian,SingleAgent,q2_v120,Ce sunt cele cinci dimensiuni măsurate de testul Big Five?,a2_v120,"Cele cinci dimensiuni măsurate de testul Big Five sunt: deschidere (O), conștienciozitate (C), extroversie (E), introversie (N), și neuroticism (A).",5,5,5,5,4,3,3
J,120,Romanian,DualAgent,q2_v120,Care este conceptul de bază al vitezei în contextul fizicii?,a2_v120,"Conceptul de bază al vitezei în fizică reprezintă distanța parcursă de un corp într-un interval de timp. În acest caz, termenul ""velocity"" apare repetat, sugerând faptul că vorbim despre o idee centrală care este consistentă în timp, indicând importanța vitezei ca un parametru fundamental în studierea mișcărilor și moțiunilor.",5,4,3,4,5,1,1
J,120,Romanian,RAG,q2_v120,Care sunt diferențele între pasiunile și personalitatea?,a2_v120,"Diferențele între pasiunile și personalitatea se pot explica astfel:


Pasiunile sunt activități sau domenii pe care le urmărim sau facem cu plăcere, din care ne luăm satisfacție, și care pot să se modifice în timp. Sunt legate de interese temporare și de emoții care pot crește sau scăpa în funcție de circumstanțe. Pasiunile pot include activități precum fotografie, scris, volei, dans, animale, botanică, inginerie și așa mai departe.


Personalitatea, în schimb, reprezintă un set de caracteristici stabil și consistent pe termen lung care definiște cine suntem. Este structurată de valori, interesuri și conducte care reprezintă un aspect constant al identității noastre. Valori precum învățarea, hedonism, corectitudinea, libertatea, recunoașterea, fairness, empatia și așa mai departe, pot fi parte integrantă a personalității.


E important să ținem cont de pasiunile noastre în alegerea traiectoriei profesionale, dar trebuie să ne asigurăm că personalitatea noastră servește ca stea polară principală, deoarece personalitatea are o constanță mult mai mare decât pasiunile. Personalitatea ne oferă o bază stabilită pe care să o folosim pentru a ne orienta și să ne asigurăm că traiectoria noastră profesională este în conformitate cu ce e important pentru noi în termen lung.",4,4,5,5,5,4,4
J,120,Romanian,MultiAgent-LLMChunking,q7_v120,Cum poate ajuta un instrument ca Viamie.org în ceea ce privește identificarea propriei abilități și calități?,a7_v120,"Un instrument ca Viamie.org poate ajuta în ceea ce privește identificarea propriilor abilități și calități prin oferirea unui evaluare obiectivă și personalizată. De exemplu, instrumentul a ajutat utilizatorul să descopere trei puncte forțe importante ale sale: talentul, bunătatea, perspectiva și inteligenta socială. Prin urmare, acest tip de instrumenti poate fi util în procesul de explorare a propriei potențiale și în identificarea domeniilor unde putem dezvolta și mai mult abilitățile noastre.",5,5,5,4,5,5,5
J,120,Romanian,SingleAgent,q7_v120,Cum ar putea contribui pasiunile în alegerea traiectoriei profesionale?,a7_v120,"Pasiunile ar putea contribui la alegerea traiectoriei profesionale, dar nu trebuie să fie principala gara, deoarece pasiunile pot schimba în timp, în timp ce personalitate, puncte forțe și valori au un grad mai mare de constanță.",5,5,5,5,2,5,2
J,120,Romanian,DualAgent,q7_v120,"Care este un punct de stres al personalității autoriului, conform informațiilor din text?",a7_v120,"Un punct de stres al personalității autoriului este interacțiunea cu obiecte, laptopuri și taskuri, pentru că el este o persoană extrovertită și necesită interacțiune cu oameni pentru a se simți energizat.",4,4,5,5,5,3,3
J,120,Romanian,RAG,q7_v120,"Cum ar putea un test de personalitate, cum ar fi MBTI, să ajute în ceea ce privește cunoștința personalității?",a7_v120,"Un test de personalitate precum MBTI poate ajuta în ceea ce privește cunoștința personalității prin măsurarea a patru componente fundamentale. Prima dimensiune măsoară diferența dintre introvert și extrovert, care influențează modul în care oamenii interacționează cu lumea. A doua dimensiune implica preferința pentru a observa detalii sau să ia perspectivele generale. A treia dimensiune se referă la modul în care se ia decizii, fie bazate pe date concrete sau pe intuție asociativă. A patra dimensiune măsoară nevoia de control și predictibilitate sau flexibilitatea în gestionarea sarcinilor.


Prin utilizarea acestor informații, un individ poate mai bine înțelege propria personalitate și cum să se concentreze pe domeniile în care poate dezvolta abilitățile. De asemenea, acest test poate servi ca un cadru pentru a identifica ceva în care merită să se concentreze pentru a învăța sau pentru a face mai mari eforturi. În plus, testul poate contribui la clarificarea unei imagini personale și la crearea unui brand personal care să reflecte valorile și pasiunile specifice ale unui individ, ceea ce este esențial în dezvoltarea profesională.",5,4,5,4,5,4,4
J,120,Romanian,MultiAgent-LLMChunking,q9_v120,Cum ar putea ajuta un test de valori în ceea ce privește identificarea valorilor personale?,a9_v120,"Un test de valori, cum ar fi MVPI, poate ajuta în identificarea valorilor personale prin oferirea unui cadru clar pentru evaluarea preferințelor și priorităților unei persoane. Prin realizarea acestui test, o persoană poate descoperi ce valorile sunt cele mai importante pentru ei și cum acestea pot influența decizările și comportamentul lor. Astfel, acest tip de test își poate folosi ca un instrument de autoconștientare, ceea ce îi permite să-și aducă mai multe coerență în viața profesională și personală.",5,4,5,5,5,5,5
J,120,Romanian,SingleAgent,q9_v120,Cum ar putea o personalitate influența abordarea la construirea unei cariere profesionale?,a9_v120,"Personalitatea ar putea influența abordarea la construirea unei cariere profesionale prin identificarea punctelor forțe și pasiunilor, care pot fi utilizate pentru a crea o traiectorie profesională corespunzătoare.",5,4,4,5,4,4,3
J,120,Romanian,DualAgent,q9_v120,Care este importanța identificării punctelor forței când se construiește parcursul profesional?,a9_v120,"Identificarea punctelor forței este esențială pentru a construi un parcurs profesional de succes, deoarece acestea oferă stabilitate și continuitate în timp. Oamenii care lucrează pe puncte forțe naturale lor se simțesc mai confortați și mai prodici. Dacă o persoană nu are o abilitate clară într-un domeniu, poate înseamna că el/ela trebuie să lucreze din mijlocul plutonului, dar, prin muncă și efort suficient, poate aduce valoarea.",3,3,5,3,4,4,3
J,120,Romanian,RAG,q9_v120,Ce este Process Communication Model (PCM) și cum măsoară personalitatea?,a9_v120,"Process Communication Model (PCM) este o metodologie care măsoară cât de puternic energizate și manifestate sunt șase straturi ale personalității noastre. Aceste straturi au ca scop să ne ajute să înțelegem cum ne comportăm în diferite situații și cum ne adaptăm la anumite puncte forțe, nevoi și abordări, indiferent de sarcina pe care o întreprinzem. PCM ne oferă o perspective unică asupra personalității noastre și ne ajută să ne dezvoltăm în cadrul echipei și în viața noastră de zi cu zi.


Testul Big Five, sau Ocean, măsoară alte dimensiuni ale personalității, precum deschiderea, conștienciozitatea, extroversia, amenințarea și neuroticismul. Acestea reprezintă un alt set de caracteristici care pot fi folosite pentru a înțelege și a dezvolta personalitatea noastră în mod mai eficient.


În concluzie, Process Communication Model și testul Big Five sunt două instrumente importante care ne ajută să înțelegem mai bine personalitatea noastră și să ne adaptem la diferite situații și sarcini.",5,4,5,5,5,4,5
K,91,Romanian,MultiAgent-LLMChunking,q3_v91,În care fel se formează claritatea la intersecția dintre ceea ce face bine și ceea ce contează pentru fiecare individ?,a3_v91,"Claritatea la intersecția dintre ceea ce face bine și ceea ce contează pentru fiecare individ se formează prin un proces activ și profund personal. Este un rezultat al testării, reflexiei, primirii feedback-urilor și a acțiunilor. Această claritate ne ajută să ne aliniam cu ADN-ul vocațional, dar trebuie să avem în vedere că și efortul, frustrările și riscul burnout pot fi parte a acestei călătorii.",5,4,1,4,5,4,4
K,91,Romanian,SingleAgent,q1_v91,Ce model este menționat ca o metodă structurată pentru a-și găsi vocația și construi o carieră?,a1_v91,"Modelul TPVNP (Talente, Pasiuni, Valorii, Motivații și Personalitate) este menționat ca o metodă structurată pentru a-și găsi vocația și construi o carieră.",5,4,4,4,4,4,3
K,91,Romanian,DualAgent,q3_v91,Ce este mai important pentru a construi o carieră în jurul vocației?,a3_v91,"Mai important este perseverența și găsirea unei oameni potriviți alături de noi, deoarece, deși exemplele de succes pare reușite individual, fiecare dintre ele este în realitate o construcție colectivă.",5,4,5,4,4,4,3
K,91,Romanian,RAG,q3_v91,"Ce sunt talente, pasiuni, valori, motivații și personalitatea în modelul TPVNP?",a3_v91,"Talente, pasiuni, valori, motivații și personalitatea în modelul TPVNP reprezintă elementele esențiale care formează o bună orientare personală și profesională. Talente sunt abilitățile naturale pe care le avem și care ne fac bine într-un domeniu. Pasiunile sunt interesele și activitățile care ne plimbă spre realizare și care ne fac să ne uităm la timpul de lucru ca la o activitate plină de interes. Valorile sunt credințele și principiile noastre care guvernează deciziile și acțiunile noastre, iar motivații sunt motivele care ne sprijină în realizarea obiectivelor noastre personale și profesionale. Personalitatea, în cele din urmă, reprezintă setul de trăsături înnăscute și dobândite care au o stabilitate semnificativă în timp și care ne identifică ca individ. Toate aceste elemente se alinează pentru a ne oferi o claritate și o direcție în calea de realizare a potențialelor noastre.",5,5,5,5,4,4,5
K,91,Romanian,MultiAgent-LLMChunking,q4_v91,Cum se pot identifica oportunitățile necesare pentru a se îmbină pasiunile și abilitățile personale într-o carieră?,a4_v91,"Oportunitățile necesare pentru a se îmbină pasiunile și abilitățile personale într-o carieră pot fi identificate prin explorarea mediului extern și a contextelor în care se locuiește persoana. Este important să se identifice comunități, întâlniri și situații de viață care oferă posibilități de creștere și aplicare a abilităților. Situațiile politice și economice pot oferi stimulente pentru noue împreună cu oportunități de schimb și colaborare. Prin urmare, oportunitatea nu vine doar ca o mereu accesibilă resursă, ci este un proces de descoperire și explorare, unde fiecare element - de la pasiunea personală până la situațiile externe - contribuie la formarea unei traiectorii profesionale echilibrate și durabile.",4,2,4,4,4,5,5
K,91,Romanian,SingleAgent,q2_v91,Ce sunt pasiunile în contextul modelului TPVNP?,a2_v91,Pasiiunile sunt elementele care ne interesează foarte tare și care pot include lucruri care ne captează atenția și ne vine să petrecem timp și să investim energie.,5,5,4,4,4,4,4
K,91,Romanian,DualAgent,q4_v91,"Care este procesul de orientare vocațională, conform descoperirilor din acest sezon?",a4_v91,"Procesul de orientare vocațională este un proces durat, nonliniar și structurat, care implica găsirea vocației, clarificarea pașilor necesarilor și a schimbărilor necesare, precum și utilizarea șanselor, mentorului, comunității și a contextului.",5,1,4,3,4,4,3
K,91,Romanian,RAG,q4_v91,Cum se intersecțiază talentele cu pasiunile pentru a găsi vocația?,a4_v91,"Talentele se intersecțiază cu pasiunile la intersecția între capacitățile personale și interesurile noastre, unde apare o mulțime de potențiale traiectorii profesionale. Pentru a găsi vocația, recomandăm să facem o listă a talentelor și pasiunilor noastre, să le intersecăm și să le filtrăm prin valorile și motivările cele mai puternice. Astfel, după eliminarea celor meniște relevante, rămânem cu câteva opt traiectorii profesionale. În cele din urmă, este important să avem atitudinea de a dori acestea și personalitatea necesară pentru a le realiza. De asemenea, sprijinul unui coach sau a unui consilier vocațional poate fi util în acest proces.",4,3,4,3,4,5,5
K,91,Romanian,MultiAgent-LLMChunking,q9_v91,Cum se pot intersecta talentele cu pasiunile și să se aplice acest filtru de valori și motive?,a9_v91,"Talentele și pasiunile pot fi intersectate folosind un abordare sistematică și reflexivă. Primul pas este identificarea propriilor talente, adică abilităților și competențelor pe care le avem. Apoi, este necesar să analizăm pasiunile noastre, cele activități pe care ne place să le facem și care ne inspiră. 


După aceea, trebuie să ne asigurăm că am înțeles valoarea și motivele pentru care facem acel lucru, ca să ne asigurăm că acestea sunt în aliniere cu ce ne importă în viața noastră. Fiecare dintre aceste elemente trebuie filtrată și combinată, înțelegând cum se pot suplementa reciproc pentru a ne conduce spre o vocație mai clare și mai satisfacționantă. 


Prin refacerea acestui proces de când în când, putem asigura că ne rămânem în aliniere cu noi înșiși și cu ceea ce ne este esențial în viața profesională.",5,2,4,4,5,4,4
K,91,Romanian,SingleAgent,q4_v91,Cum arată un proces de găsire a vocației conform modelului discutat?,a4_v91,"Un proces de găsire a vocației arată ca se identifică talente, pasiuni, valori și motivații, se intersectează acestea și se filtră pentru a determina opțiunile potențiale de cariere.",5,1,3,3,4,2,2
K,91,Romanian,DualAgent,q9_v91,Cum poate un individ reconfigura profesia sa și cum poate ajuta acest proces?,a9_v91,"Un individ poate reconfigura profesia sa prin utilizarea unor instrumente precum Excel, unde se listează talente, pasiuni, valori și motivații. Prin compararea acestor elemente, individul poate identifica zonele în care poate face diferență și începe să le dezvolte în mod mai intens. Processul de reconfigurare poate fi un proces personal și individual, dar poate beneficia de un coach care oferă perspective noi și sprijinul necesar pentru a ajunge la o traiectorie profesională mai clară și mai alinată cu valorile și pasiunile personale.",5,4,5,4,5,4,4
K,91,Romanian,RAG,q9_v91,Care este importanța unui proces structurat în găsirea vocației?,a9_v91,"Importanța unui proces structurat în găsirea vocației este mare, deoarece permite claritatea și reducerea confuziei în ceea ce privește identificarea propriei pasiuni și talente. Un astfel de proces oferă resurse interioare și ajută la restrângerea opțiunilor, menținând în minte personalitatea și valorile personale. Construirea unei cariere în jurul vocației necesită timp, perseverență și un sprijin colectiv, iar procesul de căutare a vocației este doar începutul, fiind essential să ne răbdăm și să fim deschizăriți la schimbările necesare.",5,1,4,4,4,5,5
K,92,Romanian,MultiAgent-LLMChunking,q1_v92,"În ceea ce privește procesul de începere a unui proiect, cum ar putea fi abordat pentru a reduce consumul de energie și obosița?",a1_v92,"În ceea ce privește procesul de începere a unui proiect, pentru a reduce consumul de energie și obosița, este important să se organizeze mai bine etapele proiectului. Antreprenorii sau soloprenorii ar trebui să se asigure că au o planificare clară și strukturală a activităților. În plus, delegarea responsabilităților și angajarea unor echipe poate contribui la îmbunătățirea eficienței și reducerea obosiței personale. În schimb, lucrați pe scurt și concentrați-vă pe lucruri importante, ceea ce va ajuta la menținerea energiei și mărirea eficienței.",2,2,4,4,5,5,5
K,92,Romanian,SingleAgent,q1_v92,Ce motivare a condus [PERSON_NAME] să pune capăt carierelor full time și să își asume riscurile pentru a porni pe cont propriu?,a1_v92,"[PERSON_NAME] simțea lipsa de pasiune și energie în zonă de publicitate și marketing, unde simțea că ajutarea oamenilor era limitată, în schimb de a ajuta la vinerea de bere.",4,2,5,2,4,4,1
K,92,Romanian,DualAgent,q1_v92,"Cum a început [PERSON_NAME] să se alinie cu punctele sale forțe, pasiunea, valorile și motivele?",a1_v92,"[PERSON_NAME] a început să se alinie cu punctele sale forțe, pasiunea, valorile și motivele când s-a renunțat la publicitate, s-a asumat riscurile financiare și a pornit în domeniul trainingului și coachingului pe calea soloprenoriatului. Această decizie l-a pus într-o perioadă de efort susținut, conxietate, entuziasm și mii de ore de muncă, dar a fost și momentul în care s-a simțit tot mai clar aliniert.",1,1,,4,5,4,5
K,92,Romanian,RAG,q1_v92,"Ce înseamnă punctele forte, pasiunile, valori și motivațiile în ceea ce privește alinierea personală?",a1_v92,"Punctele forte, pasiunile, valori și motivațiile reprezintă elemente cheie care contribuiesc la alinierea personală. Punctele forte sunt abilități și caracteristici care ne pot face să fim eficiente și productive în anumite domenii. Pasiiunile sunt interesele și domeniile care ne inspiră și ne aduc plină satisfacție. Valori sunt credințele și principiile pe care le aderăm, care guvernează comportamentul nostru și deciziale noastre. Motivațiile ne propulsă în direcția unei mărci sau unui scop specific. La intersecția acestor factori, găsim calea noastră unică, ADN-ul vocațional, care ne permite să ne aliniamem cu activitatea noastră și să ne exprimem potențialul cel mai bun. Această aliniere este rezultatul unui efort susținut, consciencios și entuziasmat, care ne permite să realizăm obiectivele personale și profesionale.",5,3,4,3,4,4,5
K,92,Romanian,MultiAgent-LLMChunking,q3_v92,De ce este important să existe o nevoie de impact și de valorizare în procesul de formare?,a3_v92,"Există o nevoie de impact și de valorizare în procesul de formare pentru că aceasta oferă un sens mai profund activităților noastre. Când avem o cauză de care să fim orgulloși și o impactăm cu succes, am cunoștința că lucrurile noastre au fost folosite în mod eficient. Această sensibilitate de recunoaștere și valorizare ne ajută să ne confirmăm că muntea noastră este esențială și amănească noi cu o motivare suplimentară. Astfel, nevoia de sens și de valorizare ne conduce spre realizarea personajelor noastre și spre o mai mare satisfacție generală în ceea ce fac.",5,2,5,2,4,4,5
K,92,Romanian,SingleAgent,q3_v92,Ce rol a jucat structură și organizare în procesul de construire a resurselor virtuale ale lui [PERSON_NAME]?,a3_v92,"Structura și organizarea au jucat un rol crucial în construirea resurselor virtuale, cum ar fi slide-uri și prezentări de marketing, prin folosirea aplicației Evernote pentru gestionarea notițelor și informațiilor.",5,4,4,4,5,4,4
K,92,Romanian,DualAgent,q3_v92,Care sunt cele mai importante relații și formări pe care le-a avut [PERSON_NAME] și cum au influențat cariera sa?,a3_v92,[PERSON_NAME] menționează că relațiile profesionale și formările l-au dat orii și au rafinat competențele sale. Aceste elemente au fost fundamentale pentru a-l ajuta să construiască o carieră cu succes și să câștige premii precum Gold Awards pentru cel mai bun trainer din România și Silver pentru coach în 2019.,5,1,4,3,2,4,2
K,92,Romanian,RAG,q3_v92,Ce rol a jucat disciplina și prezența online în a ajuta primii clienți mari?,a3_v92,"Disciplina și prezența online au jucat un rol crucial în a ajuta primii clienți mari, contribuind la construirea unei reputații solide și deosebite online. Prin angajamentul constant și efortul depus în SEO și în crearea de conținut de calitate, [PERSON_NAME] a reușit să se facă cunoscut în spațiul online, ceea ce a atrăgit atenția primelor companii importante. Această visibilitate și competența demonstrată au fost determinante în a convoca primele contracte și în a începe ascensiunea profesională și personală.",5,4,4,4,4,4,5
K,92,Romanian,MultiAgent-LLMChunking,q7_v92,"În ceea ce privește nevoile personale, cum se pot combina pasiunea cu competențele necesare pentru a realiza un proiect?",a7_v92,"In ceea ce privește nevoile personale, pasiunea și competențele pot fi combinate prin integrarea personală și profesională a unui individ. Pasiunea oferă energie și impulz pentru a realiza un proiect, în timp ce competențele asigură structura și metodele necesare pentru a-l aduce la realizare. Nevoia de a fi competenți pe munca pe care o depun este esențială pentru a menține calitatea și perfeccionarea proiectului. În plus, valoarea puternică a autonomiei permite individualului să-și exprime pasiunea și să ia decizii care să-i ajungă mai aproape de obiectivele sale personale și profesionale.",5,1,4,2,4,4,5
K,92,Romanian,SingleAgent,q7_v92,Cum a influențat personalitatea lui [PERSON_NAME] la structurarea și organizarea resurselor pe care le a construit?,a7_v92,"Personalitatea lui [PERSON_NAME], caracterizată de etajul de thinker, a contribuit la structură și organizare prin utilizarea aplicației Evernote și gestionarea notițelor și informațiilor.",5,1,4,1,4,2,3
K,92,Romanian,DualAgent,q7_v92,Câte episoade are sezonul actual al seriei?,a7_v92,"Sezonul actual al seriei are 13 episoade, ceea ce este considerat un număr special pentru echipa producătorilor.",4,4,5,5,4,2,2
K,92,Romanian,RAG,q7_v92,Cum a ajuns [PERSON_NAME] la decizia de a participa la Gold Awards pentru cel mai bun trainer din România?,a7_v92,"[PERSON_NAME] a ajuns la decizia de a participa la Gold Awards pentru cel mai bun trainer din România prin aplicarea unei abordări consistente și de lungă durată în domeniul trainingului și coachingului. A îmbunătățit în continuare competențele prin relațiile profesionale și formările, iar acestea au contribuit la un grind constant în timpul anilor, cu peste 180 de zile de curs pe an. Această dedicație și perseverența au fost clucubul pentru obținerea acestui premiu în 2019.",5,2,4,4,5,5,5
K,105,Romanian,MultiAgent-LLMChunking,q5_v105,Cum poate un specialist din domeniul tehnologiei contribui la creșterea performanței echipei lui?,a5_v105,"Un specialist din domeniul tehnologiei poate contribui la creșterea performanței echipei lui prin inspirare și mobilizare a tuturor membrilor, asigurându-se că fiecare membru afluț în echipea lui se simtă motivat și implicat în proiectul comun. Este important să lucreze la alinierea celorlalte stakeholders, pentru a se asigura că toate angajamentele sunt în concordanță și că cadrul de lucru este eficient. În plus, un specialist trebuie să fie și manager al resurselor umane, oferind sprijin și formare continuă membrilor echipei, împotriva unei perspective strict tehnice. Astfel, specialistul poate nu doar să își aducă cunoștințele tehnice pe o nivel superior, ci și să contribuie la dezvoltarea echipei într-un mod mai om-orientat.",5,2,5,3,4,4,4
K,105,Romanian,SingleAgent,q5_v105,Ce este important în ceea ce privește alinierea rolului profesional cu punctele noastre de forță?,a5_v105,"Alinierea rolului cu punctele noastre de forță ne dă un avantaj competitiv, ca și cum plecăm din pole position într-o competiție.",4,4,4,4,3,1,1
K,105,Romanian,DualAgent,q5_v105,"Care sunt factorii cheie pentru a realiza o performanță cognitive bună, conform transcriției?",a5_v105,"Performanța cognitive buna se asigură prin o combinație de dopamină și adrenalină pentru energie și motivare, precum și prin funcționarea cortei prefrontale, care este esențială pentru imaginație, creativitate și decisii complexe. Aceste elemente sunt fundamentale pentru a fi într-un spațiu de tonus mental ridicat și de a putea rezolva probleme și colabora eficient cu alți oameni.",4,4,5,5,3,4,1
K,105,Romanian,RAG,q5_v105,"În cadrul unui proiect, cum arată un proiect, cum arată o activitate, cum se vede treaba pe la voi?",a5_v105,"În cadrul unui proiect, cum arată un proiect, cum arată o activitate, cum se vede treaba pe la voi? În cadrul unui proiect, cum arată un proiect, cum arată o activitate, cum se vede treaba pe la voi? În cadrul unui proiect, cum arată un proiect, cum arată o activitate, cum se vede treaba pe la voi? În cadrul unui proiect, cum arată un proiect, cum arată o activitate, cum se vede treaba pe la voi? În cadrul unui proiect, cum arată un proiect, cum arată o activitate, cum se vede treaba pe la voi? În cadrul unui proiect, cum arată un proiect, cum arată o activitate, cum se vede treaba pe la voi? În cadrul unui proiect, cum arată un proiect, cum arată o activitate, cum se vede treaba pe la voi? În cadrul unui proiect, cum arată un proiect, cum arată o activitate, cum se vede treaba pe la voi? În cadrul unui proiect, cum arată un proiect, cum arată o activitate, cum se vede treaba pe la voi? În cadrul unui proiect, cum arată un proiect, cum arată o activitate, cum se vede treaba pe la voi? În cadrul unui proiect, cum arată un proiect, cum arată o activitate, cum se vede treaba pe la voi? În cadrul unui proiect, cum arată un proiect, cum arată o activitate, cum se vede treaba pe la voi? În cadrul unui proiect, cum arată un proiect, cum arată o activitate, cum se vede treaba pe la voi? În cadrul unui proiect, cum arată un proiect, cum arată o activitate, cum se vede treaba pe la voi? În cadrul unui proiect, cum arată un proiect, cum arată o activitate, cum se vede treaba pe la voi? În cadrul unui proiect, cum arată un proiect, cum arată o activitate, cum se vede treaba pe la voi? În cadrul unui proiect, cum arată un proiect, cum arată o activitate, cum se vede treaba pe la voi? În cadrul unui proiect, cum arată un proiect, cum arată o activitate, cum se vede treaba pe la voi? În cadrul unui proiect, cum arată un proiect, cum arată o activitate, cum se vede treaba pe la voi? În cadrul unui proiect, cum arată un proiect, cum arată o activitate, cum se vede treaba pe la voi? În cadrul unui proiect, cum arată un proiect, cum arată o activitate, cum se vede treaba pe la voi? În cadrul unui proiect, cum arată un proiect, cum arată o activitate, cum se vede treaba pe la voi? În cadrul unui proiect, cum arată un proiect, cum arată o activitate, cum se vede treaba pe la voi? În cadrul unui proiect, cum arată un proiect, cum arată o activitate, cum se vede treaba pe la voi? În cadrul unui proiect, cum arată un proiect, cum arată o activitate, cum se vede treaba pe la voi? În cadrul unui proiect, cum arată un proiect, cum arată o activitate, cum se vede treaba pe la voi? În cadrul unui proiect, cum arată un proiect, cum arată o activitate, cum se vede treaba pe la voi? În cadrul unui proiect, cum arată un proiect, cum arată o activitate, cum se vede treaba pe la voi? În cadrul unui proiect, cum arată un proiect, cum arată o activitate, cum se vede treaba pe la voi? În cadrul unui proiect, cum arată un proiect, cum arată o activitate, cum se vede treaba pe la voi? În cadrul unui proiect, cum arată un proiect, cum arată o activitate, cum se vede treaba pe la voi? În cadrul unui proiect, cum arată un proiect, cum arată o activitate, cum se vede treaba pe la voi? În cadrul unui proiect, cum arată un proiect, cum arată o activitate, cum se vede treaba pe la voi? În cadrul unui proiect, cum arată un proiect, cum arată o activitate, cum se vede treaba pe la voi? În cadrul unui proiect, cum arată un proiect, cum arată o activitate, cum se vede treaba pe la voi? În cadr",4,,4,1,1,2,1
K,105,Romanian,MultiAgent-LLMChunking,q6_v105,În ce fel valorile personale pot afecta relațiile de muncă și performanța profesională?,a6_v105,"Valorile personale pot afecta relațiile de muncă și performanța profesională în mod puternic, deoarece funcționează ca poli energetice în interiorul noastrului psihism. Dacă valorile noastre se înconjoară cu cerințe de muncă care conflictează cu acestea, cum ar fi obligarea la obediene în cazul unei valori precum libertatea, acest conflict poate duce la disconfort și eventual la părăsirea mediului de lucru. 


La fel, valorile noastre pot influența decizia de a rămâne sau de a pleca de la un angajator sau o companie. Dacă un manager este considerat necompetent și acest lucru contrazice valorile noastre privind competența, acesta poate duce la o percepție negativă și la o reducere a motivării personale pentru continuarea muncii.


În plus, valorile noastre nu sunt statice; ele se formează și se schimbă în timp, în funcție de experiențe și interacțiuni. Dacă, în timpul procesului de formare, o persoană a suferit lipsa de o anumită valoare, cum ar fi siguranța financiară, acest lucru poate duce la o atitudine extrem de protecționistă în această domeniu, chiar și atunci când situația a fost rezolvată.


Prin urmare, valorile personale pot avea un impact direct asupra relațiilor de muncă și performanței profesionale, deoarece sunt fundamentale în ceea ce privește satisfacția personală și a legăturilor cu colegii și managerii noștri.",4,4,4,4,4,5,5
K,105,Romanian,SingleAgent,q6_v105,Cum pot pasiunile noastre evolua în timp?,a6_v105,Pasiunile noastre pot evolua în funcție de circunstanțele și valorile contextuale.,4,4,5,3,3,4,2
K,105,Romanian,DualAgent,q6_v105,Cum poate modelul de Mind Architect ajuta indivizilor să găsească drumul profesional lor?,a6_v105,"Modelul de Mind Architect, menționat în transcriția, poate asigura că oamenii pot găsi drumul profesional lor, probabil prin stimularea abilităților de a rezolva probleme, entuziasmul față de subiect și creativitatea. Acestea sunt considerate aspecte importante pentru a intra într-un spațiu de tonus mental ridicat și pentru a avea o performanță cognitivă eficientă, care este esențială pentru a face progrese profesionale.",2,2,2,1,4,2,3
K,105,Romanian,RAG,q6_v105,Ce ar fi o potențială intersecție între comunicarea liberă și pasiunea pentru psihologie și neuroștiință?,a6_v105,"O potențială intersecție între comunicarea liberă și pasiunea pentru psihologie și neuroștiință ar putea fi crearea de conținut educațional și informativ, cum ar fi articole, podcasturi sau prezentări care abordează temele legate de psihologie și neuroștiință. Aceasta permite utilizatorului să își dezvolte abilitățile de comunicare într-un domeniu care îi interesează profund, alături de posibilitatea de a contribui în mod semnificativ la înțelegerea și popularizarea acestor domenii. Prin urmare, acesta poate combina talentul de a comunica eficient și pasiunea pentru a învăța și să împărtășească cunoștințele în acest spațiu, realizând o carieră interesantă și satisfăcătoare.",4,5,5,5,5,3,4
K,105,Romanian,MultiAgent-LLMChunking,q10_v105,"În ceea ce privește modelul, care dintre cele două caracteristici (talente sau puncte forte) este mai importantă?",a10_v105,"In ceea ce privește modelul, în mod normal, punctele forțe sunt mai importante decât talente. Talente pot fi dezvoltate și îmbunătățite prin efort și practică, dar dacă nu ai o punctă de forță, atunci dificultățile pot fi mult mai mari în procesul de dezvoltare.",5,4,4,4,4,4,4
K,105,Romanian,SingleAgent,q10_v105,Cum se pot schimba valorile noastre în timp?,a10_v105,"Valorile noastre se formează pe parcursul vieții, fie prin modelare, fie prin viduri, și pot evolua în funcție de valorile care prețuim.",4,4,5,2,2,3,3
K,105,Romanian,DualAgent,q10_v105,Cum ar trebui să se facă filtrarea pentru a se asigura că o carieră profesională este aliniată cu valorile noastre și pasiunile?,a10_v105,"Pentru a se asigura că o carieră este aliniată cu valorile și pasiunile, trebuie să se efectueze un filtrare care să ia în considerare pasiunile, talentele și valorile personale. Astfel, o decizie profesională va fi mai echilibrată și mai înalțată de succes.",5,2,2,2,2,4,2
K,105,Romanian,RAG,q10_v105,Cum se pot evalua valorile și motivațiile în alegerile profesionale?,a10_v105,"Valorile și motivațiile pot fi evaluate prin identificarea celor ce mă pasionează și ce valori am în perioada actuală a vieții. Primul pas este conștientizare, ceea ce înseamnă a identifica propriile talente, pașii și valorile pe care le avem. Valorile sunt pilonul mai constant și profunz, în timp ce motivațiile sunt mai variabile, dar pot schimba în cursul anilor. Este important să ținem cont de valorile noastre atunci când facem alegerile profesionale și când ne schimbăm de la o organizație la alta, pentru a ne asigura că suntem în aliniere cu ce prețuim. Acest proces este iterativ și trebuie continuat în fiecare etapă a carierii noastre.",5,3,4,4,4,4,4
K,111,Romanian,MultiAgent-LLMChunking,q3_v111,Cum se potriveau angajații cu imaginea și imaginea generală a brandului în timpul interviurilor?,a3_v111,"Angajații trebuiau să se potrivesc cu imaginea și imaginea generală a brandului, precum Bosch și Blaupunkt, și acest lucru se reflecta în modul în care se îmbrăcau, se purtau și participau la evenimente. Era esențial ca fiecare interviu să fie un reprezentant al brandului, aducând în aplicare principiile și valorile companiei.",5,5,4,5,5,4,4
K,111,Romanian,SingleAgent,q3_v111,Cum a început [PERSON_NAME] să lucreze la Robert Bosch SRL?,a3_v111,[PERSON_NAME] a început să lucreze la Robert Bosch SRL ca vicepreședinte și director general al firmei.,5,5,5,4,4,2,2
K,111,Romanian,DualAgent,q3_v111,Cum arată cercetarea privind beneficiile sportului în contextul performanței cognitive și a sănătății?,a3_v111,"Cercetarea menționează că sportul este benefic nu numai pentru reducerea încărcării mentale și îmbunătățirea memoriei, ci și pentru performanța cognitive, care este esențială în contextul businessului.",4,3,2,3,3,4,4
K,111,Romanian,RAG,q3_v111,Cum arată liderul care poate aduce oamenii împreună într-o organizație?,a3_v111,"Liderul care poate aduce oamenii împreună într-o organizație trebuie să aibă capacitatea de a interacționa rapid și eficient fără să creadă o barieră. Ar trebui să fie dispus să concilieze conflicte, să arbitreze dispute și să ia decizii rapide când e necesar. De asemenea, acest lider ar trebui să aibă încredere în membrii echipei și să le susțină, oferindu-le posibilitatea de a aduce direct contribuția lor la soluționarea problemelor. Este esențial că acest tip de liderage promovează inclusivitatea și diversitatea în toate formele sale, inclusiv între generații și genuri.",5,2,5,2,4,5,4
K,111,Romanian,MultiAgent-LLMChunking,q7_v111,Cum ar trebui să se gestioneze primele zile într-un nou loc de muncă?,a7_v111,"Primele zile într-un nou loc de muncă sunt cruciale și necesită o abordare structurată. Pentru a gestiona aceste zile eficient, trebuie să te pregătești atât pe plan personal, cât și pe plan administrativ. Începeți cu preluarea tuturor documentelor necesare, cum ar fi permisiile de serviciu și de muncă. Este important să te ducă în locul de muncă pentru a-ți face față cu birou, locuință și celelalte resurse disponibile. 


Însă, nu doar asta. Este esențial să te așezi terenul și să pregătești locul pe care te duci. Familiile, dacă sunt cu tine, trebuie să aibă un loc unde să se așeze și să funcționeze confortabil. În plus, este recomandabil să faci o excursie de orientare, pentru a-ți permite să te familiarizezi cu localitatea și să poți evalua dacă locul este potrivit pentru tine și pentru familia ta.


De asemenea, citiți documentele oferite de compania ta, cum ar fi buletinul informativ, pentru a-ți primi informații utilizabile. În cele din urmă, primele zile sunt o oportunitate de a te adapta și de a-ți construi relații, astfel încât să poți începe activul cu pielea băgată în noaptea întâia.",5,1,5,4,4,4,3
K,111,Romanian,SingleAgent,q7_v111,Cum a ajuns [PERSON_NAME] la Robert Bosch SRL?,a7_v111,[PERSON_NAME] a ajuns la Robert Bosch SRL prin intermediul unui joint venture cu o firmă germană.,4,4,4,1,2,3,1
K,111,Romanian,DualAgent,q7_v111,Cât de importanta era atitudinea pozitivă și relaxată în timpul unui interviu de locuitie?,a7_v111,"Atitudinea pozitivă și relaxată, precum și păsarea contactului vizual, au fost considerate factori cheie pentru a face o impresie bună în timpul unui interviu. În acest caz, interviuatoarea a menționat că a fost foarte naturală și relaxată, răspunzând prompt întrebărilor, fără stres și cu o atitudine transparentă, ceea ce a fost valoarea sa principală în interviul respectiv.",3,3,2,5,5,5,5
K,111,Romanian,RAG,q7_v111,Care este impactul unui environnement multicultural și divers pe dezvoltarea unei cariere?,a7_v111,"Impactul unui environnement multicultural și divers pe dezvoltarea unei cariere este considerabil. Diversitatea ajută la gestionarea din punct de vedere al liderării unei organizații, deoarece oferă o perspectivă unică și o abordare diversă la problemele organizatorice. Într-un mediu divers, se pot învăța multe lucruri de la colegii de diferite generații, cum ar fi Gen Y și Gen X, care au experiențe și perspective unice. Baby boomers, la care și eu fac parte, au fost cunoscute pentru răbdarea lor în construirea carierelor lor, dar astăzi toată lumea vrea să se îmbunătățească rapid și să vede rezultatele imediate. Acest lucru subliniază importanța adaptabilității și flexibilității în managementul carierei. Sportul și practica sporturilor pot ajuta la menținerea echilibriului mental și fizic necesar pentru succes într-o carieră lungă și complexă.",2,2,2,4,3,4,3
K,111,Romanian,MultiAgent-LLMChunking,q8_v111,În ce consistă cultura de feedback bine implementată într-o organizare?,a8_v111,"Culturea de feedback bine implementată într-o organizare implică un proces în care feedback-ul este considerat o parte normală și construcțivă a procesului de lucru. În această abordare, nimeni nu este judecat sau responsabilizat pe termen lung pentru greșeli, ci se valorizează învățarea și ajustarea. În plus, această cultură promovează o încredere reciprocă, în care angajații sunt stimulați să se exprime liber și să facă propria contribuție la proiectele comune.


Într-o astfel de organizare, se respectă principiile urmărite:


1. **Încredere:** Angajații sunt încredințați că greșelile sunt o parte normală a procesului de învățare și nu necesită pedepse sau punerea la zid.
2. **Feedback constructiv:** Feedback-ul este oferit în mod constructiv și în scopul de îmbunătățire, nu de critică.
3. **Abordarea greșelilor ca o lecție:** Greșelile sunt văzute ca oportunități de învățare și nu ca echivalente de calitate.
4. **Supravegherea continuă:** În loc să așteptăm la momentul adecvat pentru feedback, se promovează o abordare continuă și directă.
5. **Adoptarea culturii învățării vieții întregi:** Angajații sunt motivați să se apropie de un statut de învățător perpetu, unde feedback-ul este o resursă esențială pentru creșterea personală și profesională.


Practicând această abordare, organizarea își creează un mediu favorabil pentru inovație și dezvoltarea angajaților, în care fiecare membru așteaptă oportunități pentru a învăța și să contribuie eficient.",5,5,5,5,5,5,5
K,111,Romanian,SingleAgent,q8_v111,Care sunt principalele proiecte pe care [PERSON_NAME] le-a luat în timpul carierii sale la Robert Bosch SRL?,a8_v111,"Principalele proiecte pe care [PERSON_NAME] le-a luat în timpul carierii sale la Robert Bosch SRL includ proiectele pentru România, Egipt, țările din Golf, Iran, și alte locații din zonă.",5,5,5,4,3,2,2
K,111,Romanian,DualAgent,q8_v111,Care era rolul companiei în pregătirea angajaților înainte de înaintarea lor în piață?,a8_v111,"Compania se asigură că angajații erau bineșcolitați în teoria și practica activităților comerciale, înțelegând toate aspectele produselor, ofertei și rețelei de distribuție, pentru a le pregăti eficient pentru activitatea lor în piață.",5,4,4,4,4,2,2
K,111,Romanian,RAG,q8_v111,Cum arată o atitudine de înțelegere și empatie în contextul unui loc de muncă și cariere lungă?,a8_v111,"O atitudine de înțelegere și empatie în contextul unui loc de muncă și cariere lungă ar arăta prin susținerea colegilor și creșterea încredérii reciproce. Într-un loc de muncă, un lider empatic oferă sprijin și oarecare orientare, iar oamenii trebuie să se simtă încredințați că liderii țin spatele lor și le ascultă atent. Este esențial să fie dispus să concilieze dispute și să ia decizii rapide când este necesar. În plus, oamenii trebuie să simtă că pot lucra autonom, cunoscând faptul că liderii le ascultă și le înțelege. Într-o carieră lungă, susținerea continuă și investirea în dezvoltarea personală a colegilor sunt fundamentale. Un lider eficient știe să promoveze o interacțiune continuă și să asculte cu atenție opinii și preocupări, stabilind un echilibru între rolul profesional și personal.",4,3,4,4,5,4,4
K,120,Romanian,MultiAgent-LLMChunking,q2_v120,Cînd ai înțeles că abilitatea ta de a comunica era un factor cheie în succesul tău?,a2_v120,"Cînd am devenit manager în publicitate într-un departament de strategie, acum vreo 8 ani, 8 ani și ceva, am înțeles că abilitatea mea de a comunica era un factor cheie în succesul meu. Toate activitățile pe care le-am menționat se bazează pe această abilitate, fiind esențială pentru a comunica ușor și eficient în fața altora.",5,5,4,4,4,4,4
K,120,Romanian,SingleAgent,q2_v120,Ce sunt cele cinci dimensiuni măsurate de testul Big Five?,a2_v120,"Cele cinci dimensiuni măsurate de testul Big Five sunt: deschidere (O), conștienciozitate (C), extroversie (E), introversie (N), și neuroticism (A).",5,5,5,5,4,3,3
K,120,Romanian,DualAgent,q2_v120,Care este conceptul de bază al vitezei în contextul fizicii?,a2_v120,"Conceptul de bază al vitezei în fizică reprezintă distanța parcursă de un corp într-un interval de timp. În acest caz, termenul ""velocity"" apare repetat, sugerând faptul că vorbim despre o idee centrală care este consistentă în timp, indicând importanța vitezei ca un parametru fundamental în studierea mișcărilor și moțiunilor.",5,4,3,3,3,2,2
K,120,Romanian,RAG,q2_v120,Care sunt diferențele între pasiunile și personalitatea?,a2_v120,"Diferențele între pasiunile și personalitatea se pot explica astfel:


Pasiunile sunt activități sau domenii pe care le urmărim sau facem cu plăcere, din care ne luăm satisfacție, și care pot să se modifice în timp. Sunt legate de interese temporare și de emoții care pot crește sau scăpa în funcție de circumstanțe. Pasiunile pot include activități precum fotografie, scris, volei, dans, animale, botanică, inginerie și așa mai departe.


Personalitatea, în schimb, reprezintă un set de caracteristici stabil și consistent pe termen lung care definiște cine suntem. Este structurată de valori, interesuri și conducte care reprezintă un aspect constant al identității noastre. Valori precum învățarea, hedonism, corectitudinea, libertatea, recunoașterea, fairness, empatia și așa mai departe, pot fi parte integrantă a personalității.


E important să ținem cont de pasiunile noastre în alegerea traiectoriei profesionale, dar trebuie să ne asigurăm că personalitatea noastră servește ca stea polară principală, deoarece personalitatea are o constanță mult mai mare decât pasiunile. Personalitatea ne oferă o bază stabilită pe care să o folosim pentru a ne orienta și să ne asigurăm că traiectoria noastră profesională este în conformitate cu ce e important pentru noi în termen lung.",4,4,5,5,5,4,4
K,120,Romanian,MultiAgent-LLMChunking,q7_v120,Cum poate ajuta un instrument ca Viamie.org în ceea ce privește identificarea propriei abilități și calități?,a7_v120,"Un instrument ca Viamie.org poate ajuta în ceea ce privește identificarea propriilor abilități și calități prin oferirea unui evaluare obiectivă și personalizată. De exemplu, instrumentul a ajutat utilizatorul să descopere trei puncte forțe importante ale sale: talentul, bunătatea, perspectiva și inteligenta socială. Prin urmare, acest tip de instrumenti poate fi util în procesul de explorare a propriei potențiale și în identificarea domeniilor unde putem dezvolta și mai mult abilitățile noastre.",5,5,5,5,5,5,5
K,120,Romanian,SingleAgent,q7_v120,Cum ar putea contribui pasiunile în alegerea traiectoriei profesionale?,a7_v120,"Pasiunile ar putea contribui la alegerea traiectoriei profesionale, dar nu trebuie să fie principala gara, deoarece pasiunile pot schimba în timp, în timp ce personalitate, puncte forțe și valori au un grad mai mare de constanță.",5,5,5,5,2,4,3
K,120,Romanian,DualAgent,q7_v120,"Care este un punct de stres al personalității autoriului, conform informațiilor din text?",a7_v120,"Un punct de stres al personalității autoriului este interacțiunea cu obiecte, laptopuri și taskuri, pentru că el este o persoană extrovertită și necesită interacțiune cu oameni pentru a se simți energizat.",4,4,5,4,5,4,4
K,120,Romanian,RAG,q7_v120,"Cum ar putea un test de personalitate, cum ar fi MBTI, să ajute în ceea ce privește cunoștința personalității?",a7_v120,"Un test de personalitate precum MBTI poate ajuta în ceea ce privește cunoștința personalității prin măsurarea a patru componente fundamentale. Prima dimensiune măsoară diferența dintre introvert și extrovert, care influențează modul în care oamenii interacționează cu lumea. A doua dimensiune implica preferința pentru a observa detalii sau să ia perspectivele generale. A treia dimensiune se referă la modul în care se ia decizii, fie bazate pe date concrete sau pe intuție asociativă. A patra dimensiune măsoară nevoia de control și predictibilitate sau flexibilitatea în gestionarea sarcinilor.


Prin utilizarea acestor informații, un individ poate mai bine înțelege propria personalitate și cum să se concentreze pe domeniile în care poate dezvolta abilitățile. De asemenea, acest test poate servi ca un cadru pentru a identifica ceva în care merită să se concentreze pentru a învăța sau pentru a face mai mari eforturi. În plus, testul poate contribui la clarificarea unei imagini personale și la crearea unui brand personal care să reflecte valorile și pasiunile specifice ale unui individ, ceea ce este esențial în dezvoltarea profesională.",5,4,5,4,5,4,4
K,120,Romanian,MultiAgent-LLMChunking,q9_v120,Cum ar putea ajuta un test de valori în ceea ce privește identificarea valorilor personale?,a9_v120,"Un test de valori, cum ar fi MVPI, poate ajuta în identificarea valorilor personale prin oferirea unui cadru clar pentru evaluarea preferințelor și priorităților unei persoane. Prin realizarea acestui test, o persoană poate descoperi ce valorile sunt cele mai importante pentru ei și cum acestea pot influența decizările și comportamentul lor. Astfel, acest tip de test își poate folosi ca un instrument de autoconștientare, ceea ce îi permite să-și aducă mai multe coerență în viața profesională și personală.",5,4,5,5,5,5,5
K,120,Romanian,SingleAgent,q9_v120,Cum ar putea o personalitate influența abordarea la construirea unei cariere profesionale?,a9_v120,"Personalitatea ar putea influența abordarea la construirea unei cariere profesionale prin identificarea punctelor forțe și pasiunilor, care pot fi utilizate pentru a crea o traiectorie profesională corespunzătoare.",5,4,4,5,5,4,4
K,120,Romanian,DualAgent,q9_v120,Care este importanța identificării punctelor forței când se construiește parcursul profesional?,a9_v120,"Identificarea punctelor forței este esențială pentru a construi un parcurs profesional de succes, deoarece acestea oferă stabilitate și continuitate în timp. Oamenii care lucrează pe puncte forțe naturale lor se simțesc mai confortați și mai prodici. Dacă o persoană nu are o abilitate clară într-un domeniu, poate înseamna că el/ela trebuie să lucreze din mijlocul plutonului, dar, prin muncă și efort suficient, poate aduce valoarea.",2,2,5,4,4,4,3
K,120,Romanian,RAG,q9_v120,Ce este Process Communication Model (PCM) și cum măsoară personalitatea?,a9_v120,"Process Communication Model (PCM) este o metodologie care măsoară cât de puternic energizate și manifestate sunt șase straturi ale personalității noastre. Aceste straturi au ca scop să ne ajute să înțelegem cum ne comportăm în diferite situații și cum ne adaptăm la anumite puncte forțe, nevoi și abordări, indiferent de sarcina pe care o întreprinzem. PCM ne oferă o perspective unică asupra personalității noastre și ne ajută să ne dezvoltăm în cadrul echipei și în viața noastră de zi cu zi.


Testul Big Five, sau Ocean, măsoară alte dimensiuni ale personalității, precum deschiderea, conștienciozitatea, extroversia, amenințarea și neuroticismul. Acestea reprezintă un alt set de caracteristici care pot fi folosite pentru a înțelege și a dezvolta personalitatea noastră în mod mai eficient.


În concluzie, Process Communication Model și testul Big Five sunt două instrumente importante care ne ajută să înțelegem mai bine personalitatea noastră și să ne adaptem la diferite situații și sarcini.",5,4,5,5,4,3,4
L,91,Romanian,MultiAgent-LLMChunking,q3_v91,În care fel se formează claritatea la intersecția dintre ceea ce face bine și ceea ce contează pentru fiecare individ?,a3_v91,"Claritatea la intersecția dintre ceea ce face bine și ceea ce contează pentru fiecare individ se formează prin un proces activ și profund personal. Este un rezultat al testării, reflexiei, primirii feedback-urilor și a acțiunilor. Această claritate ne ajută să ne aliniam cu ADN-ul vocațional, dar trebuie să avem în vedere că și efortul, frustrările și riscul burnout pot fi parte a acestei călătorii.",5,5,2,4,5,4,4
L,91,Romanian,SingleAgent,q1_v91,Ce model este menționat ca o metodă structurată pentru a-și găsi vocația și construi o carieră?,a1_v91,"Modelul TPVNP (Talente, Pasiuni, Valorii, Motivații și Personalitate) este menționat ca o metodă structurată pentru a-și găsi vocația și construi o carieră.",4,5,5,4,5,4,3
L,91,Romanian,DualAgent,q3_v91,Ce este mai important pentru a construi o carieră în jurul vocației?,a3_v91,"Mai important este perseverența și găsirea unei oameni potriviți alături de noi, deoarece, deși exemplele de succes pare reușite individual, fiecare dintre ele este în realitate o construcție colectivă.",5,4,5,4,3,3,4
L,91,Romanian,RAG,q3_v91,"Ce sunt talente, pasiuni, valori, motivații și personalitatea în modelul TPVNP?",a3_v91,"Talente, pasiuni, valori, motivații și personalitatea în modelul TPVNP reprezintă elementele esențiale care formează o bună orientare personală și profesională. Talente sunt abilitățile naturale pe care le avem și care ne fac bine într-un domeniu. Pasiunile sunt interesele și activitățile care ne plimbă spre realizare și care ne fac să ne uităm la timpul de lucru ca la o activitate plină de interes. Valorile sunt credințele și principiile noastre care guvernează deciziile și acțiunile noastre, iar motivații sunt motivele care ne sprijină în realizarea obiectivelor noastre personale și profesionale. Personalitatea, în cele din urmă, reprezintă setul de trăsături înnăscute și dobândite care au o stabilitate semnificativă în timp și care ne identifică ca individ. Toate aceste elemente se alinează pentru a ne oferi o claritate și o direcție în calea de realizare a potențialelor noastre.",5,5,5,5,4,4,4
L,91,Romanian,MultiAgent-LLMChunking,q4_v91,Cum se pot identifica oportunitățile necesare pentru a se îmbină pasiunile și abilitățile personale într-o carieră?,a4_v91,"Oportunitățile necesare pentru a se îmbină pasiunile și abilitățile personale într-o carieră pot fi identificate prin explorarea mediului extern și a contextelor în care se locuiește persoana. Este important să se identifice comunități, întâlniri și situații de viață care oferă posibilități de creștere și aplicare a abilităților. Situațiile politice și economice pot oferi stimulente pentru noue împreună cu oportunități de schimb și colaborare. Prin urmare, oportunitatea nu vine doar ca o mereu accesibilă resursă, ci este un proces de descoperire și explorare, unde fiecare element - de la pasiunea personală până la situațiile externe - contribuie la formarea unei traiectorii profesionale echilibrate și durabile.",4,2,4,4,4,5,4
L,91,Romanian,SingleAgent,q2_v91,Ce sunt pasiunile în contextul modelului TPVNP?,a2_v91,Pasiiunile sunt elementele care ne interesează foarte tare și care pot include lucruri care ne captează atenția și ne vine să petrecem timp și să investim energie.,5,5,5,4,4,4,4
L,91,Romanian,DualAgent,q4_v91,"Care este procesul de orientare vocațională, conform descoperirilor din acest sezon?",a4_v91,"Procesul de orientare vocațională este un proces durat, nonliniar și structurat, care implica găsirea vocației, clarificarea pașilor necesarilor și a schimbărilor necesare, precum și utilizarea șanselor, mentorului, comunității și a contextului.",5,3,4,2,4,4,3
L,91,Romanian,RAG,q4_v91,Cum se intersecțiază talentele cu pasiunile pentru a găsi vocația?,a4_v91,"Talentele se intersecțiază cu pasiunile la intersecția între capacitățile personale și interesurile noastre, unde apare o mulțime de potențiale traiectorii profesionale. Pentru a găsi vocația, recomandăm să facem o listă a talentelor și pasiunilor noastre, să le intersecăm și să le filtrăm prin valorile și motivările cele mai puternice. Astfel, după eliminarea celor meniște relevante, rămânem cu câteva opt traiectorii profesionale. În cele din urmă, este important să avem atitudinea de a dori acestea și personalitatea necesară pentru a le realiza. De asemenea, sprijinul unui coach sau a unui consilier vocațional poate fi util în acest proces.",4,3,3,2,4,4,4
L,91,Romanian,MultiAgent-LLMChunking,q9_v91,Cum se pot intersecta talentele cu pasiunile și să se aplice acest filtru de valori și motive?,a9_v91,"Talentele și pasiunile pot fi intersectate folosind un abordare sistematică și reflexivă. Primul pas este identificarea propriilor talente, adică abilităților și competențelor pe care le avem. Apoi, este necesar să analizăm pasiunile noastre, cele activități pe care ne place să le facem și care ne inspiră. 


După aceea, trebuie să ne asigurăm că am înțeles valoarea și motivele pentru care facem acel lucru, ca să ne asigurăm că acestea sunt în aliniere cu ce ne importă în viața noastră. Fiecare dintre aceste elemente trebuie filtrată și combinată, înțelegând cum se pot suplementa reciproc pentru a ne conduce spre o vocație mai clare și mai satisfacționantă. 


Prin refacerea acestui proces de când în când, putem asigura că ne rămânem în aliniere cu noi înșiși și cu ceea ce ne este esențial în viața profesională.",4,2,4,3,4,5,5
L,91,Romanian,SingleAgent,q4_v91,Cum arată un proces de găsire a vocației conform modelului discutat?,a4_v91,"Un proces de găsire a vocației arată ca se identifică talente, pasiuni, valori și motivații, se intersectează acestea și se filtră pentru a determina opțiunile potențiale de cariere.",5,2,4,4,4,4,2
L,91,Romanian,DualAgent,q9_v91,Cum poate un individ reconfigura profesia sa și cum poate ajuta acest proces?,a9_v91,"Un individ poate reconfigura profesia sa prin utilizarea unor instrumente precum Excel, unde se listează talente, pasiuni, valori și motivații. Prin compararea acestor elemente, individul poate identifica zonele în care poate face diferență și începe să le dezvolte în mod mai intens. Processul de reconfigurare poate fi un proces personal și individual, dar poate beneficia de un coach care oferă perspective noi și sprijinul necesar pentru a ajunge la o traiectorie profesională mai clară și mai alinată cu valorile și pasiunile personale.",5,4,5,4,4,4,4
L,91,Romanian,RAG,q9_v91,Care este importanța unui proces structurat în găsirea vocației?,a9_v91,"Importanța unui proces structurat în găsirea vocației este mare, deoarece permite claritatea și reducerea confuziei în ceea ce privește identificarea propriei pasiuni și talente. Un astfel de proces oferă resurse interioare și ajută la restrângerea opțiunilor, menținând în minte personalitatea și valorile personale. Construirea unei cariere în jurul vocației necesită timp, perseverență și un sprijin colectiv, iar procesul de căutare a vocației este doar începutul, fiind essential să ne răbdăm și să fim deschizăriți la schimbările necesare.",5,2,5,4,5,4,5
L,92,Romanian,MultiAgent-LLMChunking,q1_v92,"În ceea ce privește procesul de începere a unui proiect, cum ar putea fi abordat pentru a reduce consumul de energie și obosița?",a1_v92,"În ceea ce privește procesul de începere a unui proiect, pentru a reduce consumul de energie și obosița, este important să se organizeze mai bine etapele proiectului. Antreprenorii sau soloprenorii ar trebui să se asigure că au o planificare clară și strukturală a activităților. În plus, delegarea responsabilităților și angajarea unor echipe poate contribui la îmbunătățirea eficienței și reducerea obosiței personale. În schimb, lucrați pe scurt și concentrați-vă pe lucruri importante, ceea ce va ajuta la menținerea energiei și mărirea eficienței.",2,3,4,4,5,4,4
L,92,Romanian,SingleAgent,q1_v92,Ce motivare a condus [PERSON_NAME] să pune capăt carierelor full time și să își asume riscurile pentru a porni pe cont propriu?,a1_v92,"[PERSON_NAME] simțea lipsa de pasiune și energie în zonă de publicitate și marketing, unde simțea că ajutarea oamenilor era limitată, în schimb de a ajuta la vinerea de bere.",4,3,5,1,5,4,1
L,92,Romanian,DualAgent,q1_v92,"Cum a început [PERSON_NAME] să se alinie cu punctele sale forțe, pasiunea, valorile și motivele?",a1_v92,"[PERSON_NAME] a început să se alinie cu punctele sale forțe, pasiunea, valorile și motivele când s-a renunțat la publicitate, s-a asumat riscurile financiare și a pornit în domeniul trainingului și coachingului pe calea soloprenoriatului. Această decizie l-a pus într-o perioadă de efort susținut, conxietate, entuziasm și mii de ore de muncă, dar a fost și momentul în care s-a simțit tot mai clar aliniert.",2,2,4,3,5,4,5
L,92,Romanian,RAG,q1_v92,"Ce înseamnă punctele forte, pasiunile, valori și motivațiile în ceea ce privește alinierea personală?",a1_v92,"Punctele forte, pasiunile, valori și motivațiile reprezintă elemente cheie care contribuiesc la alinierea personală. Punctele forte sunt abilități și caracteristici care ne pot face să fim eficiente și productive în anumite domenii. Pasiiunile sunt interesele și domeniile care ne inspiră și ne aduc plină satisfacție. Valori sunt credințele și principiile pe care le aderăm, care guvernează comportamentul nostru și deciziale noastre. Motivațiile ne propulsă în direcția unei mărci sau unui scop specific. La intersecția acestor factori, găsim calea noastră unică, ADN-ul vocațional, care ne permite să ne aliniamem cu activitatea noastră și să ne exprimem potențialul cel mai bun. Această aliniere este rezultatul unui efort susținut, consciencios și entuziasmat, care ne permite să realizăm obiectivele personale și profesionale.",5,2,4,3,5,4,5
L,92,Romanian,MultiAgent-LLMChunking,q3_v92,De ce este important să existe o nevoie de impact și de valorizare în procesul de formare?,a3_v92,"Există o nevoie de impact și de valorizare în procesul de formare pentru că aceasta oferă un sens mai profund activităților noastre. Când avem o cauză de care să fim orgulloși și o impactăm cu succes, am cunoștința că lucrurile noastre au fost folosite în mod eficient. Această sensibilitate de recunoaștere și valorizare ne ajută să ne confirmăm că muntea noastră este esențială și amănească noi cu o motivare suplimentară. Astfel, nevoia de sens și de valorizare ne conduce spre realizarea personajelor noastre și spre o mai mare satisfacție generală în ceea ce fac.",5,3,5,3,3,4,4
L,92,Romanian,SingleAgent,q3_v92,Ce rol a jucat structură și organizare în procesul de construire a resurselor virtuale ale lui [PERSON_NAME]?,a3_v92,"Structura și organizarea au jucat un rol crucial în construirea resurselor virtuale, cum ar fi slide-uri și prezentări de marketing, prin folosirea aplicației Evernote pentru gestionarea notițelor și informațiilor.",5,4,5,5,5,4,4
L,92,Romanian,DualAgent,q3_v92,Care sunt cele mai importante relații și formări pe care le-a avut [PERSON_NAME] și cum au influențat cariera sa?,a3_v92,[PERSON_NAME] menționează că relațiile profesionale și formările l-au dat orii și au rafinat competențele sale. Aceste elemente au fost fundamentale pentru a-l ajuta să construiască o carieră cu succes și să câștige premii precum Gold Awards pentru cel mai bun trainer din România și Silver pentru coach în 2019.,5,1,4,2,2,4,4
L,92,Romanian,RAG,q3_v92,Ce rol a jucat disciplina și prezența online în a ajuta primii clienți mari?,a3_v92,"Disciplina și prezența online au jucat un rol crucial în a ajuta primii clienți mari, contribuind la construirea unei reputații solide și deosebite online. Prin angajamentul constant și efortul depus în SEO și în crearea de conținut de calitate, [PERSON_NAME] a reușit să se facă cunoscut în spațiul online, ceea ce a atrăgit atenția primelor companii importante. Această visibilitate și competența demonstrată au fost determinante în a convoca primele contracte și în a începe ascensiunea profesională și personală.",5,4,4,4,3,5,4
L,92,Romanian,MultiAgent-LLMChunking,q7_v92,"În ceea ce privește nevoile personale, cum se pot combina pasiunea cu competențele necesare pentru a realiza un proiect?",a7_v92,"In ceea ce privește nevoile personale, pasiunea și competențele pot fi combinate prin integrarea personală și profesională a unui individ. Pasiunea oferă energie și impulz pentru a realiza un proiect, în timp ce competențele asigură structura și metodele necesare pentru a-l aduce la realizare. Nevoia de a fi competenți pe munca pe care o depun este esențială pentru a menține calitatea și perfeccionarea proiectului. În plus, valoarea puternică a autonomiei permite individualului să-și exprime pasiunea și să ia decizii care să-i ajungă mai aproape de obiectivele sale personale și profesionale.",5,3,4,3,4,4,4
L,92,Romanian,SingleAgent,q7_v92,Cum a influențat personalitatea lui [PERSON_NAME] la structurarea și organizarea resurselor pe care le a construit?,a7_v92,"Personalitatea lui [PERSON_NAME], caracterizată de etajul de thinker, a contribuit la structură și organizare prin utilizarea aplicației Evernote și gestionarea notițelor și informațiilor.",5,2,5,1,2,2,3
L,92,Romanian,DualAgent,q7_v92,Câte episoade are sezonul actual al seriei?,a7_v92,"Sezonul actual al seriei are 13 episoade, ceea ce este considerat un număr special pentru echipa producătorilor.",5,5,5,5,5,1,1
L,92,Romanian,RAG,q7_v92,Cum a ajuns [PERSON_NAME] la decizia de a participa la Gold Awards pentru cel mai bun trainer din România?,a7_v92,"[PERSON_NAME] a ajuns la decizia de a participa la Gold Awards pentru cel mai bun trainer din România prin aplicarea unei abordări consistente și de lungă durată în domeniul trainingului și coachingului. A îmbunătățit în continuare competențele prin relațiile profesionale și formările, iar acestea au contribuit la un grind constant în timpul anilor, cu peste 180 de zile de curs pe an. Această dedicație și perseverența au fost clucubul pentru obținerea acestui premiu în 2019.",5,2,5,4,5,3,3
L,105,Romanian,MultiAgent-LLMChunking,q5_v105,Cum poate un specialist din domeniul tehnologiei contribui la creșterea performanței echipei lui?,a5_v105,"Un specialist din domeniul tehnologiei poate contribui la creșterea performanței echipei lui prin inspirare și mobilizare a tuturor membrilor, asigurându-se că fiecare membru afluț în echipea lui se simtă motivat și implicat în proiectul comun. Este important să lucreze la alinierea celorlalte stakeholders, pentru a se asigura că toate angajamentele sunt în concordanță și că cadrul de lucru este eficient. În plus, un specialist trebuie să fie și manager al resurselor umane, oferind sprijin și formare continuă membrilor echipei, împotriva unei perspective strict tehnice. Astfel, specialistul poate nu doar să își aducă cunoștințele tehnice pe o nivel superior, ci și să contribuie la dezvoltarea echipei într-un mod mai om-orientat.",5,2,5,2,5,4,4
L,105,Romanian,SingleAgent,q5_v105,Ce este important în ceea ce privește alinierea rolului profesional cu punctele noastre de forță?,a5_v105,"Alinierea rolului cu punctele noastre de forță ne dă un avantaj competitiv, ca și cum plecăm din pole position într-o competiție.",4,4,4,4,4,2,2
L,105,Romanian,DualAgent,q5_v105,"Care sunt factorii cheie pentru a realiza o performanță cognitive bună, conform transcriției?",a5_v105,"Performanța cognitive buna se asigură prin o combinație de dopamină și adrenalină pentru energie și motivare, precum și prin funcționarea cortei prefrontale, care este esențială pentru imaginație, creativitate și decisii complexe. Aceste elemente sunt fundamentale pentru a fi într-un spațiu de tonus mental ridicat și de a putea rezolva probleme și colabora eficient cu alți oameni.",4,4,4,4,3,5,3
L,105,Romanian,RAG,q5_v105,"În cadrul unui proiect, cum arată un proiect, cum arată o activitate, cum se vede treaba pe la voi?",a5_v105,"În cadrul unui proiect, cum arată un proiect, cum arată o activitate, cum se vede treaba pe la voi? În cadrul unui proiect, cum arată un proiect, cum arată o activitate, cum se vede treaba pe la voi? În cadrul unui proiect, cum arată un proiect, cum arată o activitate, cum se vede treaba pe la voi? În cadrul unui proiect, cum arată un proiect, cum arată o activitate, cum se vede treaba pe la voi? În cadrul unui proiect, cum arată un proiect, cum arată o activitate, cum se vede treaba pe la voi? În cadrul unui proiect, cum arată un proiect, cum arată o activitate, cum se vede treaba pe la voi? În cadrul unui proiect, cum arată un proiect, cum arată o activitate, cum se vede treaba pe la voi? În cadrul unui proiect, cum arată un proiect, cum arată o activitate, cum se vede treaba pe la voi? În cadrul unui proiect, cum arată un proiect, cum arată o activitate, cum se vede treaba pe la voi? În cadrul unui proiect, cum arată un proiect, cum arată o activitate, cum se vede treaba pe la voi? În cadrul unui proiect, cum arată un proiect, cum arată o activitate, cum se vede treaba pe la voi? În cadrul unui proiect, cum arată un proiect, cum arată o activitate, cum se vede treaba pe la voi? În cadrul unui proiect, cum arată un proiect, cum arată o activitate, cum se vede treaba pe la voi? În cadrul unui proiect, cum arată un proiect, cum arată o activitate, cum se vede treaba pe la voi? În cadrul unui proiect, cum arată un proiect, cum arată o activitate, cum se vede treaba pe la voi? În cadrul unui proiect, cum arată un proiect, cum arată o activitate, cum se vede treaba pe la voi? În cadrul unui proiect, cum arată un proiect, cum arată o activitate, cum se vede treaba pe la voi? În cadrul unui proiect, cum arată un proiect, cum arată o activitate, cum se vede treaba pe la voi? În cadrul unui proiect, cum arată un proiect, cum arată o activitate, cum se vede treaba pe la voi? În cadrul unui proiect, cum arată un proiect, cum arată o activitate, cum se vede treaba pe la voi? În cadrul unui proiect, cum arată un proiect, cum arată o activitate, cum se vede treaba pe la voi? În cadrul unui proiect, cum arată un proiect, cum arată o activitate, cum se vede treaba pe la voi? În cadrul unui proiect, cum arată un proiect, cum arată o activitate, cum se vede treaba pe la voi? În cadrul unui proiect, cum arată un proiect, cum arată o activitate, cum se vede treaba pe la voi? În cadrul unui proiect, cum arată un proiect, cum arată o activitate, cum se vede treaba pe la voi? În cadrul unui proiect, cum arată un proiect, cum arată o activitate, cum se vede treaba pe la voi? În cadrul unui proiect, cum arată un proiect, cum arată o activitate, cum se vede treaba pe la voi? În cadrul unui proiect, cum arată un proiect, cum arată o activitate, cum se vede treaba pe la voi? În cadrul unui proiect, cum arată un proiect, cum arată o activitate, cum se vede treaba pe la voi? În cadrul unui proiect, cum arată un proiect, cum arată o activitate, cum se vede treaba pe la voi? În cadrul unui proiect, cum arată un proiect, cum arată o activitate, cum se vede treaba pe la voi? În cadrul unui proiect, cum arată un proiect, cum arată o activitate, cum se vede treaba pe la voi? În cadrul unui proiect, cum arată un proiect, cum arată o activitate, cum se vede treaba pe la voi? În cadrul unui proiect, cum arată un proiect, cum arată o activitate, cum se vede treaba pe la voi? În cadrul unui proiect, cum arată un proiect, cum arată o activitate, cum se vede treaba pe la voi? În cadr",4,1,4,1,1,2,1
L,105,Romanian,MultiAgent-LLMChunking,q6_v105,În ce fel valorile personale pot afecta relațiile de muncă și performanța profesională?,a6_v105,"Valorile personale pot afecta relațiile de muncă și performanța profesională în mod puternic, deoarece funcționează ca poli energetice în interiorul noastrului psihism. Dacă valorile noastre se înconjoară cu cerințe de muncă care conflictează cu acestea, cum ar fi obligarea la obediene în cazul unei valori precum libertatea, acest conflict poate duce la disconfort și eventual la părăsirea mediului de lucru. 


La fel, valorile noastre pot influența decizia de a rămâne sau de a pleca de la un angajator sau o companie. Dacă un manager este considerat necompetent și acest lucru contrazice valorile noastre privind competența, acesta poate duce la o percepție negativă și la o reducere a motivării personale pentru continuarea muncii.


În plus, valorile noastre nu sunt statice; ele se formează și se schimbă în timp, în funcție de experiențe și interacțiuni. Dacă, în timpul procesului de formare, o persoană a suferit lipsa de o anumită valoare, cum ar fi siguranța financiară, acest lucru poate duce la o atitudine extrem de protecționistă în această domeniu, chiar și atunci când situația a fost rezolvată.


Prin urmare, valorile personale pot avea un impact direct asupra relațiilor de muncă și performanței profesionale, deoarece sunt fundamentale în ceea ce privește satisfacția personală și a legăturilor cu colegii și managerii noștri.",5,2,5,5,4,4,4
L,105,Romanian,SingleAgent,q6_v105,Cum pot pasiunile noastre evolua în timp?,a6_v105,Pasiunile noastre pot evolua în funcție de circunstanțele și valorile contextuale.,5,4,5,3,4,4,1
L,105,Romanian,DualAgent,q6_v105,Cum poate modelul de Mind Architect ajuta indivizilor să găsească drumul profesional lor?,a6_v105,"Modelul de Mind Architect, menționat în transcriția, poate asigura că oamenii pot găsi drumul profesional lor, probabil prin stimularea abilităților de a rezolva probleme, entuziasmul față de subiect și creativitatea. Acestea sunt considerate aspecte importante pentru a intra într-un spațiu de tonus mental ridicat și pentru a avea o performanță cognitivă eficientă, care este esențială pentru a face progrese profesionale.",1,1,2,2,4,4,4
L,105,Romanian,RAG,q6_v105,Ce ar fi o potențială intersecție între comunicarea liberă și pasiunea pentru psihologie și neuroștiință?,a6_v105,"O potențială intersecție între comunicarea liberă și pasiunea pentru psihologie și neuroștiință ar putea fi crearea de conținut educațional și informativ, cum ar fi articole, podcasturi sau prezentări care abordează temele legate de psihologie și neuroștiință. Aceasta permite utilizatorului să își dezvolte abilitățile de comunicare într-un domeniu care îi interesează profund, alături de posibilitatea de a contribui în mod semnificativ la înțelegerea și popularizarea acestor domenii. Prin urmare, acesta poate combina talentul de a comunica eficient și pasiunea pentru a învăța și să împărtășească cunoștințele în acest spațiu, realizând o carieră interesantă și satisfăcătoare.",4,5,4,5,5,4,4
L,105,Romanian,MultiAgent-LLMChunking,q10_v105,"În ceea ce privește modelul, care dintre cele două caracteristici (talente sau puncte forte) este mai importantă?",a10_v105,"In ceea ce privește modelul, în mod normal, punctele forțe sunt mai importante decât talente. Talente pot fi dezvoltate și îmbunătățite prin efort și practică, dar dacă nu ai o punctă de forță, atunci dificultățile pot fi mult mai mari în procesul de dezvoltare.",4,4,4,4,4,4,4
L,105,Romanian,SingleAgent,q10_v105,Cum se pot schimba valorile noastre în timp?,a10_v105,"Valorile noastre se formează pe parcursul vieții, fie prin modelare, fie prin viduri, și pot evolua în funcție de valorile care prețuim.",5,5,5,2,4,4,2
L,105,Romanian,DualAgent,q10_v105,Cum ar trebui să se facă filtrarea pentru a se asigura că o carieră profesională este aliniată cu valorile noastre și pasiunile?,a10_v105,"Pentru a se asigura că o carieră este aliniată cu valorile și pasiunile, trebuie să se efectueze un filtrare care să ia în considerare pasiunile, talentele și valorile personale. Astfel, o decizie profesională va fi mai echilibrată și mai înalțată de succes.",5,2,2,2,3,3,3
L,105,Romanian,RAG,q10_v105,Cum se pot evalua valorile și motivațiile în alegerile profesionale?,a10_v105,"Valorile și motivațiile pot fi evaluate prin identificarea celor ce mă pasionează și ce valori am în perioada actuală a vieții. Primul pas este conștientizare, ceea ce înseamnă a identifica propriile talente, pașii și valorile pe care le avem. Valorile sunt pilonul mai constant și profunz, în timp ce motivațiile sunt mai variabile, dar pot schimba în cursul anilor. Este important să ținem cont de valorile noastre atunci când facem alegerile profesionale și când ne schimbăm de la o organizație la alta, pentru a ne asigura că suntem în aliniere cu ce prețuim. Acest proces este iterativ și trebuie continuat în fiecare etapă a carierii noastre.",5,4,5,5,5,4,4
L,111,Romanian,MultiAgent-LLMChunking,q3_v111,Cum se potriveau angajații cu imaginea și imaginea generală a brandului în timpul interviurilor?,a3_v111,"Angajații trebuiau să se potrivesc cu imaginea și imaginea generală a brandului, precum Bosch și Blaupunkt, și acest lucru se reflecta în modul în care se îmbrăcau, se purtau și participau la evenimente. Era esențial ca fiecare interviu să fie un reprezentant al brandului, aducând în aplicare principiile și valorile companiei.",5,5,4,5,5,4,4
L,111,Romanian,SingleAgent,q3_v111,Cum a început [PERSON_NAME] să lucreze la Robert Bosch SRL?,a3_v111,[PERSON_NAME] a început să lucreze la Robert Bosch SRL ca vicepreședinte și director general al firmei.,5,5,5,5,4,2,2
L,111,Romanian,DualAgent,q3_v111,Cum arată cercetarea privind beneficiile sportului în contextul performanței cognitive și a sănătății?,a3_v111,"Cercetarea menționează că sportul este benefic nu numai pentru reducerea încărcării mentale și îmbunătățirea memoriei, ci și pentru performanța cognitive, care este esențială în contextul businessului.",4,3,2,3,3,5,4
L,111,Romanian,RAG,q3_v111,Cum arată liderul care poate aduce oamenii împreună într-o organizație?,a3_v111,"Liderul care poate aduce oamenii împreună într-o organizație trebuie să aibă capacitatea de a interacționa rapid și eficient fără să creadă o barieră. Ar trebui să fie dispus să concilieze conflicte, să arbitreze dispute și să ia decizii rapide când e necesar. De asemenea, acest lider ar trebui să aibă încredere în membrii echipei și să le susțină, oferindu-le posibilitatea de a aduce direct contribuția lor la soluționarea problemelor. Este esențial că acest tip de liderage promovează inclusivitatea și diversitatea în toate formele sale, inclusiv între generații și genuri.",5,3,5,2,4,5,4
L,111,Romanian,MultiAgent-LLMChunking,q7_v111,Cum ar trebui să se gestioneze primele zile într-un nou loc de muncă?,a7_v111,"Primele zile într-un nou loc de muncă sunt cruciale și necesită o abordare structurată. Pentru a gestiona aceste zile eficient, trebuie să te pregătești atât pe plan personal, cât și pe plan administrativ. Începeți cu preluarea tuturor documentelor necesare, cum ar fi permisiile de serviciu și de muncă. Este important să te ducă în locul de muncă pentru a-ți face față cu birou, locuință și celelalte resurse disponibile. 


Însă, nu doar asta. Este esențial să te așezi terenul și să pregătești locul pe care te duci. Familiile, dacă sunt cu tine, trebuie să aibă un loc unde să se așeze și să funcționeze confortabil. În plus, este recomandabil să faci o excursie de orientare, pentru a-ți permite să te familiarizezi cu localitatea și să poți evalua dacă locul este potrivit pentru tine și pentru familia ta.


De asemenea, citiți documentele oferite de compania ta, cum ar fi buletinul informativ, pentru a-ți primi informații utilizabile. În cele din urmă, primele zile sunt o oportunitate de a te adapta și de a-ți construi relații, astfel încât să poți începe activul cu pielea băgată în noaptea întâia.",5,2,5,3,5,5,4
L,111,Romanian,SingleAgent,q7_v111,Cum a ajuns [PERSON_NAME] la Robert Bosch SRL?,a7_v111,[PERSON_NAME] a ajuns la Robert Bosch SRL prin intermediul unui joint venture cu o firmă germană.,5,5,4,3,4,2,2
L,111,Romanian,DualAgent,q7_v111,Cât de importanta era atitudinea pozitivă și relaxată în timpul unui interviu de locuitie?,a7_v111,"Atitudinea pozitivă și relaxată, precum și păsarea contactului vizual, au fost considerate factori cheie pentru a face o impresie bună în timpul unui interviu. În acest caz, interviuatoarea a menționat că a fost foarte naturală și relaxată, răspunzând prompt întrebărilor, fără stres și cu o atitudine transparentă, ceea ce a fost valoarea sa principală în interviul respectiv.",4,4,2,5,5,4,4
L,111,Romanian,RAG,q7_v111,Care este impactul unui environnement multicultural și divers pe dezvoltarea unei cariere?,a7_v111,"Impactul unui environnement multicultural și divers pe dezvoltarea unei cariere este considerabil. Diversitatea ajută la gestionarea din punct de vedere al liderării unei organizații, deoarece oferă o perspectivă unică și o abordare diversă la problemele organizatorice. Într-un mediu divers, se pot învăța multe lucruri de la colegii de diferite generații, cum ar fi Gen Y și Gen X, care au experiențe și perspective unice. Baby boomers, la care și eu fac parte, au fost cunoscute pentru răbdarea lor în construirea carierelor lor, dar astăzi toată lumea vrea să se îmbunătățească rapid și să vede rezultatele imediate. Acest lucru subliniază importanța adaptabilității și flexibilității în managementul carierei. Sportul și practica sporturilor pot ajuta la menținerea echilibriului mental și fizic necesar pentru succes într-o carieră lungă și complexă.",2,2,2,4,2,4,3
L,111,Romanian,MultiAgent-LLMChunking,q8_v111,În ce consistă cultura de feedback bine implementată într-o organizare?,a8_v111,"Culturea de feedback bine implementată într-o organizare implică un proces în care feedback-ul este considerat o parte normală și construcțivă a procesului de lucru. În această abordare, nimeni nu este judecat sau responsabilizat pe termen lung pentru greșeli, ci se valorizează învățarea și ajustarea. În plus, această cultură promovează o încredere reciprocă, în care angajații sunt stimulați să se exprime liber și să facă propria contribuție la proiectele comune.


Într-o astfel de organizare, se respectă principiile urmărite:


1. **Încredere:** Angajații sunt încredințați că greșelile sunt o parte normală a procesului de învățare și nu necesită pedepse sau punerea la zid.
2. **Feedback constructiv:** Feedback-ul este oferit în mod constructiv și în scopul de îmbunătățire, nu de critică.
3. **Abordarea greșelilor ca o lecție:** Greșelile sunt văzute ca oportunități de învățare și nu ca echivalente de calitate.
4. **Supravegherea continuă:** În loc să așteptăm la momentul adecvat pentru feedback, se promovează o abordare continuă și directă.
5. **Adoptarea culturii învățării vieții întregi:** Angajații sunt motivați să se apropie de un statut de învățător perpetu, unde feedback-ul este o resursă esențială pentru creșterea personală și profesională.


Practicând această abordare, organizarea își creează un mediu favorabil pentru inovație și dezvoltarea angajaților, în care fiecare membru așteaptă oportunități pentru a învăța și să contribuie eficient.",4,4,5,5,5,4,4
L,111,Romanian,SingleAgent,q8_v111,Care sunt principalele proiecte pe care [PERSON_NAME] le-a luat în timpul carierii sale la Robert Bosch SRL?,a8_v111,"Principalele proiecte pe care [PERSON_NAME] le-a luat în timpul carierii sale la Robert Bosch SRL includ proiectele pentru România, Egipt, țările din Golf, Iran, și alte locații din zonă.",5,5,5,5,4,1,1
L,111,Romanian,DualAgent,q8_v111,Care era rolul companiei în pregătirea angajaților înainte de înaintarea lor în piață?,a8_v111,"Compania se asigură că angajații erau bineșcolitați în teoria și practica activităților comerciale, înțelegând toate aspectele produselor, ofertei și rețelei de distribuție, pentru a le pregăti eficient pentru activitatea lor în piață.",5,4,4,4,4,4,4
L,111,Romanian,RAG,q8_v111,Cum arată o atitudine de înțelegere și empatie în contextul unui loc de muncă și cariere lungă?,a8_v111,"O atitudine de înțelegere și empatie în contextul unui loc de muncă și cariere lungă ar arăta prin susținerea colegilor și creșterea încredérii reciproce. Într-un loc de muncă, un lider empatic oferă sprijin și oarecare orientare, iar oamenii trebuie să se simtă încredințați că liderii țin spatele lor și le ascultă atent. Este esențial să fie dispus să concilieze dispute și să ia decizii rapide când este necesar. În plus, oamenii trebuie să simtă că pot lucra autonom, cunoscând faptul că liderii le ascultă și le înțelege. Într-o carieră lungă, susținerea continuă și investirea în dezvoltarea personală a colegilor sunt fundamentale. Un lider eficient știe să promoveze o interacțiune continuă și să asculte cu atenție opinii și preocupări, stabilind un echilibru între rolul profesional și personal.",4,4,4,4,5,5,4
L,120,Romanian,MultiAgent-LLMChunking,q2_v120,Cînd ai înțeles că abilitatea ta de a comunica era un factor cheie în succesul tău?,a2_v120,"Cînd am devenit manager în publicitate într-un departament de strategie, acum vreo 8 ani, 8 ani și ceva, am înțeles că abilitatea mea de a comunica era un factor cheie în succesul meu. Toate activitățile pe care le-am menționat se bazează pe această abilitate, fiind esențială pentru a comunica ușor și eficient în fața altora.",5,5,5,4,4,4,5
L,120,Romanian,SingleAgent,q2_v120,Ce sunt cele cinci dimensiuni măsurate de testul Big Five?,a2_v120,"Cele cinci dimensiuni măsurate de testul Big Five sunt: deschidere (O), conștienciozitate (C), extroversie (E), introversie (N), și neuroticism (A).",5,5,5,5,5,4,2
L,120,Romanian,DualAgent,q2_v120,Care este conceptul de bază al vitezei în contextul fizicii?,a2_v120,"Conceptul de bază al vitezei în fizică reprezintă distanța parcursă de un corp într-un interval de timp. În acest caz, termenul ""velocity"" apare repetat, sugerând faptul că vorbim despre o idee centrală care este consistentă în timp, indicând importanța vitezei ca un parametru fundamental în studierea mișcărilor și moțiunilor.",5,4,3,4,5,2,1
L,120,Romanian,RAG,q2_v120,Care sunt diferențele între pasiunile și personalitatea?,a2_v120,"Diferențele între pasiunile și personalitatea se pot explica astfel:


Pasiunile sunt activități sau domenii pe care le urmărim sau facem cu plăcere, din care ne luăm satisfacție, și care pot să se modifice în timp. Sunt legate de interese temporare și de emoții care pot crește sau scăpa în funcție de circumstanțe. Pasiunile pot include activități precum fotografie, scris, volei, dans, animale, botanică, inginerie și așa mai departe.


Personalitatea, în schimb, reprezintă un set de caracteristici stabil și consistent pe termen lung care definiște cine suntem. Este structurată de valori, interesuri și conducte care reprezintă un aspect constant al identității noastre. Valori precum învățarea, hedonism, corectitudinea, libertatea, recunoașterea, fairness, empatia și așa mai departe, pot fi parte integrantă a personalității.


E important să ținem cont de pasiunile noastre în alegerea traiectoriei profesionale, dar trebuie să ne asigurăm că personalitatea noastră servește ca stea polară principală, deoarece personalitatea are o constanță mult mai mare decât pasiunile. Personalitatea ne oferă o bază stabilită pe care să o folosim pentru a ne orienta și să ne asigurăm că traiectoria noastră profesională este în conformitate cu ce e important pentru noi în termen lung.",4,4,5,5,5,4,4
L,120,Romanian,MultiAgent-LLMChunking,q7_v120,Cum poate ajuta un instrument ca Viamie.org în ceea ce privește identificarea propriei abilități și calități?,a7_v120,"Un instrument ca Viamie.org poate ajuta în ceea ce privește identificarea propriilor abilități și calități prin oferirea unui evaluare obiectivă și personalizată. De exemplu, instrumentul a ajutat utilizatorul să descopere trei puncte forțe importante ale sale: talentul, bunătatea, perspectiva și inteligenta socială. Prin urmare, acest tip de instrumenti poate fi util în procesul de explorare a propriei potențiale și în identificarea domeniilor unde putem dezvolta și mai mult abilitățile noastre.",5,5,5,4,4,4,4
L,120,Romanian,SingleAgent,q7_v120,Cum ar putea contribui pasiunile în alegerea traiectoriei profesionale?,a7_v120,"Pasiunile ar putea contribui la alegerea traiectoriei profesionale, dar nu trebuie să fie principala gara, deoarece pasiunile pot schimba în timp, în timp ce personalitate, puncte forțe și valori au un grad mai mare de constanță.",5,5,5,5,3,4,2
L,120,Romanian,DualAgent,q7_v120,"Care este un punct de stres al personalității autoriului, conform informațiilor din text?",a7_v120,"Un punct de stres al personalității autoriului este interacțiunea cu obiecte, laptopuri și taskuri, pentru că el este o persoană extrovertită și necesită interacțiune cu oameni pentru a se simți energizat.",4,4,5,5,5,3,3
L,120,Romanian,RAG,q7_v120,"Cum ar putea un test de personalitate, cum ar fi MBTI, să ajute în ceea ce privește cunoștința personalității?",a7_v120,"Un test de personalitate precum MBTI poate ajuta în ceea ce privește cunoștința personalității prin măsurarea a patru componente fundamentale. Prima dimensiune măsoară diferența dintre introvert și extrovert, care influențează modul în care oamenii interacționează cu lumea. A doua dimensiune implica preferința pentru a observa detalii sau să ia perspectivele generale. A treia dimensiune se referă la modul în care se ia decizii, fie bazate pe date concrete sau pe intuție asociativă. A patra dimensiune măsoară nevoia de control și predictibilitate sau flexibilitatea în gestionarea sarcinilor.


Prin utilizarea acestor informații, un individ poate mai bine înțelege propria personalitate și cum să se concentreze pe domeniile în care poate dezvolta abilitățile. De asemenea, acest test poate servi ca un cadru pentru a identifica ceva în care merită să se concentreze pentru a învăța sau pentru a face mai mari eforturi. În plus, testul poate contribui la clarificarea unei imagini personale și la crearea unui brand personal care să reflecte valorile și pasiunile specifice ale unui individ, ceea ce este esențial în dezvoltarea profesională.",4,4,4,4,4,5,5
L,120,Romanian,MultiAgent-LLMChunking,q9_v120,Cum ar putea ajuta un test de valori în ceea ce privește identificarea valorilor personale?,a9_v120,"Un test de valori, cum ar fi MVPI, poate ajuta în identificarea valorilor personale prin oferirea unui cadru clar pentru evaluarea preferințelor și priorităților unei persoane. Prin realizarea acestui test, o persoană poate descoperi ce valorile sunt cele mai importante pentru ei și cum acestea pot influența decizările și comportamentul lor. Astfel, acest tip de test își poate folosi ca un instrument de autoconștientare, ceea ce îi permite să-și aducă mai multe coerență în viața profesională și personală.",5,4,5,4,4,4,4
L,120,Romanian,SingleAgent,q9_v120,Cum ar putea o personalitate influența abordarea la construirea unei cariere profesionale?,a9_v120,"Personalitatea ar putea influența abordarea la construirea unei cariere profesionale prin identificarea punctelor forțe și pasiunilor, care pot fi utilizate pentru a crea o traiectorie profesională corespunzătoare.",5,4,4,5,4,5,4
L,120,Romanian,DualAgent,q9_v120,Care este importanța identificării punctelor forței când se construiește parcursul profesional?,a9_v120,"Identificarea punctelor forței este esențială pentru a construi un parcurs profesional de succes, deoarece acestea oferă stabilitate și continuitate în timp. Oamenii care lucrează pe puncte forțe naturale lor se simțesc mai confortați și mai prodici. Dacă o persoană nu are o abilitate clară într-un domeniu, poate înseamna că el/ela trebuie să lucreze din mijlocul plutonului, dar, prin muncă și efort suficient, poate aduce valoarea.",4,3,5,4,4,5,4
L,120,Romanian,RAG,q9_v120,Ce este Process Communication Model (PCM) și cum măsoară personalitatea?,a9_v120,"Process Communication Model (PCM) este o metodologie care măsoară cât de puternic energizate și manifestate sunt șase straturi ale personalității noastre. Aceste straturi au ca scop să ne ajute să înțelegem cum ne comportăm în diferite situații și cum ne adaptăm la anumite puncte forțe, nevoi și abordări, indiferent de sarcina pe care o întreprinzem. PCM ne oferă o perspective unică asupra personalității noastre și ne ajută să ne dezvoltăm în cadrul echipei și în viața noastră de zi cu zi.


Testul Big Five, sau Ocean, măsoară alte dimensiuni ale personalității, precum deschiderea, conștienciozitatea, extroversia, amenințarea și neuroticismul. Acestea reprezintă un alt set de caracteristici care pot fi folosite pentru a înțelege și a dezvolta personalitatea noastră în mod mai eficient.


În concluzie, Process Communication Model și testul Big Five sunt două instrumente importante care ne ajută să înțelegem mai bine personalitatea noastră și să ne adaptem la diferite situații și sarcini.",5,4,4,5,5,3,4
